"Store","Date","actual_sales","split","ts_forecast","ma_forecast","ensemble_forecast","ts_blend_weight","ma_blend_weight","ensemble_error","abs_error","ape","upper_95","lower_95"
1,"2013-01-18",4127,"train","4737","4825","4780","0.511","0.489","-653","653","15.82","6553","3007"
1,"2013-01-19",5182,"train","4916","5004","4959","0.511","0.489","223","223","4.30","6732","3186"
1,"2013-01-21",5394,"train","5156","5244","5199","0.511","0.489","195","195","3.62","6972","3426"
1,"2013-01-22",5720,"train","4656","4744","4699","0.511","0.489","1021","1021","17.85","6472","2926"
1,"2013-01-23",5578,"train","4509","4596","4552","0.511","0.489","1026","1026","18.39","6325","2779"
1,"2013-01-24",5195,"train","4421","4510","4465","0.511","0.489","730","730","14.05","6238","2692"
1,"2013-01-25",5586,"train","4736","4825","4780","0.511","0.489","806","806","14.43","6553","3007"
1,"2013-01-26",5598,"train","4914","5004","4958","0.511","0.489","640","640","11.43","6731","3185"
1,"2013-01-28",4055,"train","5154","5244","5198","0.511","0.489","-1143","1143","28.19","6971","3425"
1,"2013-01-29",3725,"train","4655","4744","4699","0.511","0.489","-974","974","26.15","6472","2926"
1,"2013-01-30",4601,"train","4508","4596","4551","0.511","0.489","50","50","1.09","6324","2778"
1,"2013-01-31",4709,"train","4420","4510","4464","0.511","0.489","245","245","5.20","6237","2691"
1,"2013-02-01",5633,"train","4946","4825","4887","0.511","0.489","746","746","13.24","6660","3114"
1,"2013-02-02",5970,"train","5125","5004","5066","0.511","0.489","904","904","15.14","6839","3293"
1,"2013-02-04",7032,"train","5365","5244","5306","0.511","0.489","1726","1726","24.54","7079","3533"
1,"2013-02-05",6049,"train","4866","4744","4806","0.511","0.489","1243","1243","20.55","6579","3033"
1,"2013-02-06",6140,"train","4719","4596","4659","0.511","0.489","1481","1481","24.12","6432","2886"
1,"2013-02-07",5499,"train","4630","4510","4571","0.511","0.489","928","928","16.88","6344","2798"
1,"2013-02-08",5681,"train","4945","4825","4886","0.511","0.489","795","795","13.99","6659","3113"
1,"2013-02-09",5370,"train","5124","5004","5065","0.511","0.489","305","305","5.68","6838","3292"
1,"2013-02-11",4409,"train","5364","5244","5305","0.511","0.489","-896","896","20.32","7078","3532"
1,"2013-02-12",4015,"train","4864","4744","4805","0.511","0.489","-790","790","19.68","6578","3032"
1,"2013-02-13",4252,"train","4717","4596","4658","0.511","0.489","-406","406","9.55","6431","2885"
1,"2013-02-14",4241,"train","4629","4510","4571","0.511","0.489","-330","330","7.78","6344","2798"
1,"2013-02-15",4809,"train","4944","4825","4886","0.511","0.489","-77","77","1.60","6659","3113"
1,"2013-02-16",6154,"train","5123","5004","5065","0.511","0.489","1089","1089","17.70","6838","3292"
1,"2013-02-18",6407,"train","5362","5244","5304","0.511","0.489","1103","1103","17.22","7077","3531"
1,"2013-02-19",5386,"train","4863","4744","4805","0.511","0.489","581","581","10.79","6578","3032"
1,"2013-02-20",5660,"train","4716","4596","4657","0.511","0.489","1003","1003","17.72","6430","2884"
1,"2013-02-21",5261,"train","4628","4510","4570","0.511","0.489","691","691","13.13","6343","2797"
1,"2013-02-22",5000,"train","4943","4825","4885","0.511","0.489","115","115","2.30","6658","3112"
1,"2013-02-23",5237,"train","5121","5004","5064","0.511","0.489","173","173","3.30","6837","3291"
1,"2013-02-25",4038,"train","5361","5244","5304","0.511","0.489","-1266","1266","31.35","7077","3531"
1,"2013-02-26",3794,"train","4862","4744","4804","0.511","0.489","-1010","1010","26.62","6577","3031"
1,"2013-02-27",4558,"train","4715","4596","4657","0.511","0.489","-99","99","2.17","6430","2884"
1,"2013-02-28",4676,"train","4626","4510","4569","0.511","0.489","107","107","2.29","6342","2796"
1,"2013-03-01",4611,"train","5167","4825","5000","0.511","0.489","-389","389","8.44","6773","3227"
1,"2013-03-02",5350,"train","5346","5004","5179","0.511","0.489","171","171","3.20","6952","3406"
1,"2013-03-04",7675,"train","5586","5244","5419","0.511","0.489","2256","2256","29.39","7192","3646"
1,"2013-03-05",6300,"train","5087","4744","4919","0.511","0.489","1381","1381","21.92","6692","3146"
1,"2013-03-06",5973,"train","4939","4596","4771","0.511","0.489","1202","1202","20.12","6544","2998"
1,"2013-03-07",5637,"train","4851","4510","4684","0.511","0.489","953","953","16.91","6457","2911"
1,"2013-03-08",5853,"train","5166","4825","4999","0.511","0.489","854","854","14.59","6772","3226"
1,"2013-03-09",5578,"train","5345","5004","5178","0.511","0.489","400","400","7.17","6951","3405"
1,"2013-03-11",4949,"train","5585","5244","5418","0.511","0.489","-469","469","9.48","7191","3645"
1,"2013-03-12",3853,"train","5085","4744","4918","0.511","0.489","-1065","1065","27.64","6691","3145"
1,"2013-03-13",4341,"train","4938","4596","4771","0.511","0.489","-430","430","9.91","6544","2998"
1,"2013-03-14",5108,"train","4850","4510","4684","0.511","0.489","424","424","8.30","6457","2911"
1,"2013-03-15",4925,"train","5165","4825","4999","0.511","0.489","-74","74","1.50","6772","3226"
1,"2013-03-16",5003,"train","5343","5004","5177","0.511","0.489","-174","174","3.48","6950","3404"
1,"2013-03-18",7072,"train","5583","5244","5417","0.511","0.489","1655","1655","23.40","7190","3644"
1,"2013-03-19",6563,"train","5084","4744","4918","0.511","0.489","1645","1645","25.06","6691","3145"
1,"2013-03-20",5598,"train","4937","4596","4770","0.511","0.489","828","828","14.79","6543","2997"
1,"2013-03-21",5179,"train","4849","4510","4683","0.511","0.489","496","496","9.58","6456","2910"
1,"2013-03-22",5506,"train","5163","4825","4998","0.511","0.489","508","508","9.23","6771","3225"
1,"2013-03-23",5603,"train","5342","5004","5177","0.511","0.489","426","426","7.60","6950","3404"
1,"2013-03-25",6729,"train","5582","5244","5417","0.511","0.489","1312","1312","19.50","7190","3644"
1,"2013-03-26",6686,"train","5083","4744","4917","0.511","0.489","1769","1769","26.46","6690","3144"
1,"2013-03-27",6660,"train","4936","4596","4770","0.511","0.489","1890","1890","28.38","6543","2997"
1,"2013-03-28",7285,"train","4847","4510","4682","0.511","0.489","2603","2603","35.73","6455","2909"
1,"2013-03-30",7132,"train","5341","5004","5176","0.511","0.489","1956","1956","27.43","6949","3403"
1,"2013-04-02",5484,"train","4717","4744","4730","0.511","0.489","754","754","13.75","6503","2957"
1,"2013-04-03",4625,"train","4570","4596","4583","0.511","0.489","42","42","0.91","6356","2810"
1,"2013-04-04",4293,"train","4481","4510","4495","0.511","0.489","-202","202","4.71","6268","2722"
1,"2013-04-05",4390,"train","4796","4825","4810","0.511","0.489","-420","420","9.57","6583","3037"
1,"2013-04-06",5075,"train","4975","5004","4989","0.511","0.489","86","86","1.69","6762","3216"
1,"2013-04-08",6046,"train","5215","5244","5229","0.511","0.489","817","817","13.51","7002","3456"
1,"2013-04-09",5514,"train","4716","4744","4730","0.511","0.489","784","784","14.22","6503","2957"
1,"2013-04-10",4903,"train","4568","4596","4582","0.511","0.489","321","321","6.55","6355","2809"
1,"2013-04-11",4366,"train","4480","4510","4495","0.511","0.489","-129","129","2.95","6268","2722"
1,"2013-04-12",5263,"train","4795","4825","4810","0.511","0.489","453","453","8.61","6583","3037"
1,"2013-04-13",4773,"train","4974","5004","4989","0.511","0.489","-216","216","4.53","6762","3216"
1,"2013-04-15",3941,"train","5214","5244","5229","0.511","0.489","-1288","1288","32.68","7002","3456"
1,"2013-04-16",3357,"train","4714","4744","4729","0.511","0.489","-1372","1372","40.87","6502","2956"
1,"2013-04-17",3649,"train","4567","4596","4581","0.511","0.489","-932","932","25.54","6354","2808"
1,"2013-04-18",2952,"train","4479","4510","4494","0.511","0.489","-1542","1542","52.24","6267","2721"
1,"2013-04-19",4303,"train","4794","4825","4809","0.511","0.489","-506","506","11.76","6582","3036"
1,"2013-04-20",4350,"train","4972","5004","4988","0.511","0.489","-638","638","14.67","6761","3215"
1,"2013-04-22",5672,"train","5212","5244","5228","0.511","0.489","444","444","7.83","7001","3455"
1,"2013-04-23",4492,"train","4713","4744","4728","0.511","0.489","-236","236","5.25","6501","2955"
1,"2013-04-24",4309,"train","4566","4596","4581","0.511","0.489","-272","272","6.31","6354","2808"
1,"2013-04-25",3939,"train","4478","4510","4494","0.511","0.489","-555","555","14.09","6267","2721"
1,"2013-04-26",4841,"train","4792","4825","4808","0.511","0.489","33","33","0.68","6581","3035"
1,"2013-04-27",5726,"train","4971","5004","4987","0.511","0.489","739","739","12.91","6760","3214"
1,"2013-04-29",5821,"train","5211","5244","5227","0.511","0.489","594","594","10.20","7000","3454"
1,"2013-04-30",5925,"train","4712","4744","4728","0.511","0.489","1197","1197","20.20","6501","2955"
1,"2013-05-02",6486,"train","4638","4510","4575","0.511","0.489","1911","1911","29.46","6348","2802"
1,"2013-05-03",6027,"train","4952","4825","4890","0.511","0.489","1137","1137","18.87","6663","3117"
1,"2013-05-04",5912,"train","5131","5004","5069","0.511","0.489","843","843","14.26","6842","3296"
1,"2013-05-06",4568,"train","5371","5244","5309","0.511","0.489","-741","741","16.22","7082","3536"
1,"2013-05-07",4624,"train","4872","4744","4809","0.511","0.489","-185","185","4.00","6582","3036"
1,"2013-05-08",5230,"train","4724","4596","4661","0.511","0.489","569","569","10.88","6434","2888"
1,"2013-05-10",5409,"train","4951","4825","4889","0.511","0.489","520","520","9.61","6662","3116"
1,"2013-05-11",5064,"train","5130","5004","5068","0.511","0.489","-4","4","0.08","6841","3295"
1,"2013-05-13",6106,"train","5370","5244","5308","0.511","0.489","798","798","13.07","7081","3535"
1,"2013-05-14",5083,"train","4871","4744","4809","0.511","0.489","274","274","5.39","6582","3036"
1,"2013-05-15",4790,"train","4723","4596","4661","0.511","0.489","129","129","2.69","6434","2888"
1,"2013-05-16",4448,"train","4635","4510","4574","0.511","0.489","-126","126","2.83","6347","2801"
1,"2013-05-17",4856,"train","4950","4825","4889","0.511","0.489","-33","33","0.68","6662","3116"
1,"2013-05-18",4413,"train","5129","5004","5068","0.511","0.489","-655","655","14.84","6841","3295"
1,"2013-05-21",4789,"train","4870","4744","4808","0.511","0.489","-19","19","0.40","6581","3035"
1,"2013-05-22",3559,"train","4722","4596","4660","0.511","0.489","-1101","1101","30.94","6433","2887"
1,"2013-05-23",4030,"train","4634","4510","4573","0.511","0.489","-543","543","13.47","6346","2800"
1,"2013-05-24",4232,"train","4949","4825","4888","0.511","0.489","-656","656","15.50","6661","3115"
1,"2013-05-25",4408,"train","5128","5004","5067","0.511","0.489","-659","659","14.95","6840","3294"
1,"2013-05-27",5519,"train","5367","5244","5307","0.511","0.489","212","212","3.84","7080","3534"
1,"2013-05-28",4995,"train","4868","4744","4807","0.511","0.489","188","188","3.76","6580","3034"
1,"2013-05-29",5784,"train","4721","4596","4660","0.511","0.489","1124","1124","19.43","6433","2887"
1,"2013-05-31",7893,"train","4948","4825","4888","0.511","0.489","3005","3005","38.07","6661","3115"
1,"2013-06-01",5693,"train","4825","5004","4913","0.511","0.489","780","780","13.70","6686","3140"
1,"2013-06-03",5422,"train","5064","5244","5152","0.511","0.489","270","270","4.98","6925","3379"
1,"2013-06-04",5220,"train","4565","4744","4653","0.511","0.489","567","567","10.86","6426","2880"
1,"2013-06-05",5012,"train","4418","4596","4505","0.511","0.489","507","507","10.12","6278","2732"
1,"2013-06-06",4881,"train","4330","4510","4418","0.511","0.489","463","463","9.49","6191","2645"
1,"2013-06-07",4315,"train","4645","4825","4733","0.511","0.489","-418","418","9.69","6506","2960"
1,"2013-06-08",4262,"train","4823","5004","4912","0.511","0.489","-650","650","15.25","6685","3139"
1,"2013-06-10",4291,"train","5063","5244","5152","0.511","0.489","-861","861","20.07","6925","3379"
1,"2013-06-11",3784,"train","4564","4744","4652","0.511","0.489","-868","868","22.94","6425","2879"
1,"2013-06-12",3563,"train","4417","4596","4505","0.511","0.489","-942","942","26.44","6278","2732"
1,"2013-06-13",3661,"train","4328","4510","4417","0.511","0.489","-756","756","20.65","6190","2644"
1,"2013-06-14",4150,"train","4643","4825","4732","0.511","0.489","-582","582","14.02","6505","2959"
1,"2013-06-15",4766,"train","4822","5004","4911","0.511","0.489","-145","145","3.04","6684","3138"
1,"2013-06-17",5337,"train","5062","5244","5151","0.511","0.489","186","186","3.49","6924","3378"
1,"2013-06-18",4633,"train","4563","4744","4652","0.511","0.489","-19","19","0.41","6425","2879"
1,"2013-06-19",4180,"train","4415","4596","4504","0.511","0.489","-324","324","7.75","6277","2731"
1,"2013-06-20",5011,"train","4327","4510","4416","0.511","0.489","595","595","11.87","6189","2643"
1,"2013-06-21",5173,"train","4642","4825","4731","0.511","0.489","442","442","8.54","6504","2958"
1,"2013-06-22",4341,"train","4821","5004","4910","0.511","0.489","-569","569","13.11","6683","3137"
1,"2013-06-24",3549,"train","5061","5244","5150","0.511","0.489","-1601","1601","45.11","6923","3377"
1,"2013-06-25",4536,"train","4561","4744","4650","0.511","0.489","-114","114","2.51","6423","2877"
1,"2013-06-26",3827,"train","4414","4596","4503","0.511","0.489","-676","676","17.66","6276","2730"
1,"2013-06-27",3593,"train","4326","4510","4416","0.511","0.489","-823","823","22.91","6189","2643"
1,"2013-06-28",4407,"train","4641","4825","4731","0.511","0.489","-324","324","7.35","6504","2958"
1,"2013-06-29",5804,"train","4819","5004","4909","0.511","0.489","895","895","15.42","6682","3136"
1,"2013-07-01",5614,"train","5096","5244","5168","0.511","0.489","446","446","7.94","6941","3395"
1,"2013-07-02",5868,"train","4597","4744","4669","0.511","0.489","1199","1199","20.43","6442","2896"
1,"2013-07-03",5875,"train","4450","4596","4521","0.511","0.489","1354","1354","23.05","6294","2748"
1,"2013-07-04",5701,"train","4362","4510","4434","0.511","0.489","1267","1267","22.22","6207","2661"
1,"2013-07-05",4986,"train","4676","4825","4749","0.511","0.489","237","237","4.75","6522","2976"
1,"2013-07-06",4090,"train","4855","5004","4928","0.511","0.489","-838","838","20.49","6701","3155"
1,"2013-07-08",4475,"train","5095","5244","5168","0.511","0.489","-693","693","15.49","6941","3395"
1,"2013-07-09",4047,"train","4596","4744","4668","0.511","0.489","-621","621","15.34","6441","2895"
1,"2013-07-10",3963,"train","4449","4596","4521","0.511","0.489","-558","558","14.08","6294","2748"
1,"2013-07-11",4053,"train","4360","4510","4433","0.511","0.489","-380","380","9.38","6206","2660"
1,"2013-07-12",4134,"train","4675","4825","4748","0.511","0.489","-614","614","14.85","6521","2975"
1,"2013-07-13",4015,"train","4854","5004","4927","0.511","0.489","-912","912","22.71","6700","3154"
1,"2013-07-15",6377,"train","5094","5244","5167","0.511","0.489","1210","1210","18.97","6940","3394"
1,"2013-07-16",5643,"train","4594","4744","4667","0.511","0.489","976","976","17.30","6440","2894"
1,"2013-07-17",4946,"train","4447","4596","4520","0.511","0.489","426","426","8.61","6293","2747"
1,"2013-07-18",4904,"train","4359","4510","4433","0.511","0.489","471","471","9.60","6206","2660"
1,"2013-07-19",4275,"train","4674","4825","4748","0.511","0.489","-473","473","11.06","6521","2975"
1,"2013-07-20",4421,"train","4853","5004","4927","0.511","0.489","-506","506","11.45","6700","3154"
1,"2013-07-22",4149,"train","5092","5244","5166","0.511","0.489","-1017","1017","24.51","6939","3393"
1,"2013-07-23",3937,"train","4593","4744","4667","0.511","0.489","-730","730","18.54","6440","2894"
1,"2013-07-24",3849,"train","4446","4596","4519","0.511","0.489","-670","670","17.41","6292","2746"
1,"2013-07-25",3502,"train","4358","4510","4432","0.511","0.489","-930","930","26.56","6205","2659"
1,"2013-07-26",4221,"train","4673","4825","4747","0.511","0.489","-526","526","12.46","6520","2974"
1,"2013-07-27",3352,"train","4851","5004","4926","0.511","0.489","-1574","1574","46.96","6699","3153"
1,"2013-07-29",6290,"train","5091","5244","5166","0.511","0.489","1124","1124","17.87","6939","3393"
1,"2013-07-30",5773,"train","4592","4744","4666","0.511","0.489","1107","1107","19.18","6439","2893"
1,"2013-07-31",5572,"train","4445","4596","4519","0.511","0.489","1053","1053","18.90","6292","2746"
1,"2013-08-01",4994,"train","4047","4510","4273","0.511","0.489","721","721","14.44","6046","2500"
1,"2013-08-02",4494,"train","4362","4825","4588","0.511","0.489","-94","94","2.09","6361","2815"
1,"2013-08-03",4461,"train","4541","5004","4767","0.511","0.489","-306","306","6.86","6540","2994"
1,"2013-08-05",4086,"train","4781","5244","5007","0.511","0.489","-921","921","22.54","6780","3234"
1,"2013-08-06",3582,"train","4282","4744","4508","0.511","0.489","-926","926","25.85","6281","2735"
1,"2013-08-07",4143,"train","4134","4596","4360","0.511","0.489","-217","217","5.24","6133","2587"
1,"2013-08-08",3680,"train","4046","4510","4273","0.511","0.489","-593","593","16.11","6046","2500"
1,"2013-08-09",3257,"train","4361","4825","4588","0.511","0.489","-1331","1331","40.87","6361","2815"
1,"2013-08-10",3768,"train","4540","5004","4767","0.511","0.489","-999","999","26.51","6540","2994"
1,"2013-08-12",5326,"train","4780","5244","5007","0.511","0.489","319","319","5.99","6780","3234"
1,"2013-08-13",5299,"train","4280","4744","4507","0.511","0.489","792","792","14.95","6280","2734"
1,"2013-08-14",4724,"train","4133","4596","4359","0.511","0.489","365","365","7.73","6132","2586"
1,"2013-08-15",4575,"train","4045","4510","4272","0.511","0.489","303","303","6.62","6045","2499"
1,"2013-08-16",4552,"train","4360","4825","4587","0.511","0.489","-35","35","0.77","6360","2814"
1,"2013-08-17",4078,"train","4538","5004","4766","0.511","0.489","-688","688","16.87","6539","2993"
1,"2013-08-19",3954,"train","4778","5244","5006","0.511","0.489","-1052","1052","26.61","6779","3233"
1,"2013-08-20",3492,"train","4279","4744","4506","0.511","0.489","-1014","1014","29.04","6279","2733"
1,"2013-08-21",3096,"train","4132","4596","4359","0.511","0.489","-1263","1263","40.79","6132","2586"
1,"2013-08-22",3703,"train","4044","4510","4272","0.511","0.489","-569","569","15.37","6045","2499"
1,"2013-08-23",3493,"train","4358","4825","4586","0.511","0.489","-1093","1093","31.29","6359","2813"
1,"2013-08-24",4752,"train","4537","5004","4765","0.511","0.489","-13","13","0.27","6538","2992"
1,"2013-08-26",5482,"train","4777","5244","5005","0.511","0.489","477","477","8.70","6778","3232"
1,"2013-08-27",5156,"train","4278","4744","4506","0.511","0.489","650","650","12.61","6279","2733"
1,"2013-08-28",4583,"train","4131","4596","4358","0.511","0.489","225","225","4.91","6131","2585"
1,"2013-08-29",4804,"train","4042","4510","4271","0.511","0.489","533","533","11.09","6044","2498"
1,"2013-08-30",5469,"train","4357","4825","4586","0.511","0.489","883","883","16.15","6359","2813"
1,"2013-08-31",5317,"train","4536","5004","4765","0.511","0.489","552","552","10.38","6538","2992"
1,"2013-09-02",4195,"train","4677","5244","4954","0.511","0.489","-759","759","18.09","6727","3181"
1,"2013-09-03",3928,"train","4177","4744","4454","0.511","0.489","-526","526","13.39","6227","2681"
1,"2013-09-04",3343,"train","4030","4596","4307","0.511","0.489","-964","964","28.84","6080","2534"
1,"2013-09-05",3883,"train","3942","4510","4220","0.511","0.489","-337","337","8.68","5993","2447"
1,"2013-09-06",3836,"train","4257","4825","4535","0.511","0.489","-699","699","18.22","6308","2762"
1,"2013-09-07",4663,"train","4436","5004","4714","0.511","0.489","-51","51","1.09","6487","2941"
1,"2013-09-09",5893,"train","4675","5244","4953","0.511","0.489","940","940","15.95","6726","3180"
1,"2013-09-10",5403,"train","4176","4744","4454","0.511","0.489","949","949","17.56","6227","2681"
1,"2013-09-11",5103,"train","4029","4596","4306","0.511","0.489","797","797","15.62","6079","2533"
1,"2013-09-12",5079,"train","3941","4510","4219","0.511","0.489","860","860","16.93","5992","2446"
1,"2013-09-13",5187,"train","4256","4825","4534","0.511","0.489","653","653","12.59","6307","2761"
1,"2013-09-14",4663,"train","4434","5004","4713","0.511","0.489","-50","50","1.07","6486","2940"
1,"2013-09-16",4249,"train","4674","5244","4953","0.511","0.489","-704","704","16.57","6726","3180"
1,"2013-09-17",3685,"train","4175","4744","4453","0.511","0.489","-768","768","20.84","6226","2680"
1,"2013-09-18",3946,"train","4028","4596","4306","0.511","0.489","-360","360","9.12","6079","2533"
1,"2013-09-19",3717,"train","3939","4510","4218","0.511","0.489","-501","501","13.48","5991","2445"
1,"2013-09-20",3516,"train","4254","4825","4533","0.511","0.489","-1017","1017","28.92","6306","2760"
1,"2013-09-21",3909,"train","4433","5004","4712","0.511","0.489","-803","803","20.54","6485","2939"
1,"2013-09-23",4770,"train","4673","5244","4952","0.511","0.489","-182","182","3.82","6725","3179"
1,"2013-09-24",4274,"train","4174","4744","4453","0.511","0.489","-179","179","4.19","6226","2680"
1,"2013-09-25",4212,"train","4026","4596","4305","0.511","0.489","-93","93","2.21","6078","2532"
1,"2013-09-26",4481,"train","3938","4510","4218","0.511","0.489","263","263","5.87","5991","2445"
1,"2013-09-27",4669,"train","4253","4825","4533","0.511","0.489","136","136","2.91","6306","2760"
1,"2013-09-28",4175,"train","4432","5004","4712","0.511","0.489","-537","537","12.86","6485","2939"
1,"2013-09-30",4088,"train","4672","5244","4952","0.511","0.489","-864","864","21.14","6725","3179"
1,"2013-10-01",4178,"train","4370","4744","4553","0.511","0.489","-375","375","8.98","6326","2780"
1,"2013-10-02",4001,"train","4223","4596","4405","0.511","0.489","-404","404","10.10","6178","2632"
1,"2013-10-04",5447,"train","4450","4825","4633","0.511","0.489","814","814","14.94","6406","2860"
1,"2013-10-05",5352,"train","4629","5004","4812","0.511","0.489","540","540","10.09","6585","3039"
1,"2013-10-07",6004,"train","4868","5244","5052","0.511","0.489","952","952","15.86","6825","3279"
1,"2013-10-08",5452,"train","4369","4744","4552","0.511","0.489","900","900","16.51","6325","2779"
1,"2013-10-09",4957,"train","4222","4596","4405","0.511","0.489","552","552","11.14","6178","2632"
1,"2013-10-10",5286,"train","4134","4510","4318","0.511","0.489","968","968","18.31","6091","2545"
1,"2013-10-11",5896,"train","4449","4825","4633","0.511","0.489","1263","1263","21.42","6406","2860"
1,"2013-10-12",4954,"train","4627","5004","4811","0.511","0.489","143","143","2.89","6584","3038"
1,"2013-10-14",3773,"train","4867","5244","5051","0.511","0.489","-1278","1278","33.87","6824","3278"
1,"2013-10-15",3355,"train","4368","4744","4552","0.511","0.489","-1197","1197","35.68","6325","2779"
1,"2013-10-16",3383,"train","4221","4596","4404","0.511","0.489","-1021","1021","30.18","6177","2631"
1,"2013-10-17",3223,"train","4133","4510","4317","0.511","0.489","-1094","1094","33.94","6090","2544"
1,"2013-10-18",3566,"train","4447","4825","4632","0.511","0.489","-1066","1066","29.89","6405","2859"
1,"2013-10-19",3667,"train","4626","5004","4811","0.511","0.489","-1144","1144","31.20","6584","3038"
1,"2013-10-21",5055,"train","4866","5244","5051","0.511","0.489","4","4","0.08","6824","3278"
1,"2013-10-22",4068,"train","4367","4744","4551","0.511","0.489","-483","483","11.87","6324","2778"
1,"2013-10-23",4612,"train","4219","4596","4403","0.511","0.489","209","209","4.53","6176","2630"
1,"2013-10-24",4044,"train","4131","4510","4316","0.511","0.489","-272","272","6.73","6089","2543"
1,"2013-10-25",4573,"train","4446","4825","4631","0.511","0.489","-58","58","1.27","6404","2858"
1,"2013-10-26",4347,"train","4625","5004","4810","0.511","0.489","-463","463","10.65","6583","3037"
1,"2013-10-28",3557,"train","4865","5244","5050","0.511","0.489","-1493","1493","41.97","6823","3277"
1,"2013-10-29",3737,"train","4365","4744","4550","0.511","0.489","-813","813","21.76","6323","2777"
1,"2013-10-30",4119,"train","4218","4596","4403","0.511","0.489","-284","284","6.89","6176","2630"
1,"2013-10-31",4035,"train","4130","4510","4316","0.511","0.489","-281","281","6.96","6089","2543"
1,"2013-11-01",5471,"train","5103","4825","4967","0.511","0.489","504","504","9.21","6740","3194"
1,"2013-11-02",5233,"train","5282","5004","5146","0.511","0.489","87","87","1.66","6919","3373"
1,"2013-11-04",5861,"train","5521","5244","5386","0.511","0.489","475","475","8.10","7159","3613"
1,"2013-11-05",5348,"train","5022","4744","4886","0.511","0.489","462","462","8.64","6659","3113"
1,"2013-11-06",5572,"train","4875","4596","4739","0.511","0.489","833","833","14.95","6512","2966"
1,"2013-11-07",5009,"train","4787","4510","4652","0.511","0.489","357","357","7.13","6425","2879"
1,"2013-11-08",5242,"train","5101","4825","4966","0.511","0.489","276","276","5.27","6739","3193"
1,"2013-11-09",4681,"train","5280","5004","5145","0.511","0.489","-464","464","9.91","6918","3372"
1,"2013-11-11",4014,"train","5520","5244","5385","0.511","0.489","-1371","1371","34.16","7158","3612"
1,"2013-11-12",4017,"train","5021","4744","4886","0.511","0.489","-869","869","21.63","6659","3113"
1,"2013-11-13",3310,"train","4874","4596","4738","0.511","0.489","-1428","1428","43.14","6511","2965"
1,"2013-11-14",3795,"train","4785","4510","4651","0.511","0.489","-856","856","22.56","6424","2878"
1,"2013-11-15",4016,"train","5100","4825","4966","0.511","0.489","-950","950","23.66","6739","3193"
1,"2013-11-16",5071,"train","5279","5004","5145","0.511","0.489","-74","74","1.46","6918","3372"
1,"2013-11-18",5927,"train","5519","5244","5385","0.511","0.489","542","542","9.14","7158","3612"
1,"2013-11-19",5143,"train","5020","4744","4885","0.511","0.489","258","258","5.02","6658","3112"
1,"2013-11-20",4936,"train","4872","4596","4737","0.511","0.489","199","199","4.03","6510","2964"
1,"2013-11-21",4623,"train","4784","4510","4650","0.511","0.489","-27","27","0.58","6423","2877"
1,"2013-11-22",5058,"train","5099","4825","4965","0.511","0.489","93","93","1.84","6738","3192"
1,"2013-11-23",5297,"train","5278","5004","5144","0.511","0.489","153","153","2.89","6917","3371"
1,"2013-11-25",4600,"train","5517","5244","5384","0.511","0.489","-784","784","17.04","7157","3611"
1,"2013-11-26",4201,"train","5018","4744","4884","0.511","0.489","-683","683","16.26","6657","3111"
1,"2013-11-27",4561,"train","4871","4596","4737","0.511","0.489","-176","176","3.86","6510","2964"
1,"2013-11-28",4614,"train","4783","4510","4650","0.511","0.489","-36","36","0.78","6423","2877"
1,"2013-11-29",5623,"train","5098","4825","4965","0.511","0.489","658","658","11.70","6738","3192"
1,"2013-11-30",6373,"train","5276","5004","5143","0.511","0.489","1230","1230","19.30","6916","3370"
1,"2013-12-02",6943,"train","6704","5244","5990","0.511","0.489","953","953","13.73","7763","4217"
1,"2013-12-03",6293,"train","6205","4744","5491","0.511","0.489","802","802","12.74","7264","3718"
1,"2013-12-04",5688,"train","6058","4596","5343","0.511","0.489","345","345","6.07","7116","3570"
1,"2013-12-05",5691,"train","5970","4510","5256","0.511","0.489","435","435","7.64","7029","3483"
1,"2013-12-06",6112,"train","6284","4825","5571","0.511","0.489","541","541","8.85","7344","3798"
1,"2013-12-07",5799,"train","6463","5004","5750","0.511","0.489","49","49","0.84","7523","3977"
1,"2013-12-09",4462,"train","6703","5244","5990","0.511","0.489","-1528","1528","34.24","7763","4217"
1,"2013-12-10",4228,"train","6204","4744","5490","0.511","0.489","-1262","1262","29.85","7263","3717"
1,"2013-12-11",4301,"train","6056","4596","5342","0.511","0.489","-1041","1041","24.20","7115","3569"
1,"2013-12-12",4074,"train","5968","4510","5255","0.511","0.489","-1181","1181","28.99","7028","3482"
1,"2013-12-13",4703,"train","6283","4825","5570","0.511","0.489","-867","867","18.44","7343","3797"
1,"2013-12-14",6119,"train","6462","5004","5749","0.511","0.489","370","370","6.05","7522","3976"
1,"2013-12-16",8277,"train","6702","5244","5989","0.511","0.489","2288","2288","27.64","7762","4216"
1,"2013-12-17",7356,"train","6202","4744","5489","0.511","0.489","1867","1867","25.38","7262","3716"
1,"2013-12-18",7821,"train","6055","4596","5342","0.511","0.489","2479","2479","31.70","7115","3569"
1,"2013-12-19",6788,"train","5967","4510","5255","0.511","0.489","1533","1533","22.58","7028","3482"
1,"2013-12-20",8414,"train","6282","4825","5570","0.511","0.489","2844","2844","33.80","7343","3797"
1,"2013-12-21",8043,"train","6461","5004","5749","0.511","0.489","2294","2294","28.52","7522","3976"
1,"2013-12-23",9528,"train","6700","5244","5988","0.511","0.489","3540","3540","37.15","7761","4215"
1,"2013-12-24",3204,"train","6201","4744","5489","0.511","0.489","-2285","2285","71.32","7262","3716"
1,"2013-12-27",6110,"train","6281","4825","5569","0.511","0.489","541","541","8.85","7342","3796"
1,"2013-12-28",5659,"train","6460","5004","5748","0.511","0.489","-89","89","1.57","7521","3975"
1,"2013-12-30",7193,"train","6699","5244","5988","0.511","0.489","1205","1205","16.75","7761","4215"
1,"2013-12-31",2362,"train","6200","4744","5488","0.511","0.489","-3126","3126","132.35","7261","3715"
1,"2014-01-02",4969,"train","4360","4510","4433","0.511","0.489","536","536","10.79","6206","2660"
1,"2014-01-03",4190,"train","4675","4825","4748","0.511","0.489","-558","558","13.32","6521","2975"
1,"2014-01-04",5173,"train","4854","5004","4927","0.511","0.489","246","246","4.76","6700","3154"
1,"2014-01-06",6194,"train","5093","5244","5167","0.511","0.489","1027","1027","16.58","6940","3394"
1,"2014-01-07",5539,"train","4594","4744","4667","0.511","0.489","872","872","15.74","6440","2894"
1,"2014-01-08",4931,"train","4447","4596","4520","0.511","0.489","411","411","8.34","6293","2747"
1,"2014-01-09",4396,"train","4359","4510","4433","0.511","0.489","-37","37","0.84","6206","2660"
1,"2014-01-10",4486,"train","4674","4825","4748","0.511","0.489","-262","262","5.84","6521","2975"
1,"2014-01-11",4454,"train","4852","5004","4926","0.511","0.489","-472","472","10.60","6699","3153"
1,"2014-01-13",3994,"train","5092","5244","5166","0.511","0.489","-1172","1172","29.34","6939","3393"
1,"2014-01-14",3621,"train","4593","4744","4667","0.511","0.489","-1046","1046","28.89","6440","2894"
1,"2014-01-15",3776,"train","4446","4596","4519","0.511","0.489","-743","743","19.68","6292","2746"
1,"2014-01-16",3632,"train","4357","4510","4432","0.511","0.489","-800","800","22.03","6205","2659"
1,"2014-01-17",3803,"train","4672","4825","4747","0.511","0.489","-944","944","24.82","6520","2974"
1,"2014-01-18",5128,"train","4851","5004","4926","0.511","0.489","202","202","3.94","6699","3153"
1,"2014-01-20",6148,"train","5091","5244","5166","0.511","0.489","982","982","15.97","6939","3393"
1,"2014-01-21",5151,"train","4592","4744","4666","0.511","0.489","485","485","9.42","6439","2893"
1,"2014-01-22",4562,"train","4444","4596","4518","0.511","0.489","44","44","0.96","6291","2745"
1,"2014-01-23",4597,"train","4356","4510","4431","0.511","0.489","166","166","3.61","6204","2658"
1,"2014-01-24",5098,"train","4671","4825","4746","0.511","0.489","352","352","6.90","6519","2973"
1,"2014-01-25",4546,"train","4850","5004","4925","0.511","0.489","-379","379","8.34","6698","3152"
1,"2014-01-27",3601,"train","5090","5244","5165","0.511","0.489","-1564","1564","43.43","6938","3392"
1,"2014-01-28",3581,"train","4590","4744","4665","0.511","0.489","-1084","1084","30.27","6438","2892"
1,"2014-01-29",3789,"train","4443","4596","4518","0.511","0.489","-729","729","19.24","6291","2745"
1,"2014-01-30",4549,"train","4355","4510","4431","0.511","0.489","118","118","2.59","6204","2658"
1,"2014-01-31",4906,"train","4670","4825","4746","0.511","0.489","160","160","3.26","6519","2973"
1,"2014-02-01",5292,"train","5060","5004","5033","0.511","0.489","259","259","4.89","6806","3260"
1,"2014-02-03",5839,"train","5300","5244","5273","0.511","0.489","566","566","9.69","7046","3500"
1,"2014-02-04",5540,"train","4801","4744","4773","0.511","0.489","767","767","13.84","6546","3000"
1,"2014-02-05",5031,"train","4654","4596","4626","0.511","0.489","405","405","8.05","6399","2853"
1,"2014-02-06",4823,"train","4566","4510","4539","0.511","0.489","284","284","5.89","6312","2766"
1,"2014-02-07",5596,"train","4880","4825","4853","0.511","0.489","743","743","13.28","6626","3080"
1,"2014-02-08",4726,"train","5059","5004","5032","0.511","0.489","-306","306","6.47","6805","3259"
1,"2014-02-10",3591,"train","5299","5244","5272","0.511","0.489","-1681","1681","46.81","7045","3499"
1,"2014-02-11",3461,"train","4800","4744","4773","0.511","0.489","-1312","1312","37.91","6546","3000"
1,"2014-02-12",3662,"train","4653","4596","4625","0.511","0.489","-963","963","26.30","6398","2852"
1,"2014-02-13",3638,"train","4564","4510","4538","0.511","0.489","-900","900","24.74","6311","2765"
1,"2014-02-14",4647,"train","4879","4825","4853","0.511","0.489","-206","206","4.43","6626","3080"
1,"2014-02-15",5258,"train","5058","5004","5032","0.511","0.489","226","226","4.30","6805","3259"
1,"2014-02-17",5393,"train","5298","5244","5272","0.511","0.489","121","121","2.24","7045","3499"
1,"2014-02-18",4602,"train","4798","4744","4772","0.511","0.489","-170","170","3.69","6545","2999"
1,"2014-02-19",4935,"train","4651","4596","4624","0.511","0.489","311","311","6.30","6397","2851"
1,"2014-02-20",4563,"train","4563","4510","4537","0.511","0.489","26","26","0.57","6310","2764"
1,"2014-02-21",4727,"train","4878","4825","4852","0.511","0.489","-125","125","2.64","6625","3079"
1,"2014-02-22",4820,"train","5057","5004","5031","0.511","0.489","-211","211","4.38","6804","3258"
1,"2014-02-24",3826,"train","5296","5244","5271","0.511","0.489","-1445","1445","37.77","7044","3498"
1,"2014-02-25",3499,"train","4797","4744","4771","0.511","0.489","-1272","1272","36.35","6544","2998"
1,"2014-02-26",4108,"train","4650","4596","4624","0.511","0.489","-516","516","12.56","6397","2851"
1,"2014-02-27",3826,"train","4562","4510","4537","0.511","0.489","-711","711","18.58","6310","2764"
1,"2014-02-28",5031,"train","4877","4825","4852","0.511","0.489","179","179","3.56","6625","3079"
1,"2014-03-01",5307,"train","5281","5004","5146","0.511","0.489","161","161","3.03","6919","3373"
1,"2014-03-03",6198,"train","5521","5244","5386","0.511","0.489","812","812","13.10","7159","3613"
1,"2014-03-04",5397,"train","5022","4744","4886","0.511","0.489","511","511","9.47","6659","3113"
1,"2014-03-05",4916,"train","4875","4596","4739","0.511","0.489","177","177","3.60","6512","2966"
1,"2014-03-06",4585,"train","4786","4510","4651","0.511","0.489","-66","66","1.44","6424","2878"
1,"2014-03-07",5340,"train","5101","4825","4966","0.511","0.489","374","374","7.00","6739","3193"
1,"2014-03-08",4400,"train","5280","5004","5145","0.511","0.489","-745","745","16.93","6918","3372"
1,"2014-03-10",3573,"train","5520","5244","5385","0.511","0.489","-1812","1812","50.71","7158","3612"
1,"2014-03-11",3588,"train","5021","4744","4886","0.511","0.489","-1298","1298","36.18","6659","3113"
1,"2014-03-12",3805,"train","4873","4596","4738","0.511","0.489","-933","933","24.52","6511","2965"
1,"2014-03-13",3224,"train","4785","4510","4651","0.511","0.489","-1427","1427","44.26","6424","2878"
1,"2014-03-14",3883,"train","5100","4825","4966","0.511","0.489","-1083","1083","27.89","6739","3193"
1,"2014-03-15",5042,"train","5279","5004","5145","0.511","0.489","-103","103","2.04","6918","3372"
1,"2014-03-17",5563,"train","5519","5244","5385","0.511","0.489","178","178","3.20","7158","3612"
1,"2014-03-18",5200,"train","5019","4744","4885","0.511","0.489","315","315","6.06","6658","3112"
1,"2014-03-19",4036,"train","4872","4596","4737","0.511","0.489","-701","701","17.37","6510","2964"
1,"2014-03-20",4023,"train","4784","4510","4650","0.511","0.489","-627","627","15.59","6423","2877"
1,"2014-03-21",4510,"train","5099","4825","4965","0.511","0.489","-455","455","10.09","6738","3192"
1,"2014-03-22",5241,"train","5277","5004","5144","0.511","0.489","97","97","1.85","6917","3371"
1,"2014-03-24",3850,"train","5517","5244","5384","0.511","0.489","-1534","1534","39.84","7157","3611"
1,"2014-03-25",3136,"train","5018","4744","4884","0.511","0.489","-1748","1748","55.74","6657","3111"
1,"2014-03-26",3225,"train","4871","4596","4737","0.511","0.489","-1512","1512","46.88","6510","2964"
1,"2014-03-27",3847,"train","4783","4510","4650","0.511","0.489","-803","803","20.87","6423","2877"
1,"2014-03-28",3987,"train","5097","4825","4964","0.511","0.489","-977","977","24.50","6737","3191"
1,"2014-03-29",4583,"train","5276","5004","5143","0.511","0.489","-560","560","12.22","6916","3370"
1,"2014-03-31",6008,"train","5516","5244","5383","0.511","0.489","625","625","10.40","7156","3610"
1,"2014-04-01",5407,"train","4652","4744","4697","0.511","0.489","710","710","13.13","6470","2924"
1,"2014-04-02",4834,"train","4505","4596","4549","0.511","0.489","285","285","5.90","6322","2776"
1,"2014-04-03",4556,"train","4416","4510","4462","0.511","0.489","94","94","2.06","6235","2689"
1,"2014-04-04",4738,"train","4731","4825","4777","0.511","0.489","-39","39","0.82","6550","3004"
1,"2014-04-05",4599,"train","4910","5004","4956","0.511","0.489","-357","357","7.76","6729","3183"
1,"2014-04-07",3751,"train","5150","5244","5196","0.511","0.489","-1445","1445","38.52","6969","3423"
1,"2014-04-08",3990,"train","4650","4744","4696","0.511","0.489","-706","706","17.69","6469","2923"
1,"2014-04-09",3919,"train","4503","4596","4548","0.511","0.489","-629","629","16.05","6321","2775"
1,"2014-04-10",3948,"train","4415","4510","4461","0.511","0.489","-513","513","12.99","6234","2688"
1,"2014-04-11",3733,"train","4730","4825","4776","0.511","0.489","-1043","1043","27.94","6549","3003"
1,"2014-04-12",4435,"train","4909","5004","4955","0.511","0.489","-520","520","11.72","6728","3182"
1,"2014-04-14",6803,"train","5148","5244","5195","0.511","0.489","1608","1608","23.64","6968","3422"
1,"2014-04-15",6196,"train","4649","4744","4695","0.511","0.489","1501","1501","24.23","6468","2922"
1,"2014-04-16",6381,"train","4502","4596","4548","0.511","0.489","1833","1833","28.73","6321","2775"
1,"2014-04-17",6160,"train","4414","4510","4461","0.511","0.489","1699","1699","27.58","6234","2688"
1,"2014-04-19",5871,"train","4908","5004","4955","0.511","0.489","916","916","15.60","6728","3182"
1,"2014-04-22",4133,"train","4648","4744","4695","0.511","0.489","-562","562","13.60","6468","2922"
1,"2014-04-23",3482,"train","4501","4596","4547","0.511","0.489","-1065","1065","30.59","6320","2774"
1,"2014-04-24",3376,"train","4413","4510","4460","0.511","0.489","-1084","1084","32.11","6233","2687"
1,"2014-04-25",3710,"train","4728","4825","4775","0.511","0.489","-1065","1065","28.71","6548","3002"
1,"2014-04-26",3989,"train","4906","5004","4954","0.511","0.489","-965","965","24.19","6727","3181"
1,"2014-04-28",5488,"train","5146","5244","5194","0.511","0.489","294","294","5.36","6967","3421"
1,"2014-04-29",5923,"train","4647","4744","4694","0.511","0.489","1229","1229","20.75","6467","2921"
1,"2014-04-30",5870,"train","4500","4596","4547","0.511","0.489","1323","1323","22.54","6320","2774"
1,"2014-05-02",6790,"train","4888","4825","4857","0.511","0.489","1933","1933","28.47","6630","3084"
1,"2014-05-03",5498,"train","5066","5004","5036","0.511","0.489","462","462","8.40","6809","3263"
1,"2014-05-05",5325,"train","5306","5244","5276","0.511","0.489","49","49","0.92","7049","3503"
1,"2014-05-06",5055,"train","4807","4744","4776","0.511","0.489","279","279","5.52","6549","3003"
1,"2014-05-07",5075,"train","4660","4596","4629","0.511","0.489","446","446","8.79","6402","2856"
1,"2014-05-08",5222,"train","4572","4510","4542","0.511","0.489","680","680","13.02","6315","2769"
1,"2014-05-09",5237,"train","4886","4825","4856","0.511","0.489","381","381","7.28","6629","3083"
1,"2014-05-10",5996,"train","5065","5004","5035","0.511","0.489","961","961","16.03","6808","3262"
1,"2014-05-12",3957,"train","5305","5244","5275","0.511","0.489","-1318","1318","33.31","7048","3502"
1,"2014-05-13",3535,"train","4806","4744","4776","0.511","0.489","-1241","1241","35.11","6549","3003"
1,"2014-05-14",3710,"train","4658","4596","4628","0.511","0.489","-918","918","24.74","6401","2855"
1,"2014-05-15",3589,"train","4570","4510","4541","0.511","0.489","-952","952","26.53","6314","2768"
1,"2014-05-16",3863,"train","4885","4825","4856","0.511","0.489","-993","993","25.71","6629","3083"
1,"2014-05-17",3785,"train","5064","5004","5035","0.511","0.489","-1250","1250","33.03","6808","3262"
1,"2014-05-19",5637,"train","5304","5244","5275","0.511","0.489","362","362","6.42","7048","3502"
1,"2014-05-20",4909,"train","4804","4744","4775","0.511","0.489","134","134","2.73","6548","3002"
1,"2014-05-21",4298,"train","4657","4596","4627","0.511","0.489","-329","329","7.65","6400","2854"
1,"2014-05-22",3801,"train","4569","4510","4540","0.511","0.489","-739","739","19.44","6313","2767"
1,"2014-05-23",4968,"train","4884","4825","4855","0.511","0.489","113","113","2.27","6628","3082"
1,"2014-05-24",4574,"train","5063","5004","5034","0.511","0.489","-460","460","10.06","6807","3261"
1,"2014-05-26",3912,"train","5302","5244","5274","0.511","0.489","-1362","1362","34.82","7047","3501"
1,"2014-05-27",3971,"train","4803","4744","4774","0.511","0.489","-803","803","20.22","6547","3001"
1,"2014-05-28",4616,"train","4656","4596","4627","0.511","0.489","-11","11","0.24","6400","2854"
1,"2014-05-30",5407,"train","4883","4825","4855","0.511","0.489","552","552","10.21","6628","3082"
1,"2014-05-31",4985,"train","5061","5004","5033","0.511","0.489","-48","48","0.96","6806","3260"
1,"2014-06-02",6071,"train","4999","5244","5119","0.511","0.489","952","952","15.68","6892","3346"
1,"2014-06-03",5614,"train","4500","4744","4619","0.511","0.489","995","995","17.72","6392","2846"
1,"2014-06-04",5229,"train","4353","4596","4472","0.511","0.489","757","757","14.48","6245","2699"
1,"2014-06-05",5278,"train","4265","4510","4385","0.511","0.489","893","893","16.92","6158","2612"
1,"2014-06-06",4957,"train","4579","4825","4699","0.511","0.489","258","258","5.20","6472","2926"
1,"2014-06-07",4923,"train","4758","5004","4878","0.511","0.489","45","45","0.91","6651","3105"
1,"2014-06-10",4607,"train","4499","4744","4619","0.511","0.489","-12","12","0.26","6392","2846"
1,"2014-06-11",4207,"train","4352","4596","4471","0.511","0.489","-264","264","6.28","6244","2698"
1,"2014-06-12",3702,"train","4264","4510","4384","0.511","0.489","-682","682","18.42","6157","2611"
1,"2014-06-13",3901,"train","4578","4825","4699","0.511","0.489","-798","798","20.46","6472","2926"
1,"2014-06-14",4757,"train","4757","5004","4878","0.511","0.489","-121","121","2.54","6651","3105"
1,"2014-06-16",4788,"train","4997","5244","5118","0.511","0.489","-330","330","6.89","6891","3345"
1,"2014-06-17",5770,"train","4498","4744","4618","0.511","0.489","1152","1152","19.97","6391","2845"
1,"2014-06-18",5256,"train","4350","4596","4470","0.511","0.489","786","786","14.95","6243","2697"
1,"2014-06-20",6362,"train","4577","4825","4698","0.511","0.489","1664","1664","26.16","6471","2925"
1,"2014-06-21",3982,"train","4756","5004","4877","0.511","0.489","-895","895","22.48","6650","3104"
1,"2014-06-23",3755,"train","4996","5244","5117","0.511","0.489","-1362","1362","36.27","6890","3344"
1,"2014-06-24",3351,"train","4497","4744","4618","0.511","0.489","-1267","1267","37.81","6391","2845"
1,"2014-06-25",3727,"train","4349","4596","4470","0.511","0.489","-743","743","19.94","6243","2697"
1,"2014-06-26",2749,"train","4261","4510","4383","0.511","0.489","-1634","1634","59.44","6156","2610"
1,"2014-06-27",4019,"train","4576","4825","4698","0.511","0.489","-679","679","16.89","6471","2925"
1,"2014-06-28",5162,"train","4755","5004","4877","0.511","0.489","285","285","5.52","6650","3104"
1,"2014-06-30",5738,"train","4995","5244","5117","0.511","0.489","621","621","10.82","6890","3344"
1,"2014-07-01",5138,"train","4532","4744","4636","0.511","0.489","502","502","9.77","6409","2863"
1,"2014-07-02",5161,"train","4385","4596","4488","0.511","0.489","673","673","13.04","6261","2715"
1,"2014-07-03",4756,"train","4297","4510","4401","0.511","0.489","355","355","7.46","6174","2628"
1,"2014-07-04",4025,"train","4612","4825","4716","0.511","0.489","-691","691","17.17","6489","2943"
1,"2014-07-05",5176,"train","4790","5004","4895","0.511","0.489","281","281","5.43","6668","3122"
1,"2014-07-07",4223,"train","5030","5244","5135","0.511","0.489","-912","912","21.60","6908","3362"
1,"2014-07-08",4081,"train","4531","4744","4635","0.511","0.489","-554","554","13.58","6408","2862"
1,"2014-07-09",3547,"train","4384","4596","4488","0.511","0.489","-941","941","26.53","6261","2715"
1,"2014-07-10",3741,"train","4296","4510","4401","0.511","0.489","-660","660","17.64","6174","2628"
1,"2014-07-11",4020,"train","4610","4825","4715","0.511","0.489","-695","695","17.29","6488","2942"
1,"2014-07-12",4409,"train","4789","5004","4894","0.511","0.489","-485","485","11.00","6667","3121"
1,"2014-07-14",5083,"train","5029","5244","5134","0.511","0.489","-51","51","1.00","6907","3361"
1,"2014-07-15",5298,"train","4530","4744","4635","0.511","0.489","663","663","12.51","6408","2862"
1,"2014-07-16",5424,"train","4383","4596","4487","0.511","0.489","937","937","17.28","6260","2714"
1,"2014-07-17",4685,"train","4294","4510","4400","0.511","0.489","285","285","6.08","6173","2627"
1,"2014-07-18",4609,"train","4609","4825","4715","0.511","0.489","-106","106","2.30","6488","2942"
1,"2014-07-19",4084,"train","4788","5004","4894","0.511","0.489","-810","810","19.83","6667","3121"
1,"2014-07-21",4507,"train","5028","5244","5134","0.511","0.489","-627","627","13.91","6907","3361"
1,"2014-07-22",3933,"train","4528","4744","4634","0.511","0.489","-701","701","17.82","6407","2861"
1,"2014-07-23",3806,"train","4381","4596","4486","0.511","0.489","-680","680","17.87","6259","2713"
1,"2014-07-24",3557,"train","4293","4510","4399","0.511","0.489","-842","842","23.67","6172","2626"
1,"2014-07-25",3858,"train","4608","4825","4714","0.511","0.489","-856","856","22.19","6487","2941"
1,"2014-07-26",4266,"train","4787","5004","4893","0.511","0.489","-627","627","14.70","6666","3120"
1,"2014-07-28",5372,"train","5026","5244","5133","0.511","0.489","239","239","4.45","6906","3360"
1,"2014-07-29",5252,"train","4527","4744","4633","0.511","0.489","619","619","11.79","6406","2860"
1,"2014-07-30",5487,"train","4380","4596","4486","0.511","0.489","1001","1001","18.24","6259","2713"
1,"2014-07-31",5106,"train","4292","4510","4399","0.511","0.489","707","707","13.85","6172","2626"
1,"2014-08-01",5038,"train","4298","4825","4556","0.511","0.489","482","482","9.57","6329","2783"
1,"2014-08-02",4731,"train","4476","5004","4734","0.511","0.489","-3","3","0.06","6507","2961"
1,"2014-08-04",5655,"train","4716","5244","4974","0.511","0.489","681","681","12.04","6747","3201"
1,"2014-08-05",5433,"train","4217","4744","4475","0.511","0.489","958","958","17.63","6248","2702"
1,"2014-08-06",5337,"train","4070","4596","4327","0.511","0.489","1010","1010","18.92","6100","2554"
1,"2014-08-07",4154,"train","3981","4510","4240","0.511","0.489","-86","86","2.07","6013","2467"
1,"2014-08-08",4451,"train","4296","4825","4555","0.511","0.489","-104","104","2.34","6328","2782"
1,"2014-08-09",4174,"train","4475","5004","4734","0.511","0.489","-560","560","13.42","6507","2961"
1,"2014-08-11",3886,"train","4715","5244","4974","0.511","0.489","-1088","1088","28.00","6747","3201"
1,"2014-08-12",3185,"train","4216","4744","4474","0.511","0.489","-1289","1289","40.47","6247","2701"
1,"2014-08-13",4069,"train","4068","4596","4326","0.511","0.489","-257","257","6.32","6099","2553"
1,"2014-08-14",3906,"train","3980","4510","4239","0.511","0.489","-333","333","8.53","6012","2466"
1,"2014-08-15",3746,"train","4295","4825","4554","0.511","0.489","-808","808","21.57","6327","2781"
1,"2014-08-16",4425,"train","4474","5004","4733","0.511","0.489","-308","308","6.96","6506","2960"
1,"2014-08-18",5623,"train","4714","5244","4973","0.511","0.489","650","650","11.56","6746","3200"
1,"2014-08-19",5190,"train","4214","4744","4473","0.511","0.489","717","717","13.82","6246","2700"
1,"2014-08-20",4280,"train","4067","4596","4326","0.511","0.489","-46","46","1.07","6099","2553"
1,"2014-08-21",4327,"train","3979","4510","4239","0.511","0.489","88","88","2.03","6012","2466"
1,"2014-08-22",3971,"train","4294","4825","4554","0.511","0.489","-583","583","14.68","6327","2781"
1,"2014-08-23",3582,"train","4472","5004","4732","0.511","0.489","-1150","1150","32.10","6505","2959"
1,"2014-08-25",3414,"train","4712","5244","4972","0.511","0.489","-1558","1558","45.64","6745","3199"
1,"2014-08-26",3396,"train","4213","4744","4473","0.511","0.489","-1077","1077","31.71","6246","2700"
1,"2014-08-27",3148,"train","4066","4596","4325","0.511","0.489","-1177","1177","37.39","6098","2552"
1,"2014-08-28",3920,"train","3978","4510","4238","0.511","0.489","-318","318","8.11","6011","2465"
1,"2014-08-29",3869,"train","4292","4825","4553","0.511","0.489","-684","684","17.68","6326","2780"
1,"2014-08-30",4094,"train","4471","5004","4732","0.511","0.489","-638","638","15.58","6505","2959"
1,"2014-09-01",5464,"train","4612","5244","4921","0.511","0.489","543","543","9.94","6694","3148"
1,"2014-09-02",5008,"train","4113","4744","4422","0.511","0.489","586","586","11.70","6195","2649"
1,"2014-09-03",4978,"train","3966","4596","4274","0.511","0.489","704","704","14.14","6047","2501"
1,"2014-09-04",4346,"train","3877","4510","4187","0.511","0.489","159","159","3.66","5960","2414"
1,"2014-09-05",4706,"train","4192","4825","4502","0.511","0.489","204","204","4.33","6275","2729"
1,"2014-09-06",3959,"train","4371","5004","4681","0.511","0.489","-722","722","18.24","6454","2908"
1,"2014-09-08",3676,"train","4611","5244","4921","0.511","0.489","-1245","1245","33.87","6694","3148"
1,"2014-09-09",3377,"train","4111","4744","4421","0.511","0.489","-1044","1044","30.92","6194","2648"
1,"2014-09-10",3275,"train","3964","4596","4273","0.511","0.489","-998","998","30.47","6046","2500"
1,"2014-09-11",3392,"train","3876","4510","4186","0.511","0.489","-794","794","23.41","5959","2413"
1,"2014-09-12",3906,"train","4191","4825","4501","0.511","0.489","-595","595","15.23","6274","2728"
1,"2014-09-13",4270,"train","4370","5004","4680","0.511","0.489","-410","410","9.60","6453","2907"
1,"2014-09-15",4611,"train","4609","5244","4920","0.511","0.489","-309","309","6.70","6693","3147"
1,"2014-09-16",4381,"train","4110","4744","4420","0.511","0.489","-39","39","0.89","6193","2647"
1,"2014-09-17",4383,"train","3963","4596","4273","0.511","0.489","110","110","2.51","6046","2500"
1,"2014-09-18",3740,"train","3875","4510","4186","0.511","0.489","-446","446","11.93","5959","2413"
1,"2014-09-19",4128,"train","4190","4825","4501","0.511","0.489","-373","373","9.04","6274","2728"
1,"2014-09-20",3911,"train","4368","5004","4679","0.511","0.489","-768","768","19.64","6452","2906"
1,"2014-09-22",3982,"train","4608","5244","4919","0.511","0.489","-937","937","23.53","6692","3146"
1,"2014-09-23",3407,"train","4109","4744","4420","0.511","0.489","-1013","1013","29.73","6193","2647"
1,"2014-09-24",3405,"train","3962","4596","4272","0.511","0.489","-867","867","25.46","6045","2499"
1,"2014-09-25",2462,"train","3873","4510","4184","0.511","0.489","-1722","1722","69.94","5957","2411"
1,"2014-09-26",3518,"train","4188","4825","4499","0.511","0.489","-981","981","27.89","6272","2726"
1,"2014-09-27",3914,"train","4367","5004","4678","0.511","0.489","-764","764","19.52","6451","2905"
1,"2014-09-29",5280,"train","4607","5244","4918","0.511","0.489","362","362","6.86","6691","3145"
1,"2014-09-30",4919,"train","4108","4744","4419","0.511","0.489","500","500","10.16","6192","2646"
1,"2014-10-01",4712,"train","4158","4596","4372","0.511","0.489","340","340","7.22","6145","2599"
1,"2014-10-02",5400,"train","4070","4510","4285","0.511","0.489","1115","1115","20.65","6058","2512"
1,"2014-10-04",5355,"train","4564","5004","4779","0.511","0.489","576","576","10.76","6552","3006"
1,"2014-10-06",5402,"train","4804","5244","5019","0.511","0.489","383","383","7.09","6792","3246"
1,"2014-10-07",5439,"train","4305","4744","4520","0.511","0.489","919","919","16.90","6293","2747"
1,"2014-10-08",4944,"train","4157","4596","4372","0.511","0.489","572","572","11.57","6145","2599"
1,"2014-10-09",4654,"train","4069","4510","4285","0.511","0.489","369","369","7.93","6058","2512"
1,"2014-10-10",4396,"train","4384","4825","4600","0.511","0.489","-204","204","4.64","6373","2827"
1,"2014-10-11",4743,"train","4563","5004","4779","0.511","0.489","-36","36","0.76","6552","3006"
1,"2014-10-13",4033,"train","4802","5244","5018","0.511","0.489","-985","985","24.42","6791","3245"
1,"2014-10-14",3681,"train","4303","4744","4519","0.511","0.489","-838","838","22.77","6292","2746"
1,"2014-10-15",3775,"train","4156","4596","4371","0.511","0.489","-596","596","15.79","6144","2598"
1,"2014-10-16",3430,"train","4068","4510","4284","0.511","0.489","-854","854","24.90","6057","2511"
1,"2014-10-17",3720,"train","4383","4825","4599","0.511","0.489","-879","879","23.63","6372","2826"
1,"2014-10-18",4169,"train","4561","5004","4778","0.511","0.489","-609","609","14.61","6551","3005"
1,"2014-10-20",4652,"train","4801","5244","5018","0.511","0.489","-366","366","7.87","6791","3245"
1,"2014-10-21",4678,"train","4302","4744","4518","0.511","0.489","160","160","3.42","6291","2745"
1,"2014-10-22",4868,"train","4155","4596","4371","0.511","0.489","497","497","10.21","6144","2598"
1,"2014-10-23",4466,"train","4067","4510","4284","0.511","0.489","182","182","4.08","6057","2511"
1,"2014-10-24",4196,"train","4381","4825","4598","0.511","0.489","-402","402","9.58","6371","2825"
1,"2014-10-25",4596,"train","4560","5004","4777","0.511","0.489","-181","181","3.94","6550","3004"
1,"2014-10-27",4260,"train","4800","5244","5017","0.511","0.489","-757","757","17.77","6790","3244"
1,"2014-10-28",3364,"train","4301","4744","4518","0.511","0.489","-1154","1154","34.30","6291","2745"
1,"2014-10-29",3761,"train","4153","4596","4370","0.511","0.489","-609","609","16.19","6143","2597"
1,"2014-10-30",4042,"train","4065","4510","4283","0.511","0.489","-241","241","5.96","6056","2510"
1,"2014-10-31",4161,"train","4380","4825","4598","0.511","0.489","-437","437","10.50","6371","2825"
1,"2014-11-01",6532,"train","5217","5004","5113","0.511","0.489","1419","1419","21.72","6886","3340"
1,"2014-11-03",5857,"train","5457","5244","5353","0.511","0.489","504","504","8.61","7126","3580"
1,"2014-11-04",5253,"train","4957","4744","4853","0.511","0.489","400","400","7.61","6626","3080"
1,"2014-11-05",4838,"train","4810","4596","4705","0.511","0.489","133","133","2.75","6478","2932"
1,"2014-11-06",4785,"train","4722","4510","4618","0.511","0.489","167","167","3.49","6391","2845"
1,"2014-11-07",5220,"train","5037","4825","4933","0.511","0.489","287","287","5.50","6706","3160"
1,"2014-11-08",4720,"train","5216","5004","5112","0.511","0.489","-392","392","8.31","6885","3339"
1,"2014-11-10",5474,"train","5455","5244","5352","0.511","0.489","122","122","2.23","7125","3579"
1,"2014-11-11",4479,"train","4956","4744","4852","0.511","0.489","-373","373","8.33","6625","3079"
1,"2014-11-12",4677,"train","4809","4596","4705","0.511","0.489","-28","28","0.60","6478","2932"
1,"2014-11-13",3869,"train","4721","4510","4618","0.511","0.489","-749","749","19.36","6391","2845"
1,"2014-11-14",5334,"train","5035","4825","4932","0.511","0.489","402","402","7.54","6705","3159"
1,"2014-11-15",4967,"train","5214","5004","5111","0.511","0.489","-144","144","2.90","6884","3338"
1,"2014-11-17",3582,"train","5454","5244","5351","0.511","0.489","-1769","1769","49.39","7124","3578"
1,"2014-11-18",3890,"train","4955","4744","4852","0.511","0.489","-962","962","24.73","6625","3079"
1,"2014-11-19",3894,"train","4808","4596","4704","0.511","0.489","-810","810","20.80","6477","2931"
1,"2014-11-20",4963,"train","4719","4510","4617","0.511","0.489","346","346","6.97","6390","2844"
1,"2014-11-21",4594,"train","5034","4825","4932","0.511","0.489","-338","338","7.36","6705","3159"
1,"2014-11-22",5849,"train","5213","5004","5111","0.511","0.489","738","738","12.62","6884","3338"
1,"2014-11-24",6527,"train","5453","5244","5351","0.511","0.489","1176","1176","18.02","7124","3578"
1,"2014-11-25",5815,"train","4954","4744","4851","0.511","0.489","964","964","16.58","6624","3078"
1,"2014-11-26",5328,"train","4806","4596","4703","0.511","0.489","625","625","11.73","6476","2930"
1,"2014-11-27",6144,"train","4718","4510","4616","0.511","0.489","1528","1528","24.87","6389","2843"
1,"2014-11-28",7195,"train","5033","4825","4931","0.511","0.489","2264","2264","31.47","6704","3158"
1,"2014-11-29",7066,"train","5212","5004","5110","0.511","0.489","1956","1956","27.68","6883","3337"
1,"2014-12-01",7380,"train","6639","5244","5957","0.511","0.489","1423","1423","19.28","7730","4184"
1,"2014-12-02",6467,"train","6140","4744","5457","0.511","0.489","1010","1010","15.62","7230","3684"
1,"2014-12-03",6454,"train","5993","4596","5310","0.511","0.489","1144","1144","17.73","7083","3537"
1,"2014-12-04",7016,"train","5905","4510","5223","0.511","0.489","1793","1793","25.56","6996","3450"
1,"2014-12-05",6207,"train","6220","4825","5538","0.511","0.489","669","669","10.78","7311","3765"
1,"2014-12-06",6185,"train","6398","5004","5716","0.511","0.489","469","469","7.58","7489","3943"
1,"2014-12-08",4884,"train","6638","5244","5956","0.511","0.489","-1072","1072","21.95","7729","4183"
1,"2014-12-09",4345,"train","6139","4744","5457","0.511","0.489","-1112","1112","25.59","7230","3684"
1,"2014-12-10",4915,"train","5992","4596","5309","0.511","0.489","-394","394","8.02","7082","3536"
1,"2014-12-11",5060,"train","5904","4510","5222","0.511","0.489","-162","162","3.20","6995","3449"
1,"2014-12-12",5269,"train","6218","4825","5537","0.511","0.489","-268","268","5.09","7310","3764"
1,"2014-12-13",7263,"train","6397","5004","5716","0.511","0.489","1547","1547","21.30","7489","3943"
1,"2014-12-15",8069,"train","6637","5244","5956","0.511","0.489","2113","2113","26.19","7729","4183"
1,"2014-12-16",7739,"train","6138","4744","5456","0.511","0.489","2283","2283","29.50","7229","3683"
1,"2014-12-17",7523,"train","5990","4596","5308","0.511","0.489","2215","2215","29.44","7081","3535"
1,"2014-12-18",7785,"train","5902","4510","5221","0.511","0.489","2564","2564","32.94","6994","3448"
1,"2014-12-19",7558,"train","6217","4825","5536","0.511","0.489","2022","2022","26.75","7309","3763"
1,"2014-12-20",8367,"train","6396","5004","5715","0.511","0.489","2652","2652","31.70","7488","3942"
1,"2014-12-22",9331,"train","6636","5244","5955","0.511","0.489","3376","3376","36.18","7728","4182"
1,"2014-12-23",7959,"train","6136","4744","5455","0.511","0.489","2504","2504","31.46","7228","3682"
1,"2014-12-24",3659,"train","5989","4596","5308","0.511","0.489","-1649","1649","45.07","7081","3535"
1,"2014-12-27",6057,"train","6395","5004","5715","0.511","0.489","342","342","5.65","7488","3942"
1,"2014-12-29",6463,"train","6635","5244","5955","0.511","0.489","508","508","7.86","7728","4182"
1,"2014-12-30",6466,"train","6136","4744","5455","0.511","0.489","1011","1011","15.64","7228","3682"
1,"2014-12-31",2605,"train","5988","4596","5307","0.511","0.489","-2702","2702","103.72","7080","3534"
1,"2015-01-02",5509,"test","4610","4825","4715","0.511","0.489","794","794","14.41","6488","2942"
1,"2015-01-03",5023,"test","4789","5004","4894","0.511","0.489","129","129","2.57","6667","3121"
1,"2015-01-05",6239,"test","5029","5244","5134","0.511","0.489","1105","1105","17.71","6907","3361"
1,"2015-01-06",4574,"test","4529","4744","4634","0.511","0.489","-60","60","1.31","6407","2861"
1,"2015-01-07",4796,"test","4382","4596","4487","0.511","0.489","309","309","6.44","6260","2714"
1,"2015-01-08",3716,"test","4294","4510","4400","0.511","0.489","-684","684","18.41","6173","2627"
1,"2015-01-09",3998,"test","4609","4825","4715","0.511","0.489","-717","717","17.93","6488","2942"
1,"2015-01-10",4599,"test","4788","5004","4894","0.511","0.489","-295","295","6.41","6667","3121"
1,"2015-01-12",5346,"test","5027","5244","5133","0.511","0.489","213","213","3.98","6906","3360"
1,"2015-01-13",4924,"test","4528","4744","4634","0.511","0.489","290","290","5.89","6407","2861"
1,"2015-01-14",4541,"test","4381","4596","4486","0.511","0.489","55","55","1.21","6259","2713"
1,"2015-01-15",4295,"test","4293","4510","4399","0.511","0.489","-104","104","2.42","6172","2626"
1,"2015-01-16",4161,"test","4608","4825","4714","0.511","0.489","-553","553","13.29","6487","2941"
1,"2015-01-17",5255,"test","4786","5004","4893","0.511","0.489","362","362","6.89","6666","3120"
1,"2015-01-19",3721,"test","5026","5244","5133","0.511","0.489","-1412","1412","37.95","6906","3360"
1,"2015-01-20",3680,"test","4527","4744","4633","0.511","0.489","-953","953","25.90","6406","2860"
1,"2015-01-21",3299,"test","4380","4596","4486","0.511","0.489","-1187","1187","35.98","6259","2713"
1,"2015-01-22",3492,"test","4291","4510","4398","0.511","0.489","-906","906","25.95","6171","2625"
1,"2015-01-23",3586,"test","4606","4825","4713","0.511","0.489","-1127","1127","31.43","6486","2940"
1,"2015-01-24",4840,"test","4785","5004","4892","0.511","0.489","-52","52","1.07","6665","3119"
1,"2015-01-26",4781,"test","5025","5244","5132","0.511","0.489","-351","351","7.34","6905","3359"
1,"2015-01-27",4806,"test","4526","4744","4633","0.511","0.489","173","173","3.60","6406","2860"
1,"2015-01-28",4310,"test","4378","4596","4485","0.511","0.489","-175","175","4.06","6258","2712"
1,"2015-01-29",5171,"test","4290","4510","4398","0.511","0.489","773","773","14.95","6171","2625"
1,"2015-01-30",5577,"test","4605","4825","4713","0.511","0.489","864","864","15.49","6486","2940"
1,"2015-01-31",5363,"test","4784","5004","4892","0.511","0.489","471","471","8.78","6665","3119"
1,"2015-02-02",6038,"test","5236","5244","5240","0.511","0.489","798","798","13.22","7013","3467"
1,"2015-02-03",4901,"test","4736","4744","4740","0.511","0.489","161","161","3.29","6513","2967"
1,"2015-02-04",4672,"test","4589","4596","4592","0.511","0.489","80","80","1.71","6365","2819"
1,"2015-02-05",4394,"test","4501","4510","4505","0.511","0.489","-111","111","2.53","6278","2732"
1,"2015-02-06",5022,"test","4816","4825","4820","0.511","0.489","202","202","4.02","6593","3047"
1,"2015-02-07",4663,"test","4994","5004","4999","0.511","0.489","-336","336","7.21","6772","3226"
1,"2015-02-09",3965,"test","5234","5244","5239","0.511","0.489","-1274","1274","32.13","7012","3466"
1,"2015-02-10",3136,"test","4735","4744","4739","0.511","0.489","-1603","1603","51.12","6512","2966"
1,"2015-02-11",3735,"test","4588","4596","4592","0.511","0.489","-857","857","22.95","6365","2819"
1,"2015-02-12",3900,"test","4500","4510","4505","0.511","0.489","-605","605","15.51","6278","2732"
1,"2015-02-13",4726,"test","4814","4825","4819","0.511","0.489","-93","93","1.97","6592","3046"
1,"2015-02-14",5015,"test","4993","5004","4998","0.511","0.489","17","17","0.34","6771","3225"
1,"2015-02-16",4303,"test","5233","5244","5238","0.511","0.489","-935","935","21.73","7011","3465"
1,"2015-02-17",4833,"test","4734","4744","4739","0.511","0.489","94","94","1.94","6512","2966"
1,"2015-02-18",4180,"test","4587","4596","4591","0.511","0.489","-411","411","9.83","6364","2818"
1,"2015-02-19",4460,"test","4498","4510","4504","0.511","0.489","-44","44","0.99","6277","2731"
1,"2015-02-20",4651,"test","4813","4825","4819","0.511","0.489","-168","168","3.61","6592","3046"
1,"2015-02-21",4475,"test","4992","5004","4998","0.511","0.489","-523","523","11.69","6771","3225"
1,"2015-02-23",3598,"test","5232","5244","5238","0.511","0.489","-1640","1640","45.58","7011","3465"
1,"2015-02-24",4054,"test","4732","4744","4738","0.511","0.489","-684","684","16.87","6511","2965"
1,"2015-02-25",3875,"test","4585","4596","4590","0.511","0.489","-715","715","18.45","6363","2817"
1,"2015-02-26",4042,"test","4497","4510","4503","0.511","0.489","-461","461","11.41","6276","2730"
1,"2015-02-27",4708,"test","4812","4825","4818","0.511","0.489","-110","110","2.34","6591","3045"
1,"2015-02-28",5289,"test","4991","5004","4997","0.511","0.489","292","292","5.52","6770","3224"
1,"2015-03-02",5942,"test","5456","5244","5352","0.511","0.489","590","590","9.93","7125","3579"
1,"2015-03-03",5451,"test","4957","4744","4853","0.511","0.489","598","598","10.97","6626","3080"
1,"2015-03-04",5568,"test","4810","4596","4705","0.511","0.489","863","863","15.50","6478","2932"
1,"2015-03-05",4419,"test","4722","4510","4618","0.511","0.489","-199","199","4.50","6391","2845"
1,"2015-03-06",5397,"test","5037","4825","4933","0.511","0.489","464","464","8.60","6706","3160"
1,"2015-03-07",4592,"test","5215","5004","5112","0.511","0.489","-520","520","11.32","6885","3339"
1,"2015-03-09",3701,"test","5455","5244","5352","0.511","0.489","-1651","1651","44.61","7125","3579"
1,"2015-03-10",3805,"test","4956","4744","4852","0.511","0.489","-1047","1047","27.52","6625","3079"
1,"2015-03-11",4170,"test","4809","4596","4705","0.511","0.489","-535","535","12.83","6478","2932"
1,"2015-03-12",3141,"test","4720","4510","4617","0.511","0.489","-1476","1476","46.99","6390","2844"
1,"2015-03-13",3725,"test","5035","4825","4932","0.511","0.489","-1207","1207","32.40","6705","3159"
1,"2015-03-14",5225,"test","5214","5004","5111","0.511","0.489","114","114","2.18","6884","3338"
1,"2015-03-16",5695,"test","5454","5244","5351","0.511","0.489","344","344","6.04","7124","3578"
1,"2015-03-17",4806,"test","4955","4744","4852","0.511","0.489","-46","46","0.96","6625","3079"
1,"2015-03-18",3858,"test","4807","4596","4704","0.511","0.489","-846","846","21.93","6477","2931"
1,"2015-03-19",4748,"test","4719","4510","4617","0.511","0.489","131","131","2.76","6390","2844"
1,"2015-03-20",4057,"test","5034","4825","4932","0.511","0.489","-875","875","21.57","6705","3159"
1,"2015-03-21",3909,"test","5213","5004","5111","0.511","0.489","-1202","1202","30.75","6884","3338"
1,"2015-03-23",3565,"test","5453","5244","5351","0.511","0.489","-1786","1786","50.10","7124","3578"
1,"2015-03-24",3547,"test","4953","4744","4851","0.511","0.489","-1304","1304","36.76","6624","3078"
1,"2015-03-25",3531,"test","4806","4596","4703","0.511","0.489","-1172","1172","33.19","6476","2930"
1,"2015-03-26",3932,"test","4718","4510","4616","0.511","0.489","-684","684","17.40","6389","2843"
1,"2015-03-27",4005,"test","5033","4825","4931","0.511","0.489","-926","926","23.12","6704","3158"
1,"2015-03-28",5208,"test","5211","5004","5110","0.511","0.489","98","98","1.88","6883","3337"
1,"2015-03-30",6714,"test","5451","5244","5350","0.511","0.489","1364","1364","20.32","7123","3577"
1,"2015-03-31",6206,"test","4952","4744","4850","0.511","0.489","1356","1356","21.85","6623","3077"
1,"2015-04-01",6816,"test","4440","4596","4516","0.511","0.489","2300","2300","33.74","6289","2743"
1,"2015-04-02",6574,"test","4352","4510","4429","0.511","0.489","2145","2145","32.63","6202","2656"
1,"2015-04-04",6709,"test","4845","5004","4923","0.511","0.489","1786","1786","26.62","6696","3150"
1,"2015-04-07",4163,"test","4586","4744","4663","0.511","0.489","-500","500","12.01","6436","2890"
1,"2015-04-08",4194,"test","4439","4596","4516","0.511","0.489","-322","322","7.68","6289","2743"
1,"2015-04-09",3467,"test","4351","4510","4429","0.511","0.489","-962","962","27.75","6202","2656"
1,"2015-04-10",3549,"test","4666","4825","4744","0.511","0.489","-1195","1195","33.67","6517","2971"
1,"2015-04-11",4173,"test","4844","5004","4922","0.511","0.489","-749","749","17.95","6695","3149"
1,"2015-04-13",5377,"test","5084","5244","5162","0.511","0.489","215","215","4.00","6935","3389"
1,"2015-04-14",4648,"test","4585","4744","4663","0.511","0.489","-15","15","0.32","6436","2890"
1,"2015-04-15",4110,"test","4438","4596","4515","0.511","0.489","-405","405","9.85","6288","2742"
1,"2015-04-16",4116,"test","4349","4510","4428","0.511","0.489","-312","312","7.58","6201","2655"
1,"2015-04-17",4718,"test","4664","4825","4743","0.511","0.489","-25","25","0.53","6516","2970"
1,"2015-04-18",4594,"test","4843","5004","4922","0.511","0.489","-328","328","7.14","6695","3149"
1,"2015-04-20",3722,"test","5083","5244","5162","0.511","0.489","-1440","1440","38.69","6935","3389"
1,"2015-04-21",3037,"test","4584","4744","4662","0.511","0.489","-1625","1625","53.51","6435","2889"
1,"2015-04-22",3319,"test","4436","4596","4514","0.511","0.489","-1195","1195","36.00","6287","2741"
1,"2015-04-23",3076,"test","4348","4510","4427","0.511","0.489","-1351","1351","43.92","6200","2654"
1,"2015-04-24",3198,"test","4663","4825","4742","0.511","0.489","-1544","1544","48.28","6515","2969"
1,"2015-04-25",4318,"test","4842","5004","4921","0.511","0.489","-603","603","13.96","6694","3148"
1,"2015-04-27",5575,"test","5082","5244","5161","0.511","0.489","414","414","7.43","6934","3388"
1,"2015-04-28",5199,"test","4582","4744","4661","0.511","0.489","538","538","10.35","6434","2888"
1,"2015-04-29",5775,"test","4435","4596","4514","0.511","0.489","1261","1261","21.84","6287","2741"
1,"2015-04-30",6228,"test","4347","4510","4427","0.511","0.489","1801","1801","28.92","6200","2654"
1,"2015-05-02",5850,"test","5002","5004","5003","0.511","0.489","847","847","14.48","6776","3230"
1,"2015-05-04",5591,"test","5241","5244","5242","0.511","0.489","349","349","6.24","7015","3469"
1,"2015-05-05",4564,"test","4742","4744","4743","0.511","0.489","-179","179","3.92","6516","2970"
1,"2015-05-06",4960,"test","4595","4596","4595","0.511","0.489","365","365","7.36","6368","2822"
1,"2015-05-07",4529,"test","4507","4510","4508","0.511","0.489","21","21","0.46","6281","2735"
1,"2015-05-08",4683,"test","4822","4825","4823","0.511","0.489","-140","140","2.99","6596","3050"
1,"2015-05-09",4945,"test","5000","5004","5002","0.511","0.489","-57","57","1.15","6775","3229"
1,"2015-05-11",3551,"test","5240","5244","5242","0.511","0.489","-1691","1691","47.62","7015","3469"
1,"2015-05-12",3547,"test","4741","4744","4742","0.511","0.489","-1195","1195","33.69","6515","2969"
1,"2015-05-13",3998,"test","4594","4596","4595","0.511","0.489","-597","597","14.93","6368","2822"
1,"2015-05-15",4178,"test","4821","4825","4823","0.511","0.489","-645","645","15.44","6596","3050"
1,"2015-05-16",4431,"test","4999","5004","5001","0.511","0.489","-570","570","12.86","6774","3228"
1,"2015-05-18",5280,"test","5239","5244","5241","0.511","0.489","39","39","0.74","7014","3468"
1,"2015-05-19",5235,"test","4740","4744","4742","0.511","0.489","493","493","9.42","6515","2969"
1,"2015-05-20",4735,"test","4593","4596","4594","0.511","0.489","141","141","2.98","6367","2821"
1,"2015-05-21",3755,"test","4504","4510","4507","0.511","0.489","-752","752","20.03","6280","2734"
1,"2015-05-22",4459,"test","4819","4825","4822","0.511","0.489","-363","363","8.14","6595","3049"
1,"2015-05-23",4276,"test","4998","5004","5001","0.511","0.489","-725","725","16.96","6774","3228"
1,"2015-05-26",4211,"test","4739","4744","4741","0.511","0.489","-530","530","12.59","6514","2968"
1,"2015-05-27",4083,"test","4592","4596","4594","0.511","0.489","-511","511","12.52","6367","2821"
1,"2015-05-28",4111,"test","4503","4510","4506","0.511","0.489","-395","395","9.61","6279","2733"
1,"2015-05-29",4656,"test","4818","4825","4821","0.511","0.489","-165","165","3.54","6594","3048"
1,"2015-05-30",5592,"test","4997","5004","5000","0.511","0.489","592","592","10.59","6773","3227"
1,"2015-06-01",5774,"test","4935","5244","5086","0.511","0.489","688","688","11.92","6859","3313"
1,"2015-06-02",5450,"test","4436","4744","4587","0.511","0.489","863","863","15.83","6360","2814"
1,"2015-06-03",5809,"test","4288","4596","4439","0.511","0.489","1370","1370","23.58","6212","2666"
1,"2015-06-05",5384,"test","4515","4825","4667","0.511","0.489","717","717","13.32","6440","2894"
1,"2015-06-06",4183,"test","4694","5004","4846","0.511","0.489","-663","663","15.85","6619","3073"
1,"2015-06-08",4071,"test","4934","5244","5086","0.511","0.489","-1015","1015","24.93","6859","3313"
1,"2015-06-09",4102,"test","4434","4744","4586","0.511","0.489","-484","484","11.80","6359","2813"
1,"2015-06-10",3591,"test","4287","4596","4438","0.511","0.489","-847","847","23.59","6211","2665"
1,"2015-06-11",3627,"test","4199","4510","4351","0.511","0.489","-724","724","19.96","6124","2578"
1,"2015-06-12",3695,"test","4514","4825","4666","0.511","0.489","-971","971","26.28","6439","2893"
1,"2015-06-13",4256,"test","4693","5004","4845","0.511","0.489","-589","589","13.84","6618","3072"
1,"2015-06-15",5518,"test","4932","5244","5085","0.511","0.489","433","433","7.85","6858","3312"
1,"2015-06-16",4852,"test","4433","4744","4585","0.511","0.489","267","267","5.50","6358","2812"
1,"2015-06-17",4000,"test","4286","4596","4438","0.511","0.489","-438","438","10.95","6211","2665"
1,"2015-06-18",4645,"test","4198","4510","4351","0.511","0.489","294","294","6.33","6124","2578"
1,"2015-06-19",4202,"test","4513","4825","4666","0.511","0.489","-464","464","11.04","6439","2893"
1,"2015-06-20",4097,"test","4691","5004","4844","0.511","0.489","-747","747","18.23","6617","3071"
1,"2015-06-22",3846,"test","4931","5244","5084","0.511","0.489","-1238","1238","32.19","6857","3311"
1,"2015-06-23",3762,"test","4432","4744","4585","0.511","0.489","-823","823","21.88","6358","2812"
1,"2015-06-24",3346,"test","4285","4596","4437","0.511","0.489","-1091","1091","32.61","6210","2664"
1,"2015-06-25",3533,"test","4196","4510","4350","0.511","0.489","-817","817","23.12","6123","2577"
1,"2015-06-26",3317,"test","4511","4825","4665","0.511","0.489","-1348","1348","40.64","6438","2892"
1,"2015-06-27",4019,"test","4690","5004","4844","0.511","0.489","-825","825","20.53","6617","3071"
1,"2015-06-29",5197,"test","4930","5244","5084","0.511","0.489","113","113","2.17","6857","3311"
1,"2015-06-30",5735,"test","4431","4744","4584","0.511","0.489","1151","1151","20.07","6357","2811"
1,"2015-07-01",5223,"test","4320","4596","4455","0.511","0.489","768","768","14.70","6228","2682"
1,"2015-07-02",5558,"test","4232","4510","4368","0.511","0.489","1190","1190","21.41","6141","2595"
1,"2015-07-03",4665,"test","4547","4825","4683","0.511","0.489","-18","18","0.39","6456","2910"
1,"2015-07-04",4797,"test","4726","5004","4862","0.511","0.489","-65","65","1.36","6635","3089"
1,"2015-07-06",4359,"test","4966","5244","5102","0.511","0.489","-743","743","17.05","6875","3329"
1,"2015-07-07",3650,"test","4466","4744","4602","0.511","0.489","-952","952","26.08","6375","2829"
1,"2015-07-08",3797,"test","4319","4596","4454","0.511","0.489","-657","657","17.30","6227","2681"
1,"2015-07-09",3897,"test","4231","4510","4367","0.511","0.489","-470","470","12.06","6140","2594"
1,"2015-07-10",3808,"test","4546","4825","4682","0.511","0.489","-874","874","22.95","6455","2909"
1,"2015-07-11",3530,"test","4724","5004","4861","0.511","0.489","-1331","1331","37.71","6634","3088"
1,"2015-07-13",5054,"test","4964","5244","5101","0.511","0.489","-47","47","0.93","6874","3328"
1,"2015-07-14",5042,"test","4465","4744","4601","0.511","0.489","441","441","8.75","6374","2828"
1,"2015-07-15",4767,"test","4318","4596","4454","0.511","0.489","313","313","6.57","6227","2681"
1,"2015-07-16",4427,"test","4230","4510","4367","0.511","0.489","60","60","1.36","6140","2594"
1,"2015-07-17",4852,"test","4544","4825","4681","0.511","0.489","171","171","3.52","6454","2908"
1,"2015-07-18",4406,"test","4723","5004","4860","0.511","0.489","-454","454","10.30","6633","3087"
1,"2015-07-20",4395,"test","4963","5244","5100","0.511","0.489","-705","705","16.04","6873","3327"
1,"2015-07-21",3558,"test","4464","4744","4601","0.511","0.489","-1043","1043","29.31","6374","2828"
1,"2015-07-22",3464,"test","4317","4596","4453","0.511","0.489","-989","989","28.55","6226","2680"
1,"2015-07-23",3769,"test","4228","4510","4366","0.511","0.489","-597","597","15.84","6139","2593"
1,"2015-07-24",3706,"test","4543","4825","4681","0.511","0.489","-975","975","26.31","6454","2908"
1,"2015-07-25",4364,"test","4722","5004","4860","0.511","0.489","-496","496","11.37","6633","3087"
1,"2015-07-27",6102,"test","4962","5244","5100","0.511","0.489","1002","1002","16.42","6873","3327"
1,"2015-07-28",5011,"test","4462","4744","4600","0.511","0.489","411","411","8.20","6373","2827"
1,"2015-07-29",4782,"test","4315","4596","4452","0.511","0.489","330","330","6.90","6225","2679"
1,"2015-07-30",5020,"test","4227","4510","4365","0.511","0.489","655","655","13.05","6138","2592"
1,"2015-07-31",5263,"test","4542","4825","4680","0.511","0.489","583","583","11.08","6453","2907"
2,"2013-01-18",3441,"train","4171","4710","4446","0.490","0.510","-1005","1005","29.21","6758","2134"
2,"2013-01-19",2399,"train","2301","2844","2578","0.490","0.510","-179","179","7.46","4890","266"
2,"2013-01-21",6311,"train","5542","6086","5819","0.490","0.510","492","492","7.80","8131","3507"
2,"2013-01-22",5803,"train","4745","5287","5021","0.490","0.510","782","782","13.48","7333","2709"
2,"2013-01-23",5974,"train","5296","5840","5573","0.490","0.510","401","401","6.71","7885","3261"
2,"2013-01-24",5091,"train","4468","5005","4742","0.490","0.510","349","349","6.86","7054","2430"
2,"2013-01-25",4589,"train","4175","4710","4448","0.490","0.510","141","141","3.07","6760","2136"
2,"2013-01-26",2205,"train","2306","2844","2580","0.490","0.510","-375","375","17.01","4892","268"
2,"2013-01-28",3549,"train","5547","6086","5822","0.490","0.510","-2273","2273","64.05","8134","3510"
2,"2013-01-29",3461,"train","4750","5287","5024","0.490","0.510","-1563","1563","45.16","7336","2712"
2,"2013-01-30",4446,"train","5301","5840","5576","0.490","0.510","-1130","1130","25.42","7888","3264"
2,"2013-01-31",4340,"train","4472","5005","4744","0.490","0.510","-404","404","9.31","7056","2432"
2,"2013-02-01",4545,"train","4331","4710","4524","0.490","0.510","21","21","0.46","6836","2212"
2,"2013-02-02",2956,"train","2462","2844","2657","0.490","0.510","299","299","10.12","4969","345"
2,"2013-02-04",6480,"train","5703","6086","5898","0.490","0.510","582","582","8.98","8210","3586"
2,"2013-02-05",6269,"train","4906","5287","5100","0.490","0.510","1169","1169","18.65","7412","2788"
2,"2013-02-06",6438,"train","5456","5840","5652","0.490","0.510","786","786","12.21","7964","3340"
2,"2013-02-07",5575,"train","4628","5005","4820","0.490","0.510","755","755","13.54","7132","2508"
2,"2013-02-08",4203,"train","4336","4710","4527","0.490","0.510","-324","324","7.71","6839","2215"
2,"2013-02-09",3031,"train","2467","2844","2659","0.490","0.510","372","372","12.27","4971","347"
2,"2013-02-11",4303,"train","5708","6086","5901","0.490","0.510","-1598","1598","37.14","8213","3589"
2,"2013-02-12",3968,"train","4910","5287","5102","0.490","0.510","-1134","1134","28.58","7414","2790"
2,"2013-02-13",5001,"train","5461","5840","5654","0.490","0.510","-653","653","13.06","7966","3342"
2,"2013-02-14",4439,"train","4633","5005","4823","0.490","0.510","-384","384","8.65","7135","2511"
2,"2013-02-15",3812,"train","4341","4710","4529","0.490","0.510","-717","717","18.81","6841","2217"
2,"2013-02-16",2401,"train","2472","2844","2662","0.490","0.510","-261","261","10.87","4974","350"
2,"2013-02-18",7493,"train","5712","6086","5903","0.490","0.510","1590","1590","21.22","8215","3591"
2,"2013-02-19",5734,"train","4915","5287","5105","0.490","0.510","629","629","10.97","7417","2793"
2,"2013-02-20",6116,"train","5466","5840","5657","0.490","0.510","459","459","7.50","7969","3345"
2,"2013-02-21",5276,"train","4638","5005","4825","0.490","0.510","451","451","8.55","7137","2513"
2,"2013-02-22",4552,"train","4346","4710","4532","0.490","0.510","20","20","0.44","6844","2220"
2,"2013-02-23",1919,"train","2476","2844","2664","0.490","0.510","-745","745","38.82","4976","352"
2,"2013-02-25",3084,"train","5717","6086","5905","0.490","0.510","-2821","2821","91.47","8217","3593"
2,"2013-02-26",3919,"train","4920","5287","5107","0.490","0.510","-1188","1188","30.31","7419","2795"
2,"2013-02-27",4741,"train","5471","5840","5659","0.490","0.510","-918","918","19.36","7971","3347"
2,"2013-02-28",4859,"train","4643","5005","4828","0.490","0.510","31","31","0.64","7140","2516"
2,"2013-03-01",4290,"train","4639","4710","4675","0.490","0.510","-385","385","8.97","6987","2363"
2,"2013-03-02",2643,"train","2770","2844","2808","0.490","0.510","-165","165","6.24","5120","496"
2,"2013-03-04",7993,"train","6011","6086","6049","0.490","0.510","1944","1944","24.32","8361","3737"
2,"2013-03-05",6357,"train","5214","5287","5251","0.490","0.510","1106","1106","17.40","7563","2939"
2,"2013-03-06",6842,"train","5765","5840","5803","0.490","0.510","1039","1039","15.19","8115","3491"
2,"2013-03-07",5747,"train","4936","5005","4971","0.490","0.510","776","776","13.50","7283","2659"
2,"2013-03-08",4822,"train","4644","4710","4678","0.490","0.510","144","144","2.99","6990","2366"
2,"2013-03-09",2208,"train","2775","2844","2810","0.490","0.510","-602","602","27.26","5122","498"
2,"2013-03-11",3778,"train","6016","6086","6052","0.490","0.510","-2274","2274","60.19","8364","3740"
2,"2013-03-12",2991,"train","5219","5287","5254","0.490","0.510","-2263","2263","75.66","7566","2942"
2,"2013-03-13",3874,"train","5769","5840","5805","0.490","0.510","-1931","1931","49.85","8117","3493"
2,"2013-03-14",3964,"train","4941","5005","4974","0.490","0.510","-1010","1010","25.48","7286","2662"
2,"2013-03-15",4181,"train","4649","4710","4680","0.490","0.510","-499","499","11.93","6992","2368"
2,"2013-03-16",2956,"train","2780","2844","2813","0.490","0.510","143","143","4.84","5125","501"
2,"2013-03-18",7593,"train","6021","6086","6054","0.490","0.510","1539","1539","20.27","8366","3742"
2,"2013-03-19",6224,"train","5223","5287","5256","0.490","0.510","968","968","15.55","7568","2944"
2,"2013-03-20",6783,"train","5774","5840","5808","0.490","0.510","975","975","14.37","8120","3496"
2,"2013-03-21",5322,"train","4946","5005","4976","0.490","0.510","346","346","6.50","7288","2664"
2,"2013-03-22",4955,"train","4654","4710","4683","0.490","0.510","272","272","5.49","6995","2371"
2,"2013-03-23",2691,"train","2785","2844","2815","0.490","0.510","-124","124","4.61","5127","503"
2,"2013-03-25",8412,"train","6025","6086","6056","0.490","0.510","2356","2356","28.01","8368","3744"
2,"2013-03-26",6384,"train","5228","5287","5258","0.490","0.510","1126","1126","17.64","7570","2946"
2,"2013-03-27",7880,"train","5779","5840","5810","0.490","0.510","2070","2070","26.27","8122","3498"
2,"2013-03-28",7229,"train","4951","5005","4979","0.490","0.510","2250","2250","31.12","7291","2667"
2,"2013-03-30",4406,"train","2789","2844","2817","0.490","0.510","1589","1589","36.06","5129","505"
2,"2013-04-02",3643,"train","5098","5287","5194","0.490","0.510","-1551","1551","42.57","7506","2882"
2,"2013-04-03",4250,"train","5649","5840","5746","0.490","0.510","-1496","1496","35.20","8058","3434"
2,"2013-04-04",4114,"train","4821","5005","4915","0.490","0.510","-801","801","19.47","7227","2603"
2,"2013-04-05",3872,"train","4529","4710","4621","0.490","0.510","-749","749","19.34","6933","2309"
2,"2013-04-06",2461,"train","2660","2844","2754","0.490","0.510","-293","293","11.91","5066","442"
2,"2013-04-08",6696,"train","5900","6086","5995","0.490","0.510","701","701","10.47","8307","3683"
2,"2013-04-09",6574,"train","5103","5287","5197","0.490","0.510","1377","1377","20.95","7509","2885"
2,"2013-04-10",6520,"train","5654","5840","5749","0.490","0.510","771","771","11.83","8061","3437"
2,"2013-04-11",5301,"train","4826","5005","4917","0.490","0.510","384","384","7.24","7229","2605"
2,"2013-04-12",4334,"train","4534","4710","4624","0.490","0.510","-290","290","6.69","6936","2312"
2,"2013-04-13",2561,"train","2664","2844","2756","0.490","0.510","-195","195","7.61","5068","444"
2,"2013-04-15",3850,"train","5905","6086","5997","0.490","0.510","-2147","2147","55.77","8309","3685"
2,"2013-04-16",4059,"train","5108","5287","5199","0.490","0.510","-1140","1140","28.09","7511","2887"
2,"2013-04-17",4776,"train","5659","5840","5751","0.490","0.510","-975","975","20.41","8063","3439"
2,"2013-04-18",3516,"train","4831","5005","4920","0.490","0.510","-1404","1404","39.93","7232","2608"
2,"2013-04-19",3525,"train","4538","4710","4626","0.490","0.510","-1101","1101","31.23","6938","2314"
2,"2013-04-20",2701,"train","2669","2844","2758","0.490","0.510","-57","57","2.11","5070","446"
2,"2013-04-22",6774,"train","5910","6086","6000","0.490","0.510","774","774","11.43","8312","3688"
2,"2013-04-23",5775,"train","5113","5287","5202","0.490","0.510","573","573","9.92","7514","2890"
2,"2013-04-24",6260,"train","5664","5840","5754","0.490","0.510","506","506","8.08","8066","3442"
2,"2013-04-25",4689,"train","4835","5005","4922","0.490","0.510","-233","233","4.97","7234","2610"
2,"2013-04-26",4914,"train","4543","4710","4628","0.490","0.510","286","286","5.82","6940","2316"
2,"2013-04-27",2134,"train","2674","2844","2761","0.490","0.510","-627","627","29.38","5073","449"
2,"2013-04-29",6707,"train","5915","6086","6002","0.490","0.510","705","705","10.51","8314","3690"
2,"2013-04-30",6872,"train","5118","5287","5204","0.490","0.510","1668","1668","24.27","7516","2892"
2,"2013-05-02",6699,"train","4718","5005","4864","0.490","0.510","1835","1835","27.39","7176","2552"
2,"2013-05-03",5938,"train","4426","4710","4571","0.490","0.510","1367","1367","23.02","6883","2259"
2,"2013-05-04",2260,"train","2557","2844","2703","0.490","0.510","-443","443","19.60","5015","391"
2,"2013-05-06",3840,"train","5798","6086","5945","0.490","0.510","-2105","2105","54.82","8257","3633"
2,"2013-05-07",4131,"train","5001","5287","5147","0.490","0.510","-1016","1016","24.59","7459","2835"
2,"2013-05-08",5605,"train","5551","5840","5698","0.490","0.510","-93","93","1.66","8010","3386"
2,"2013-05-10",4888,"train","4430","4710","4573","0.490","0.510","315","315","6.44","6885","2261"
2,"2013-05-11",2702,"train","2561","2844","2705","0.490","0.510","-3","3","0.11","5017","393"
2,"2013-05-13",6604,"train","5802","6086","5947","0.490","0.510","657","657","9.95","8259","3635"
2,"2013-05-14",5913,"train","5005","5287","5149","0.490","0.510","764","764","12.92","7461","2837"
2,"2013-05-15",6263,"train","5555","5840","5700","0.490","0.510","563","563","8.99","8012","3388"
2,"2013-05-16",5317,"train","4727","5005","4869","0.490","0.510","448","448","8.43","7181","2557"
2,"2013-05-17",4582,"train","4435","4710","4575","0.490","0.510","7","7","0.15","6887","2263"
2,"2013-05-18",2343,"train","2566","2844","2708","0.490","0.510","-365","365","15.58","5020","396"
2,"2013-05-21",4548,"train","5009","5287","5151","0.490","0.510","-603","603","13.26","7463","2839"
2,"2013-05-22",4663,"train","5559","5840","5702","0.490","0.510","-1039","1039","22.28","8014","3390"
2,"2013-05-23",3916,"train","4731","5005","4871","0.490","0.510","-955","955","24.39","7183","2559"
2,"2013-05-24",3778,"train","4439","4710","4577","0.490","0.510","-799","799","21.15","6889","2265"
2,"2013-05-25",2823,"train","2570","2844","2710","0.490","0.510","113","113","4.00","5022","398"
2,"2013-05-27",6751,"train","5811","6086","5951","0.490","0.510","800","800","11.85","8263","3639"
2,"2013-05-28",5732,"train","5013","5287","5153","0.490","0.510","579","579","10.10","7465","2841"
2,"2013-05-29",5345,"train","5564","5840","5705","0.490","0.510","-360","360","6.74","8017","3393"
2,"2013-05-30",5822,"train","4736","5005","4873","0.490","0.510","949","949","16.30","7185","2561"
2,"2013-05-31",5916,"train","4444","4710","4580","0.490","0.510","1336","1336","22.58","6892","2268"
2,"2013-06-01",2335,"train","2634","2844","2741","0.490","0.510","-406","406","17.39","5053","429"
2,"2013-06-03",6959,"train","5875","6086","5983","0.490","0.510","976","976","14.03","8295","3671"
2,"2013-06-04",6280,"train","5077","5287","5184","0.490","0.510","1096","1096","17.45","7496","2872"
2,"2013-06-05",6682,"train","5628","5840","5736","0.490","0.510","946","946","14.16","8048","3424"
2,"2013-06-06",4776,"train","4800","5005","4905","0.490","0.510","-129","129","2.70","7217","2593"
2,"2013-06-07",5237,"train","4508","4710","4611","0.490","0.510","626","626","11.95","6923","2299"
2,"2013-06-08",2246,"train","2639","2844","2744","0.490","0.510","-498","498","22.17","5056","432"
2,"2013-06-10",3786,"train","5879","6086","5985","0.490","0.510","-2199","2199","58.08","8297","3673"
2,"2013-06-11",4233,"train","5082","5287","5187","0.490","0.510","-954","954","22.54","7499","2875"
2,"2013-06-12",4638,"train","5633","5840","5739","0.490","0.510","-1101","1101","23.74","8051","3427"
2,"2013-06-13",3763,"train","4805","5005","4907","0.490","0.510","-1144","1144","30.40","7219","2595"
2,"2013-06-14",4437,"train","4513","4710","4613","0.490","0.510","-176","176","3.97","6925","2301"
2,"2013-06-15",2724,"train","2643","2844","2746","0.490","0.510","-22","22","0.81","5058","434"
2,"2013-06-17",7259,"train","5884","6086","5987","0.490","0.510","1272","1272","17.52","8299","3675"
2,"2013-06-18",5309,"train","5087","5287","5189","0.490","0.510","120","120","2.26","7501","2877"
2,"2013-06-19",5708,"train","5638","5840","5741","0.490","0.510","-33","33","0.58","8053","3429"
2,"2013-06-20",4683,"train","4810","5005","4909","0.490","0.510","-226","226","4.83","7221","2597"
2,"2013-06-21",5333,"train","4517","4710","4615","0.490","0.510","718","718","13.46","6927","2303"
2,"2013-06-22",2566,"train","2648","2844","2748","0.490","0.510","-182","182","7.09","5060","436"
2,"2013-06-24",4388,"train","5889","6086","5989","0.490","0.510","-1601","1601","36.49","8301","3677"
2,"2013-06-25",3921,"train","5092","5287","5191","0.490","0.510","-1270","1270","32.39","7503","2879"
2,"2013-06-26",4869,"train","5643","5840","5743","0.490","0.510","-874","874","17.95","8055","3431"
2,"2013-06-27",4791,"train","4814","5005","4911","0.490","0.510","-120","120","2.50","7223","2599"
2,"2013-06-28",5261,"train","4522","4710","4618","0.490","0.510","643","643","12.22","6930","2306"
2,"2013-06-29",3687,"train","2653","2844","2750","0.490","0.510","937","937","25.41","5062","438"
2,"2013-07-01",6336,"train","6019","6086","6053","0.490","0.510","283","283","4.47","8365","3741"
2,"2013-07-02",5862,"train","5222","5287","5255","0.490","0.510","607","607","10.35","7567","2943"
2,"2013-07-03",6527,"train","5772","5840","5807","0.490","0.510","720","720","11.03","8119","3495"
2,"2013-07-04",5820,"train","4944","5005","4975","0.490","0.510","845","845","14.52","7287","2663"
2,"2013-07-05",5288,"train","4652","4710","4682","0.490","0.510","606","606","11.46","6994","2370"
2,"2013-07-06",4504,"train","2783","2844","2814","0.490","0.510","1690","1690","37.52","5126","502"
2,"2013-07-08",4460,"train","6024","6086","6056","0.490","0.510","-1596","1596","35.78","8368","3744"
2,"2013-07-09",4600,"train","5226","5287","5257","0.490","0.510","-657","657","14.28","7569","2945"
2,"2013-07-10",5244,"train","5777","5840","5809","0.490","0.510","-565","565","10.77","8121","3497"
2,"2013-07-11",4772,"train","4949","5005","4978","0.490","0.510","-206","206","4.32","7290","2666"
2,"2013-07-12",4605,"train","4657","4710","4684","0.490","0.510","-79","79","1.72","6996","2372"
2,"2013-07-13",2838,"train","2788","2844","2817","0.490","0.510","21","21","0.74","5129","505"
2,"2013-07-15",8528,"train","6028","6086","6058","0.490","0.510","2470","2470","28.96","8370","3746"
2,"2013-07-16",6670,"train","5231","5287","5260","0.490","0.510","1410","1410","21.14","7572","2948"
2,"2013-07-17",6219,"train","5782","5840","5812","0.490","0.510","407","407","6.54","8124","3500"
2,"2013-07-18",5907,"train","4954","5005","4980","0.490","0.510","927","927","15.69","7292","2668"
2,"2013-07-19",4885,"train","4662","4710","4686","0.490","0.510","199","199","4.07","6998","2374"
2,"2013-07-20",2670,"train","2792","2844","2819","0.490","0.510","-149","149","5.58","5131","507"
2,"2013-07-22",3658,"train","6033","6086","6060","0.490","0.510","-2402","2402","65.66","8372","3748"
2,"2013-07-23",3726,"train","5236","5287","5262","0.490","0.510","-1536","1536","41.22","7574","2950"
2,"2013-07-24",4282,"train","5787","5840","5814","0.490","0.510","-1532","1532","35.78","8126","3502"
2,"2013-07-25",3531,"train","4959","5005","4982","0.490","0.510","-1451","1451","41.09","7294","2670"
2,"2013-07-26",3441,"train","4666","4710","4688","0.490","0.510","-1247","1247","36.24","7000","2376"
2,"2013-07-27",2059,"train","2797","2844","2821","0.490","0.510","-762","762","37.01","5133","509"
2,"2013-07-29",7249,"train","6038","6086","6062","0.490","0.510","1187","1187","16.37","8374","3750"
2,"2013-07-30",6802,"train","5241","5287","5264","0.490","0.510","1538","1538","22.61","7576","2952"
2,"2013-07-31",8295,"train","5792","5840","5816","0.490","0.510","2479","2479","29.89","8128","3504"
2,"2013-08-01",5640,"train","4569","5005","4791","0.490","0.510","849","849","15.05","7103","2479"
2,"2013-08-02",4776,"train","4277","4710","4498","0.490","0.510","278","278","5.82","6810","2186"
2,"2013-08-03",2641,"train","2408","2844","2630","0.490","0.510","11","11","0.42","4942","318"
2,"2013-08-05",4066,"train","5649","6086","5872","0.490","0.510","-1806","1806","44.42","8184","3560"
2,"2013-08-06",3434,"train","4852","5287","5074","0.490","0.510","-1640","1640","47.76","7386","2762"
2,"2013-08-07",4467,"train","5402","5840","5625","0.490","0.510","-1158","1158","25.92","7937","3313"
2,"2013-08-08",3949,"train","4574","5005","4794","0.490","0.510","-845","845","21.40","7106","2482"
2,"2013-08-09",3551,"train","4282","4710","4500","0.490","0.510","-949","949","26.72","6812","2188"
2,"2013-08-10",2624,"train","2413","2844","2633","0.490","0.510","-9","9","0.34","4945","321"
2,"2013-08-12",6518,"train","5654","6086","5874","0.490","0.510","644","644","9.88","8186","3562"
2,"2013-08-13",6154,"train","4856","5287","5076","0.490","0.510","1078","1078","17.52","7388","2764"
2,"2013-08-14",7229,"train","5407","5840","5628","0.490","0.510","1601","1601","22.15","7940","3316"
2,"2013-08-15",5186,"train","4579","5005","4796","0.490","0.510","390","390","7.52","7108","2484"
2,"2013-08-16",4895,"train","4287","4710","4503","0.490","0.510","392","392","8.01","6815","2191"
2,"2013-08-17",2731,"train","2418","2844","2635","0.490","0.510","96","96","3.52","4947","323"
2,"2013-08-19",3747,"train","5658","6086","5876","0.490","0.510","-2129","2129","56.82","8188","3564"
2,"2013-08-20",3894,"train","4861","5287","5078","0.490","0.510","-1184","1184","30.41","7390","2766"
2,"2013-08-21",4399,"train","5412","5840","5630","0.490","0.510","-1231","1231","27.98","7942","3318"
2,"2013-08-22",3998,"train","4584","5005","4799","0.490","0.510","-801","801","20.04","7111","2487"
2,"2013-08-23",3652,"train","4292","4710","4505","0.490","0.510","-853","853","23.36","6817","2193"
2,"2013-08-24",2546,"train","2422","2844","2637","0.490","0.510","-91","91","3.57","4949","325"
2,"2013-08-26",7453,"train","5663","6086","5879","0.490","0.510","1574","1574","21.12","8191","3567"
2,"2013-08-27",6529,"train","4866","5287","5081","0.490","0.510","1448","1448","22.18","7393","2769"
2,"2013-08-28",6474,"train","5417","5840","5633","0.490","0.510","841","841","12.99","7945","3321"
2,"2013-08-29",5527,"train","4589","5005","4801","0.490","0.510","726","726","13.14","7113","2489"
2,"2013-08-30",6280,"train","4296","4710","4507","0.490","0.510","1773","1773","28.23","6819","2195"
2,"2013-08-31",2803,"train","2427","2844","2640","0.490","0.510","163","163","5.82","4952","328"
2,"2013-09-02",4305,"train","5860","6086","5975","0.490","0.510","-1670","1670","38.79","8287","3663"
2,"2013-09-03",4199,"train","5063","5287","5177","0.490","0.510","-978","978","23.29","7489","2865"
2,"2013-09-04",4709,"train","5614","5840","5729","0.490","0.510","-1020","1020","21.66","8041","3417"
2,"2013-09-05",3784,"train","4785","5005","4897","0.490","0.510","-1113","1113","29.41","7209","2585"
2,"2013-09-06",3793,"train","4493","4710","4604","0.490","0.510","-811","811","21.38","6916","2292"
2,"2013-09-07",2540,"train","2624","2844","2736","0.490","0.510","-196","196","7.72","5048","424"
2,"2013-09-09",7005,"train","5865","6086","5978","0.490","0.510","1027","1027","14.66","8290","3666"
2,"2013-09-10",6578,"train","5068","5287","5180","0.490","0.510","1398","1398","21.25","7492","2868"
2,"2013-09-11",6537,"train","5618","5840","5731","0.490","0.510","806","806","12.33","8043","3419"
2,"2013-09-12",5558,"train","4790","5005","4900","0.490","0.510","658","658","11.84","7212","2588"
2,"2013-09-13",4954,"train","4498","4710","4606","0.490","0.510","348","348","7.02","6918","2294"
2,"2013-09-14",2841,"train","2629","2844","2739","0.490","0.510","102","102","3.59","5051","427"
2,"2013-09-16",3837,"train","5870","6086","5980","0.490","0.510","-2143","2143","55.85","8292","3668"
2,"2013-09-17",3823,"train","5072","5287","5182","0.490","0.510","-1359","1359","35.55","7494","2870"
2,"2013-09-18",4574,"train","5623","5840","5734","0.490","0.510","-1160","1160","25.36","8046","3422"
2,"2013-09-19",3840,"train","4795","5005","4902","0.490","0.510","-1062","1062","27.66","7214","2590"
2,"2013-09-20",3949,"train","4503","4710","4609","0.490","0.510","-660","660","16.71","6921","2297"
2,"2013-09-21",2651,"train","2634","2844","2741","0.490","0.510","-90","90","3.39","5053","429"
2,"2013-09-23",6802,"train","5874","6086","5982","0.490","0.510","820","820","12.06","8294","3670"
2,"2013-09-24",6387,"train","5077","5287","5184","0.490","0.510","1203","1203","18.84","7496","2872"
2,"2013-09-25",6708,"train","5628","5840","5736","0.490","0.510","972","972","14.49","8048","3424"
2,"2013-09-26",5795,"train","4800","5005","4905","0.490","0.510","890","890","15.36","7217","2593"
2,"2013-09-27",4874,"train","4508","4710","4611","0.490","0.510","263","263","5.40","6923","2299"
2,"2013-09-28",3428,"train","2638","2844","2743","0.490","0.510","685","685","19.98","5055","431"
2,"2013-09-30",5610,"train","5879","6086","5985","0.490","0.510","-375","375","6.68","8297","3673"
2,"2013-10-01",3830,"train","4852","5287","5074","0.490","0.510","-1244","1244","32.48","7386","2762"
2,"2013-10-02",5238,"train","5403","5840","5626","0.490","0.510","-388","388","7.41","7938","3314"
2,"2013-10-03",2656,"train","4575","5005","4794","0.490","0.510","-2138","2138","80.50","7106","2482"
2,"2013-10-04",4671,"train","4282","4710","4500","0.490","0.510","171","171","3.66","6812","2188"
2,"2013-10-05",2688,"train","2413","2844","2633","0.490","0.510","55","55","2.05","4945","321"
2,"2013-10-07",7368,"train","5654","6086","5874","0.490","0.510","1494","1494","20.28","8186","3562"
2,"2013-10-08",6282,"train","4857","5287","5076","0.490","0.510","1206","1206","19.20","7388","2764"
2,"2013-10-09",7006,"train","5408","5840","5628","0.490","0.510","1378","1378","19.67","7940","3316"
2,"2013-10-10",4972,"train","4580","5005","4797","0.490","0.510","175","175","3.52","7109","2485"
2,"2013-10-11",4923,"train","4287","4710","4503","0.490","0.510","420","420","8.53","6815","2191"
2,"2013-10-12",2914,"train","2418","2844","2635","0.490","0.510","279","279","9.57","4947","323"
2,"2013-10-14",4528,"train","5659","6086","5877","0.490","0.510","-1349","1349","29.79","8189","3565"
2,"2013-10-15",3584,"train","4862","5287","5079","0.490","0.510","-1495","1495","41.71","7391","2767"
2,"2013-10-16",5035,"train","5413","5840","5631","0.490","0.510","-596","596","11.84","7943","3319"
2,"2013-10-17",3986,"train","4584","5005","4799","0.490","0.510","-813","813","20.40","7111","2487"
2,"2013-10-18",4095,"train","4292","4710","4505","0.490","0.510","-410","410","10.01","6817","2193"
2,"2013-10-19",2441,"train","2423","2844","2638","0.490","0.510","-197","197","8.07","4950","326"
2,"2013-10-21",6538,"train","5664","6086","5879","0.490","0.510","659","659","10.08","8191","3567"
2,"2013-10-22",5450,"train","4867","5287","5081","0.490","0.510","369","369","6.77","7393","2769"
2,"2013-10-23",5896,"train","5417","5840","5633","0.490","0.510","263","263","4.46","7945","3321"
2,"2013-10-24",5015,"train","4589","5005","4801","0.490","0.510","214","214","4.27","7113","2489"
2,"2013-10-25",4524,"train","4297","4710","4508","0.490","0.510","16","16","0.35","6820","2196"
2,"2013-10-26",2517,"train","2428","2844","2640","0.490","0.510","-123","123","4.89","4952","328"
2,"2013-10-28",3859,"train","5669","6086","5882","0.490","0.510","-2023","2023","52.42","8194","3570"
2,"2013-10-29",4074,"train","4871","5287","5083","0.490","0.510","-1009","1009","24.77","7395","2771"
2,"2013-10-30",6272,"train","5422","5840","5635","0.490","0.510","637","637","10.16","7947","3323"
2,"2013-11-01",5507,"train","4757","4710","4733","0.490","0.510","774","774","14.05","7045","2421"
2,"2013-11-02",2688,"train","2888","2844","2866","0.490","0.510","-178","178","6.62","5178","554"
2,"2013-11-04",7930,"train","6129","6086","6107","0.490","0.510","1823","1823","22.99","8419","3795"
2,"2013-11-05",6368,"train","5331","5287","5309","0.490","0.510","1059","1059","16.63","7621","2997"
2,"2013-11-06",6941,"train","5882","5840","5861","0.490","0.510","1080","1080","15.56","8173","3549"
2,"2013-11-07",5570,"train","5054","5005","5029","0.490","0.510","541","541","9.71","7341","2717"
2,"2013-11-08",5441,"train","4762","4710","4735","0.490","0.510","706","706","12.98","7047","2423"
2,"2013-11-09",3145,"train","2893","2844","2868","0.490","0.510","277","277","8.81","5180","556"
2,"2013-11-11",4017,"train","6133","6086","6109","0.490","0.510","-2092","2092","52.08","8421","3797"
2,"2013-11-12",4116,"train","5336","5287","5311","0.490","0.510","-1195","1195","29.03","7623","2999"
2,"2013-11-13",4980,"train","5887","5840","5863","0.490","0.510","-883","883","17.73","8175","3551"
2,"2013-11-14",4388,"train","5059","5005","5031","0.490","0.510","-643","643","14.65","7343","2719"
2,"2013-11-15",4042,"train","4767","4710","4738","0.490","0.510","-696","696","17.22","7050","2426"
2,"2013-11-16",2829,"train","2897","2844","2870","0.490","0.510","-41","41","1.45","5182","558"
2,"2013-11-18",7435,"train","6138","6086","6111","0.490","0.510","1324","1324","17.81","8423","3799"
2,"2013-11-19",6016,"train","5341","5287","5313","0.490","0.510","703","703","11.69","7625","3001"
2,"2013-11-20",6390,"train","5892","5840","5865","0.490","0.510","525","525","8.22","8177","3553"
2,"2013-11-21",5397,"train","5064","5005","5034","0.490","0.510","363","363","6.73","7346","2722"
2,"2013-11-22",4474,"train","4771","4710","4740","0.490","0.510","-266","266","5.95","7052","2428"
2,"2013-11-23",2965,"train","2902","2844","2872","0.490","0.510","93","93","3.14","5184","560"
2,"2013-11-25",4669,"train","6143","6086","6114","0.490","0.510","-1445","1445","30.95","8426","3802"
2,"2013-11-26",4303,"train","5346","5287","5316","0.490","0.510","-1013","1013","23.54","7628","3004"
2,"2013-11-27",5498,"train","5897","5840","5868","0.490","0.510","-370","370","6.73","8180","3556"
2,"2013-11-28",5149,"train","5068","5005","5036","0.490","0.510","113","113","2.19","7348","2724"
2,"2013-11-29",5027,"train","4776","4710","4742","0.490","0.510","285","285","5.67","7054","2430"
2,"2013-11-30",3343,"train","2907","2844","2875","0.490","0.510","468","468","14.00","5187","563"
2,"2013-12-02",8836,"train","7217","6086","6640","0.490","0.510","2196","2196","24.85","8952","4328"
2,"2013-12-03",8137,"train","6420","5287","5842","0.490","0.510","2295","2295","28.20","8154","3530"
2,"2013-12-04",8202,"train","6970","5840","6394","0.490","0.510","1808","1808","22.04","8706","4082"
2,"2013-12-05",7163,"train","6142","5005","5562","0.490","0.510","1601","1601","22.35","7874","3250"
2,"2013-12-06",4816,"train","5850","4710","5269","0.490","0.510","-453","453","9.41","7581","2957"
2,"2013-12-07",2534,"train","3981","2844","3401","0.490","0.510","-867","867","34.21","5713","1089"
2,"2013-12-09",4392,"train","7222","6086","6643","0.490","0.510","-2251","2251","51.25","8955","4331"
2,"2013-12-10",4994,"train","6424","5287","5844","0.490","0.510","-850","850","17.02","8156","3532"
2,"2013-12-11",6052,"train","6975","5840","6396","0.490","0.510","-344","344","5.68","8708","4084"
2,"2013-12-12",5232,"train","6147","5005","5565","0.490","0.510","-333","333","6.36","7877","3253"
2,"2013-12-13",4808,"train","5855","4710","5271","0.490","0.510","-463","463","9.63","7583","2959"
2,"2013-12-14",3236,"train","3986","2844","3404","0.490","0.510","-168","168","5.19","5716","1092"
2,"2013-12-16",10479,"train","7226","6086","6645","0.490","0.510","3834","3834","36.59","8957","4333"
2,"2013-12-17",10374,"train","6429","5287","5847","0.490","0.510","4527","4527","43.64","8159","3535"
2,"2013-12-18",10019,"train","6980","5840","6399","0.490","0.510","3620","3620","36.13","8711","4087"
2,"2013-12-19",8559,"train","6152","5005","5567","0.490","0.510","2992","2992","34.96","7879","3255"
2,"2013-12-20",7574,"train","5860","4710","5274","0.490","0.510","2300","2300","30.37","7586","2962"
2,"2013-12-21",4941,"train","3990","2844","3406","0.490","0.510","1535","1535","31.07","5718","1094"
2,"2013-12-23",8640,"train","7231","6086","6647","0.490","0.510","1993","1993","23.07","8959","4335"
2,"2013-12-24",2407,"train","6434","5287","5849","0.490","0.510","-3442","3442","143.00","8161","3537"
2,"2013-12-27",5582,"train","5863","4710","5275","0.490","0.510","307","307","5.50","7587","2963"
2,"2013-12-28",3561,"train","3994","2844","3408","0.490","0.510","153","153","4.30","5720","1096"
2,"2013-12-30",7528,"train","7234","6086","6649","0.490","0.510","879","879","11.68","8961","4337"
2,"2013-12-31",2148,"train","6437","5287","5851","0.490","0.510","-3703","3703","172.39","8163","3539"
2,"2014-01-02",3759,"train","4696","5005","4854","0.490","0.510","-1095","1095","29.13","7166","2542"
2,"2014-01-03",4802,"train","4404","4710","4560","0.490","0.510","242","242","5.04","6872","2248"
2,"2014-01-04",2760,"train","2535","2844","2693","0.490","0.510","67","67","2.43","5005","381"
2,"2014-01-06",8317,"train","5775","6086","5934","0.490","0.510","2383","2383","28.65","8246","3622"
2,"2014-01-07",6567,"train","4978","5287","5136","0.490","0.510","1431","1431","21.79","7448","2824"
2,"2014-01-08",6597,"train","5529","5840","5688","0.490","0.510","909","909","13.78","8000","3376"
2,"2014-01-09",6081,"train","4701","5005","4856","0.490","0.510","1225","1225","20.14","7168","2544"
2,"2014-01-10",5146,"train","4409","4710","4563","0.490","0.510","583","583","11.33","6875","2251"
2,"2014-01-11",2872,"train","2539","2844","2695","0.490","0.510","177","177","6.16","5007","383"
2,"2014-01-13",4290,"train","5780","6086","5936","0.490","0.510","-1646","1646","38.37","8248","3624"
2,"2014-01-14",4195,"train","4983","5287","5138","0.490","0.510","-943","943","22.48","7450","2826"
2,"2014-01-15",4919,"train","5534","5840","5690","0.490","0.510","-771","771","15.67","8002","3378"
2,"2014-01-16",3998,"train","4706","5005","4858","0.490","0.510","-860","860","21.51","7170","2546"
2,"2014-01-17",3868,"train","4413","4710","4564","0.490","0.510","-696","696","17.99","6876","2252"
2,"2014-01-18",2497,"train","2544","2844","2697","0.490","0.510","-200","200","8.01","5009","385"
2,"2014-01-20",7082,"train","5785","6086","5939","0.490","0.510","1143","1143","16.14","8251","3627"
2,"2014-01-21",6564,"train","4988","5287","5140","0.490","0.510","1424","1424","21.69","7452","2828"
2,"2014-01-22",5451,"train","5539","5840","5693","0.490","0.510","-242","242","4.44","8005","3381"
2,"2014-01-23",5010,"train","4710","5005","4860","0.490","0.510","150","150","2.99","7172","2548"
2,"2014-01-24",4701,"train","4418","4710","4567","0.490","0.510","134","134","2.85","6879","2255"
2,"2014-01-25",2274,"train","2549","2844","2699","0.490","0.510","-425","425","18.69","5011","387"
2,"2014-01-27",3708,"train","5790","6086","5941","0.490","0.510","-2233","2233","60.22","8253","3629"
2,"2014-01-28",3677,"train","4993","5287","5143","0.490","0.510","-1466","1466","39.87","7455","2831"
2,"2014-01-29",4292,"train","5543","5840","5694","0.490","0.510","-1402","1402","32.67","8006","3382"
2,"2014-01-30",4214,"train","4715","5005","4863","0.490","0.510","-649","649","15.40","7175","2551"
2,"2014-01-31",4608,"train","4423","4710","4569","0.490","0.510","39","39","0.85","6881","2257"
2,"2014-02-01",2929,"train","2705","2844","2776","0.490","0.510","153","153","5.22","5088","464"
2,"2014-02-03",7372,"train","5946","6086","6017","0.490","0.510","1355","1355","18.38","8329","3705"
2,"2014-02-04",7036,"train","5148","5287","5219","0.490","0.510","1817","1817","25.82","7531","2907"
2,"2014-02-05",7198,"train","5699","5840","5771","0.490","0.510","1427","1427","19.82","8083","3459"
2,"2014-02-06",6012,"train","4871","5005","4939","0.490","0.510","1073","1073","17.85","7251","2627"
2,"2014-02-07",4848,"train","4579","4710","4646","0.490","0.510","202","202","4.17","6958","2334"
2,"2014-02-08",2484,"train","2710","2844","2778","0.490","0.510","-294","294","11.84","5090","466"
2,"2014-02-10",4006,"train","5950","6086","6019","0.490","0.510","-2013","2013","50.25","8331","3707"
2,"2014-02-11",4056,"train","5153","5287","5221","0.490","0.510","-1165","1165","28.72","7533","2909"
2,"2014-02-12",4848,"train","5704","5840","5773","0.490","0.510","-925","925","19.08","8085","3461"
2,"2014-02-13",4171,"train","4876","5005","4942","0.490","0.510","-771","771","18.48","7254","2630"
2,"2014-02-14",4324,"train","4584","4710","4648","0.490","0.510","-324","324","7.49","6960","2336"
2,"2014-02-15",2509,"train","2714","2844","2780","0.490","0.510","-271","271","10.80","5092","468"
2,"2014-02-17",7584,"train","5955","6086","6022","0.490","0.510","1562","1562","20.60","8334","3710"
2,"2014-02-18",5979,"train","5158","5287","5224","0.490","0.510","755","755","12.63","7536","2912"
2,"2014-02-19",6419,"train","5709","5840","5776","0.490","0.510","643","643","10.02","8088","3464"
2,"2014-02-20",4961,"train","4881","5005","4944","0.490","0.510","17","17","0.34","7256","2632"
2,"2014-02-21",4790,"train","4589","4710","4651","0.490","0.510","139","139","2.90","6963","2339"
2,"2014-02-22",2563,"train","2719","2844","2783","0.490","0.510","-220","220","8.58","5095","471"
2,"2014-02-24",3894,"train","5960","6086","6024","0.490","0.510","-2130","2130","54.70","8336","3712"
2,"2014-02-25",3520,"train","5163","5287","5226","0.490","0.510","-1706","1706","48.47","7538","2914"
2,"2014-02-26",4548,"train","5714","5840","5778","0.490","0.510","-1230","1230","27.04","8090","3466"
2,"2014-02-27",3998,"train","4886","5005","4947","0.490","0.510","-949","949","23.74","7259","2635"
2,"2014-02-28",4400,"train","4593","4710","4653","0.490","0.510","-253","253","5.75","6965","2341"
2,"2014-03-01",3350,"train","3013","2844","2927","0.490","0.510","423","423","12.63","5239","615"
2,"2014-03-03",7332,"train","6254","6086","6168","0.490","0.510","1164","1164","15.88","8480","3856"
2,"2014-03-04",6006,"train","5457","5287","5370","0.490","0.510","636","636","10.59","7682","3058"
2,"2014-03-05",6740,"train","6008","5840","5922","0.490","0.510","818","818","12.14","8234","3610"
2,"2014-03-06",5173,"train","5179","5005","5090","0.490","0.510","83","83","1.60","7402","2778"
2,"2014-03-07",5275,"train","4887","4710","4797","0.490","0.510","478","478","9.06","7109","2485"
2,"2014-03-08",2863,"train","3018","2844","2929","0.490","0.510","-66","66","2.31","5241","617"
2,"2014-03-10",3799,"train","6259","6086","6171","0.490","0.510","-2372","2372","62.44","8483","3859"
2,"2014-03-11",3575,"train","5462","5287","5373","0.490","0.510","-1798","1798","50.29","7685","3061"
2,"2014-03-12",4581,"train","6012","5840","5924","0.490","0.510","-1343","1343","29.32","8236","3612"
2,"2014-03-13",4172,"train","5184","5005","5093","0.490","0.510","-921","921","22.08","7405","2781"
2,"2014-03-14",3321,"train","4892","4710","4799","0.490","0.510","-1478","1478","44.50","7111","2487"
2,"2014-03-15",2678,"train","3023","2844","2932","0.490","0.510","-254","254","9.48","5244","620"
2,"2014-03-17",7054,"train","6264","6086","6173","0.490","0.510","881","881","12.49","8485","3861"
2,"2014-03-18",5805,"train","5466","5287","5375","0.490","0.510","430","430","7.41","7687","3063"
2,"2014-03-19",6275,"train","6017","5840","5927","0.490","0.510","348","348","5.55","8239","3615"
2,"2014-03-20",4950,"train","5189","5005","5095","0.490","0.510","-145","145","2.93","7407","2783"
2,"2014-03-21",4993,"train","4897","4710","4802","0.490","0.510","191","191","3.83","7114","2490"
2,"2014-03-22",2569,"train","3028","2844","2934","0.490","0.510","-365","365","14.21","5246","622"
2,"2014-03-24",3893,"train","6268","6086","6175","0.490","0.510","-2282","2282","58.62","8487","3863"
2,"2014-03-25",4086,"train","5471","5287","5377","0.490","0.510","-1291","1291","31.60","7689","3065"
2,"2014-03-26",5059,"train","6022","5840","5929","0.490","0.510","-870","870","17.20","8241","3617"
2,"2014-03-27",4350,"train","5194","5005","5098","0.490","0.510","-748","748","17.20","7410","2786"
2,"2014-03-28",4409,"train","4902","4710","4804","0.490","0.510","-395","395","8.96","7116","2492"
2,"2014-03-29",2815,"train","3032","2844","2936","0.490","0.510","-121","121","4.30","5248","624"
2,"2014-03-31",9908,"train","6273","6086","6178","0.490","0.510","3730","3730","37.65","8490","3866"
2,"2014-04-01",4862,"train","5343","5287","5314","0.490","0.510","-452","452","9.30","7626","3002"
2,"2014-04-02",7013,"train","5894","5840","5866","0.490","0.510","1147","1147","16.36","8178","3554"
2,"2014-04-03",5078,"train","5066","5005","5035","0.490","0.510","43","43","0.85","7347","2723"
2,"2014-04-04",5016,"train","4773","4710","4741","0.490","0.510","275","275","5.48","7053","2429"
2,"2014-04-05",2655,"train","2904","2844","2873","0.490","0.510","-218","218","8.21","5185","561"
2,"2014-04-07",3941,"train","6145","6086","6115","0.490","0.510","-2174","2174","55.16","8427","3803"
2,"2014-04-08",4475,"train","5348","5287","5317","0.490","0.510","-842","842","18.82","7629","3005"
2,"2014-04-09",5142,"train","5899","5840","5869","0.490","0.510","-727","727","14.14","8181","3557"
2,"2014-04-10",3691,"train","5070","5005","5037","0.490","0.510","-1346","1346","36.47","7349","2725"
2,"2014-04-11",4701,"train","4778","4710","4743","0.490","0.510","-42","42","0.89","7055","2431"
2,"2014-04-12",2574,"train","2909","2844","2876","0.490","0.510","-302","302","11.73","5188","564"
2,"2014-04-14",7714,"train","6150","6086","6117","0.490","0.510","1597","1597","20.70","8429","3805"
2,"2014-04-15",7701,"train","5353","5287","5319","0.490","0.510","2382","2382","30.93","7631","3007"
2,"2014-04-16",7317,"train","5903","5840","5871","0.490","0.510","1446","1446","19.76","8183","3559"
2,"2014-04-17",6647,"train","5075","5005","5039","0.490","0.510","1608","1608","24.19","7351","2727"
2,"2014-04-19",4146,"train","2913","2844","2878","0.490","0.510","1268","1268","30.58","5190","566"
2,"2014-04-22",4419,"train","5356","5287","5321","0.490","0.510","-902","902","20.41","7633","3009"
2,"2014-04-23",4757,"train","5907","5840","5873","0.490","0.510","-1116","1116","23.46","8185","3561"
2,"2014-04-24",3675,"train","5078","5005","5041","0.490","0.510","-1366","1366","37.17","7353","2729"
2,"2014-04-25",3795,"train","4786","4710","4747","0.490","0.510","-952","952","25.09","7059","2435"
2,"2014-04-26",2701,"train","2917","2844","2880","0.490","0.510","-179","179","6.63","5192","568"
2,"2014-04-28",6520,"train","6158","6086","6121","0.490","0.510","399","399","6.12","8433","3809"
2,"2014-04-29",6667,"train","5361","5287","5323","0.490","0.510","1344","1344","20.16","7635","3011"
2,"2014-04-30",7646,"train","5911","5840","5875","0.490","0.510","1771","1771","23.16","8187","3563"
2,"2014-05-02",7176,"train","4669","4710","4690","0.490","0.510","2486","2486","34.64","7002","2378"
2,"2014-05-03",2968,"train","2800","2844","2822","0.490","0.510","146","146","4.92","5134","510"
2,"2014-05-05",7242,"train","6041","6086","6064","0.490","0.510","1178","1178","16.27","8376","3752"
2,"2014-05-06",5992,"train","5244","5287","5266","0.490","0.510","726","726","12.12","7578","2954"
2,"2014-05-07",6733,"train","5794","5840","5817","0.490","0.510","916","916","13.60","8129","3505"
2,"2014-05-08",5151,"train","4966","5005","4986","0.490","0.510","165","165","3.20","7298","2674"
2,"2014-05-09",5979,"train","4674","4710","4692","0.490","0.510","1287","1287","21.53","7004","2380"
2,"2014-05-10",2430,"train","2805","2844","2825","0.490","0.510","-395","395","16.26","5137","513"
2,"2014-05-12",3860,"train","6046","6086","6066","0.490","0.510","-2206","2206","57.15","8378","3754"
2,"2014-05-13",3974,"train","5248","5287","5268","0.490","0.510","-1294","1294","32.56","7580","2956"
2,"2014-05-14",4700,"train","5799","5840","5820","0.490","0.510","-1120","1120","23.83","8132","3508"
2,"2014-05-15",4108,"train","4971","5005","4988","0.490","0.510","-880","880","21.42","7300","2676"
2,"2014-05-16",3779,"train","4679","4710","4695","0.490","0.510","-916","916","24.24","7007","2383"
2,"2014-05-17",2532,"train","2810","2844","2827","0.490","0.510","-295","295","11.65","5139","515"
2,"2014-05-19",6996,"train","6050","6086","6068","0.490","0.510","928","928","13.26","8380","3756"
2,"2014-05-20",5155,"train","5253","5287","5270","0.490","0.510","-115","115","2.23","7582","2958"
2,"2014-05-21",5584,"train","5804","5840","5822","0.490","0.510","-238","238","4.26","8134","3510"
2,"2014-05-22",4887,"train","4976","5005","4991","0.490","0.510","-104","104","2.13","7303","2679"
2,"2014-05-23",4802,"train","4684","4710","4697","0.490","0.510","105","105","2.19","7009","2385"
2,"2014-05-24",2516,"train","2814","2844","2829","0.490","0.510","-313","313","12.44","5141","517"
2,"2014-05-26",4173,"train","6055","6086","6071","0.490","0.510","-1898","1898","45.48","8383","3759"
2,"2014-05-27",4042,"train","5258","5287","5273","0.490","0.510","-1231","1231","30.46","7585","2961"
2,"2014-05-28",5203,"train","5809","5840","5825","0.490","0.510","-622","622","11.95","8137","3513"
2,"2014-05-30",5694,"train","4688","4710","4699","0.490","0.510","995","995","17.47","7011","2387"
2,"2014-05-31",2953,"train","2818","2844","2831","0.490","0.510","122","122","4.13","5143","519"
2,"2014-06-02",7320,"train","6118","6086","6102","0.490","0.510","1218","1218","16.64","8414","3790"
2,"2014-06-03",5619,"train","5321","5287","5304","0.490","0.510","315","315","5.61","7616","2992"
2,"2014-06-04",7006,"train","5872","5840","5856","0.490","0.510","1150","1150","16.41","8168","3544"
2,"2014-06-05",5957,"train","5044","5005","5024","0.490","0.510","933","933","15.66","7336","2712"
2,"2014-06-06",5064,"train","4751","4710","4730","0.490","0.510","334","334","6.60","7042","2418"
2,"2014-06-07",2893,"train","2882","2844","2863","0.490","0.510","30","30","1.04","5175","551"
2,"2014-06-10",4403,"train","5325","5287","5306","0.490","0.510","-903","903","20.51","7618","2994"
2,"2014-06-11",4976,"train","5876","5840","5858","0.490","0.510","-882","882","17.73","8170","3546"
2,"2014-06-12",5187,"train","5048","5005","5026","0.490","0.510","161","161","3.10","7338","2714"
2,"2014-06-13",4568,"train","4755","4710","4732","0.490","0.510","-164","164","3.59","7044","2420"
2,"2014-06-14",2897,"train","2886","2844","2865","0.490","0.510","32","32","1.10","5177","553"
2,"2014-06-16",7394,"train","6127","6086","6106","0.490","0.510","1288","1288","17.42","8418","3794"
2,"2014-06-17",5830,"train","5330","5287","5308","0.490","0.510","522","522","8.95","7620","2996"
2,"2014-06-18",6300,"train","5881","5840","5860","0.490","0.510","440","440","6.98","8172","3548"
2,"2014-06-19",5451,"train","5052","5005","5028","0.490","0.510","423","423","7.76","7340","2716"
2,"2014-06-20",4572,"train","4760","4710","4735","0.490","0.510","-163","163","3.57","7047","2423"
2,"2014-06-21",2514,"train","2891","2844","2867","0.490","0.510","-353","353","14.04","5179","555"
2,"2014-06-23",4066,"train","6132","6086","6109","0.490","0.510","-2043","2043","50.25","8421","3797"
2,"2014-06-24",3787,"train","5335","5287","5311","0.490","0.510","-1524","1524","40.24","7623","2999"
2,"2014-06-25",4767,"train","5885","5840","5862","0.490","0.510","-1095","1095","22.97","8174","3550"
2,"2014-06-26",4215,"train","5057","5005","5030","0.490","0.510","-815","815","19.34","7342","2718"
2,"2014-06-27",4646,"train","4765","4710","4737","0.490","0.510","-91","91","1.96","7049","2425"
2,"2014-06-28",2644,"train","2896","2844","2869","0.490","0.510","-225","225","8.51","5181","557"
2,"2014-06-30",10682,"train","6137","6086","6111","0.490","0.510","4571","4571","42.79","8423","3799"
2,"2014-07-01",5454,"train","5464","5287","5374","0.490","0.510","80","80","1.47","7686","3062"
2,"2014-07-02",6623,"train","6015","5840","5926","0.490","0.510","697","697","10.52","8238","3614"
2,"2014-07-03",5824,"train","5187","5005","5094","0.490","0.510","730","730","12.53","7406","2782"
2,"2014-07-04",5200,"train","4895","4710","4801","0.490","0.510","399","399","7.67","7113","2489"
2,"2014-07-05",4043,"train","3026","2844","2933","0.490","0.510","1110","1110","27.45","5245","621"
2,"2014-07-07",3981,"train","6266","6086","6174","0.490","0.510","-2193","2193","55.09","8486","3862"
2,"2014-07-08",4009,"train","5469","5287","5376","0.490","0.510","-1367","1367","34.10","7688","3064"
2,"2014-07-09",4602,"train","6020","5840","5928","0.490","0.510","-1326","1326","28.81","8240","3616"
2,"2014-07-10",4557,"train","5192","5005","5097","0.490","0.510","-540","540","11.85","7409","2785"
2,"2014-07-11",3402,"train","4900","4710","4803","0.490","0.510","-1401","1401","41.18","7115","2491"
2,"2014-07-12",2806,"train","3031","2844","2936","0.490","0.510","-130","130","4.63","5248","624"
2,"2014-07-14",7014,"train","6271","6086","6177","0.490","0.510","837","837","11.93","8489","3865"
2,"2014-07-15",6361,"train","5474","5287","5379","0.490","0.510","982","982","15.44","7691","3067"
2,"2014-07-16",7113,"train","6025","5840","5931","0.490","0.510","1182","1182","16.62","8243","3619"
2,"2014-07-17",5315,"train","5197","5005","5099","0.490","0.510","216","216","4.06","7411","2787"
2,"2014-07-18",4971,"train","4905","4710","4806","0.490","0.510","165","165","3.32","7118","2494"
2,"2014-07-19",3009,"train","3035","2844","2938","0.490","0.510","71","71","2.36","5250","626"
2,"2014-07-21",3802,"train","6276","6086","6179","0.490","0.510","-2377","2377","62.52","8491","3867"
2,"2014-07-22",4509,"train","5479","5287","5381","0.490","0.510","-872","872","19.34","7693","3069"
2,"2014-07-23",5152,"train","6030","5840","5933","0.490","0.510","-781","781","15.16","8245","3621"
2,"2014-07-24",3886,"train","5202","5005","5102","0.490","0.510","-1216","1216","31.29","7414","2790"
2,"2014-07-25",3956,"train","4909","4710","4808","0.490","0.510","-852","852","21.54","7120","2496"
2,"2014-07-26",2243,"train","3040","2844","2940","0.490","0.510","-697","697","31.07","5252","628"
2,"2014-07-28",6494,"train","6281","6086","6182","0.490","0.510","312","312","4.80","8494","3870"
2,"2014-07-29",5274,"train","5484","5287","5384","0.490","0.510","-110","110","2.09","7696","3072"
2,"2014-07-30",6308,"train","6035","5840","5936","0.490","0.510","372","372","5.90","8248","3624"
2,"2014-07-31",6301,"train","5206","5005","5103","0.490","0.510","1198","1198","19.01","7415","2791"
2,"2014-08-01",5434,"train","4520","4710","4617","0.490","0.510","817","817","15.03","6929","2305"
2,"2014-08-02",3354,"train","2651","2844","2749","0.490","0.510","605","605","18.04","5061","437"
2,"2014-08-04",6315,"train","5892","6086","5991","0.490","0.510","324","324","5.13","8303","3679"
2,"2014-08-05",5811,"train","5095","5287","5193","0.490","0.510","618","618","10.64","7505","2881"
2,"2014-08-06",6331,"train","5645","5840","5744","0.490","0.510","587","587","9.27","8056","3432"
2,"2014-08-07",4809,"train","4817","5005","4913","0.490","0.510","-104","104","2.16","7225","2601"
2,"2014-08-08",4597,"train","4525","4710","4619","0.490","0.510","-22","22","0.48","6931","2307"
2,"2014-08-09",2592,"train","2656","2844","2752","0.490","0.510","-160","160","6.17","5064","440"
2,"2014-08-11",4158,"train","5897","6086","5993","0.490","0.510","-1835","1835","44.13","8305","3681"
2,"2014-08-12",4319,"train","5099","5287","5195","0.490","0.510","-876","876","20.28","7507","2883"
2,"2014-08-13",5010,"train","5650","5840","5747","0.490","0.510","-737","737","14.71","8059","3435"
2,"2014-08-14",4606,"train","4822","5005","4915","0.490","0.510","-309","309","6.71","7227","2603"
2,"2014-08-15",4218,"train","4530","4710","4622","0.490","0.510","-404","404","9.58","6934","2310"
2,"2014-08-16",2847,"train","2661","2844","2754","0.490","0.510","93","93","3.27","5066","442"
2,"2014-08-18",6355,"train","5901","6086","5995","0.490","0.510","360","360","5.66","8307","3683"
2,"2014-08-19",6000,"train","5104","5287","5197","0.490","0.510","803","803","13.38","7509","2885"
2,"2014-08-20",7056,"train","5655","5840","5749","0.490","0.510","1307","1307","18.52","8061","3437"
2,"2014-08-21",5626,"train","4827","5005","4918","0.490","0.510","708","708","12.58","7230","2606"
2,"2014-08-22",5064,"train","4535","4710","4624","0.490","0.510","440","440","8.69","6936","2312"
2,"2014-08-23",2738,"train","2665","2844","2756","0.490","0.510","-18","18","0.66","5068","444"
2,"2014-08-25",3927,"train","5906","6086","5998","0.490","0.510","-2071","2071","52.74","8310","3686"
2,"2014-08-26",3647,"train","5109","5287","5200","0.490","0.510","-1553","1553","42.58","7512","2888"
2,"2014-08-27",5127,"train","5660","5840","5752","0.490","0.510","-625","625","12.19","8064","3440"
2,"2014-08-28",3717,"train","4832","5005","4920","0.490","0.510","-1203","1203","32.36","7232","2608"
2,"2014-08-29",4318,"train","4539","4710","4626","0.490","0.510","-308","308","7.13","6938","2314"
2,"2014-08-30",2976,"train","2670","2844","2759","0.490","0.510","217","217","7.29","5071","447"
2,"2014-09-01",8173,"train","6103","6086","6094","0.490","0.510","2079","2079","25.44","8406","3782"
2,"2014-09-02",6422,"train","5306","5287","5296","0.490","0.510","1126","1126","17.53","7608","2984"
2,"2014-09-03",6615,"train","5857","5840","5848","0.490","0.510","767","767","11.59","8160","3536"
2,"2014-09-04",5401,"train","5028","5005","5016","0.490","0.510","385","385","7.13","7328","2704"
2,"2014-09-05",4823,"train","4736","4710","4723","0.490","0.510","100","100","2.07","7035","2411"
2,"2014-09-06",2551,"train","2867","2844","2855","0.490","0.510","-304","304","11.92","5167","543"
2,"2014-09-08",4189,"train","6108","6086","6097","0.490","0.510","-1908","1908","45.55","8409","3785"
2,"2014-09-09",4963,"train","5311","5287","5299","0.490","0.510","-336","336","6.77","7611","2987"
2,"2014-09-10",4865,"train","5861","5840","5850","0.490","0.510","-985","985","20.25","8162","3538"
2,"2014-09-11",4123,"train","5033","5005","5019","0.490","0.510","-896","896","21.73","7331","2707"
2,"2014-09-12",3323,"train","4741","4710","4725","0.490","0.510","-1402","1402","42.19","7037","2413"
2,"2014-09-13",2593,"train","2872","2844","2858","0.490","0.510","-265","265","10.22","5170","546"
2,"2014-09-15",6997,"train","6113","6086","6099","0.490","0.510","898","898","12.83","8411","3787"
2,"2014-09-16",6207,"train","5315","5287","5301","0.490","0.510","906","906","14.60","7613","2989"
2,"2014-09-17",6469,"train","5866","5840","5853","0.490","0.510","616","616","9.52","8165","3541"
2,"2014-09-18",4994,"train","5038","5005","5021","0.490","0.510","-27","27","0.54","7333","2709"
2,"2014-09-19",4491,"train","4746","4710","4728","0.490","0.510","-237","237","5.28","7040","2416"
2,"2014-09-20",2473,"train","2877","2844","2860","0.490","0.510","-387","387","15.65","5172","548"
2,"2014-09-22",4004,"train","6117","6086","6101","0.490","0.510","-2097","2097","52.37","8413","3789"
2,"2014-09-23",3874,"train","5320","5287","5303","0.490","0.510","-1429","1429","36.89","7615","2991"
2,"2014-09-24",5084,"train","5871","5840","5855","0.490","0.510","-771","771","15.17","8167","3543"
2,"2014-09-25",3911,"train","5043","5005","5024","0.490","0.510","-1113","1113","28.46","7336","2712"
2,"2014-09-26",3583,"train","4751","4710","4730","0.490","0.510","-1147","1147","32.01","7042","2418"
2,"2014-09-27",2725,"train","2881","2844","2862","0.490","0.510","-137","137","5.03","5174","550"
2,"2014-09-29",7514,"train","6122","6086","6104","0.490","0.510","1410","1410","18.76","8416","3792"
2,"2014-09-30",8461,"train","5325","5287","5306","0.490","0.510","3155","3155","37.29","7618","2994"
2,"2014-10-01",5565,"train","5646","5840","5745","0.490","0.510","-180","180","3.23","8057","3433"
2,"2014-10-02",4845,"train","4818","5005","4913","0.490","0.510","-68","68","1.40","7225","2601"
2,"2014-10-03",2689,"train","4525","4710","4619","0.490","0.510","-1930","1930","71.77","6931","2307"
2,"2014-10-04",2979,"train","2656","2844","2752","0.490","0.510","227","227","7.62","5064","440"
2,"2014-10-06",7562,"train","5897","6086","5993","0.490","0.510","1569","1569","20.75","8305","3681"
2,"2014-10-07",5808,"train","5100","5287","5195","0.490","0.510","613","613","10.55","7507","2883"
2,"2014-10-08",6252,"train","5651","5840","5747","0.490","0.510","505","505","8.08","8059","3435"
2,"2014-10-09",5283,"train","4822","5005","4915","0.490","0.510","368","368","6.97","7227","2603"
2,"2014-10-10",4907,"train","4530","4710","4622","0.490","0.510","285","285","5.81","6934","2310"
2,"2014-10-11",2497,"train","2661","2844","2754","0.490","0.510","-257","257","10.29","5066","442"
2,"2014-10-13",4377,"train","5902","6086","5996","0.490","0.510","-1619","1619","36.99","8308","3684"
2,"2014-10-14",3982,"train","5105","5287","5198","0.490","0.510","-1216","1216","30.54","7510","2886"
2,"2014-10-15",4732,"train","5655","5840","5749","0.490","0.510","-1017","1017","21.49","8061","3437"
2,"2014-10-16",4288,"train","4827","5005","4918","0.490","0.510","-630","630","14.69","7230","2606"
2,"2014-10-17",3852,"train","4535","4710","4624","0.490","0.510","-772","772","20.04","6936","2312"
2,"2014-10-18",2613,"train","2666","2844","2757","0.490","0.510","-144","144","5.51","5069","445"
2,"2014-10-20",6631,"train","5907","6086","5998","0.490","0.510","633","633","9.55","8310","3686"
2,"2014-10-21",5382,"train","5109","5287","5200","0.490","0.510","182","182","3.38","7512","2888"
2,"2014-10-22",5261,"train","5660","5840","5752","0.490","0.510","-491","491","9.33","8064","3440"
2,"2014-10-23",5729,"train","4832","5005","4920","0.490","0.510","809","809","14.12","7232","2608"
2,"2014-10-24",5096,"train","4540","4710","4627","0.490","0.510","469","469","9.20","6939","2315"
2,"2014-10-25",2542,"train","2671","2844","2759","0.490","0.510","-217","217","8.54","5071","447"
2,"2014-10-27",4296,"train","5911","6086","6000","0.490","0.510","-1704","1704","39.66","8312","3688"
2,"2014-10-28",3849,"train","5114","5287","5202","0.490","0.510","-1353","1353","35.15","7514","2890"
2,"2014-10-29",4986,"train","5665","5840","5754","0.490","0.510","-768","768","15.40","8066","3442"
2,"2014-10-30",5394,"train","4837","5005","4923","0.490","0.510","471","471","8.73","7235","2611"
2,"2014-11-01",3305,"train","3131","2844","2985","0.490","0.510","320","320","9.68","5297","673"
2,"2014-11-03",7549,"train","6371","6086","6226","0.490","0.510","1323","1323","17.53","8538","3914"
2,"2014-11-04",7015,"train","5574","5287","5428","0.490","0.510","1587","1587","22.62","7740","3116"
2,"2014-11-05",7142,"train","6125","5840","5980","0.490","0.510","1162","1162","16.27","8292","3668"
2,"2014-11-06",6307,"train","5297","5005","5148","0.490","0.510","1159","1159","18.38","7460","2836"
2,"2014-11-07",5445,"train","5005","4710","4855","0.490","0.510","590","590","10.84","7167","2543"
2,"2014-11-08",3311,"train","3135","2844","2987","0.490","0.510","324","324","9.79","5299","675"
2,"2014-11-10",6423,"train","6376","6086","6228","0.490","0.510","195","195","3.04","8540","3916"
2,"2014-11-11",5651,"train","5579","5287","5430","0.490","0.510","221","221","3.91","7742","3118"
2,"2014-11-12",6818,"train","6130","5840","5982","0.490","0.510","836","836","12.26","8294","3670"
2,"2014-11-13",5009,"train","5302","5005","5151","0.490","0.510","-142","142","2.83","7463","2839"
2,"2014-11-14",4655,"train","5009","4710","4857","0.490","0.510","-202","202","4.34","7169","2545"
2,"2014-11-15",2979,"train","3140","2844","2989","0.490","0.510","-10","10","0.34","5301","677"
2,"2014-11-17",4157,"train","6381","6086","6231","0.490","0.510","-2074","2074","49.89","8543","3919"
2,"2014-11-18",3468,"train","5584","5287","5433","0.490","0.510","-1965","1965","56.66","7745","3121"
2,"2014-11-19",5091,"train","6135","5840","5985","0.490","0.510","-894","894","17.56","8297","3673"
2,"2014-11-20",4527,"train","5307","5005","5153","0.490","0.510","-626","626","13.83","7465","2841"
2,"2014-11-21",3978,"train","5014","4710","4859","0.490","0.510","-881","881","22.15","7171","2547"
2,"2014-11-22",3085,"train","3145","2844","2991","0.490","0.510","94","94","3.05","5303","679"
2,"2014-11-24",7038,"train","6386","6086","6233","0.490","0.510","805","805","11.44","8545","3921"
2,"2014-11-25",6511,"train","5589","5287","5435","0.490","0.510","1076","1076","16.53","7747","3123"
2,"2014-11-26",7588,"train","6140","5840","5987","0.490","0.510","1601","1601","21.10","8299","3675"
2,"2014-11-27",6119,"train","5311","5005","5155","0.490","0.510","964","964","15.75","7467","2843"
2,"2014-11-28",6062,"train","5019","4710","4861","0.490","0.510","1201","1201","19.81","7173","2549"
2,"2014-11-29",3424,"train","3150","2844","2994","0.490","0.510","430","430","12.56","5306","682"
2,"2014-12-01",8674,"train","7460","6086","6759","0.490","0.510","1915","1915","22.08","9071","4447"
2,"2014-12-02",7664,"train","6663","5287","5961","0.490","0.510","1703","1703","22.22","8273","3649"
2,"2014-12-03",7533,"train","7213","5840","6513","0.490","0.510","1020","1020","13.54","8825","4201"
2,"2014-12-04",6661,"train","6385","5005","5681","0.490","0.510","980","980","14.71","7993","3369"
2,"2014-12-05",6385,"train","6093","4710","5388","0.490","0.510","997","997","15.61","7700","3076"
2,"2014-12-06",2914,"train","4224","2844","3520","0.490","0.510","-606","606","20.80","5832","1208"
2,"2014-12-08",4821,"train","7465","6086","6762","0.490","0.510","-1941","1941","40.26","9074","4450"
2,"2014-12-09",5264,"train","6667","5287","5963","0.490","0.510","-699","699","13.28","8275","3651"
2,"2014-12-10",5830,"train","7218","5840","6515","0.490","0.510","-685","685","11.75","8827","4203"
2,"2014-12-11",4629,"train","6390","5005","5684","0.490","0.510","-1055","1055","22.79","7996","3372"
2,"2014-12-12",4407,"train","6098","4710","5390","0.490","0.510","-983","983","22.31","7702","3078"
2,"2014-12-13",3375,"train","4229","2844","3523","0.490","0.510","-148","148","4.39","5835","1211"
2,"2014-12-15",10419,"train","7469","6086","6764","0.490","0.510","3655","3655","35.08","9076","4452"
2,"2014-12-16",9499,"train","6672","5287","5966","0.490","0.510","3533","3533","37.19","8278","3654"
2,"2014-12-17",9365,"train","7223","5840","6518","0.490","0.510","2847","2847","30.40","8830","4206"
2,"2014-12-18",8117,"train","6395","5005","5686","0.490","0.510","2431","2431","29.95","7998","3374"
2,"2014-12-19",7574,"train","6103","4710","5393","0.490","0.510","2181","2181","28.80","7705","3081"
2,"2014-12-20",4553,"train","4233","2844","3525","0.490","0.510","1028","1028","22.58","5837","1213"
2,"2014-12-22",9027,"train","7474","6086","6766","0.490","0.510","2261","2261","25.05","9078","4454"
2,"2014-12-23",7557,"train","6677","5287","5968","0.490","0.510","1589","1589","21.03","8280","3656"
2,"2014-12-24",2437,"train","7228","5840","6520","0.490","0.510","-4083","4083","167.54","8832","4208"
2,"2014-12-27",3934,"train","4237","2844","3527","0.490","0.510","407","407","10.35","5839","1215"
2,"2014-12-29",5999,"train","7477","6086","6768","0.490","0.510","-769","769","12.82","9080","4456"
2,"2014-12-30",5513,"train","6680","5287","5970","0.490","0.510","-457","457","8.29","8282","3658"
2,"2014-12-31",2269,"train","7231","5840","6522","0.490","0.510","-4253","4253","187.44","8834","4210"
2,"2015-01-02",4137,"test","4647","4710","4679","0.490","0.510","-542","542","13.10","6991","2367"
2,"2015-01-03",3132,"test","2778","2844","2812","0.490","0.510","320","320","10.22","5124","500"
2,"2015-01-05",7308,"test","6018","6086","6053","0.490","0.510","1255","1255","17.17","8365","3741"
2,"2015-01-06",6696,"test","5221","5287","5255","0.490","0.510","1441","1441","21.52","7567","2943"
2,"2015-01-07",5945,"test","5772","5840","5807","0.490","0.510","138","138","2.32","8119","3495"
2,"2015-01-08",5246,"test","4944","5005","4975","0.490","0.510","271","271","5.17","7287","2663"
2,"2015-01-09",4762,"test","4652","4710","4682","0.490","0.510","80","80","1.68","6994","2370"
2,"2015-01-10",3024,"test","2782","2844","2814","0.490","0.510","210","210","6.94","5126","502"
2,"2015-01-12",7237,"test","6023","6086","6055","0.490","0.510","1182","1182","16.33","8367","3743"
2,"2015-01-13",6444,"test","5226","5287","5257","0.490","0.510","1187","1187","18.42","7569","2945"
2,"2015-01-14",6366,"test","5777","5840","5809","0.490","0.510","557","557","8.75","8121","3497"
2,"2015-01-15",5810,"test","4949","5005","4978","0.490","0.510","832","832","14.32","7290","2666"
2,"2015-01-16",5456,"test","4656","4710","4684","0.490","0.510","772","772","14.15","6996","2372"
2,"2015-01-17",2883,"test","2787","2844","2816","0.490","0.510","67","67","2.32","5128","504"
2,"2015-01-19",4082,"test","6028","6086","6058","0.490","0.510","-1976","1976","48.41","8370","3746"
2,"2015-01-20",3955,"test","5231","5287","5260","0.490","0.510","-1305","1305","33.00","7572","2948"
2,"2015-01-21",4524,"test","5782","5840","5812","0.490","0.510","-1288","1288","28.47","8124","3500"
2,"2015-01-22",3728,"test","4953","5005","4980","0.490","0.510","-1252","1252","33.58","7292","2668"
2,"2015-01-23",3206,"test","4661","4710","4686","0.490","0.510","-1480","1480","46.16","6998","2374"
2,"2015-01-24",2575,"test","2792","2844","2819","0.490","0.510","-244","244","9.48","5131","507"
2,"2015-01-26",5931,"test","6033","6086","6060","0.490","0.510","-129","129","2.18","8372","3748"
2,"2015-01-27",5258,"test","5236","5287","5262","0.490","0.510","-4","4","0.08","7574","2950"
2,"2015-01-28",6032,"test","5786","5840","5814","0.490","0.510","218","218","3.61","8126","3502"
2,"2015-01-29",4775,"test","4958","5005","4982","0.490","0.510","-207","207","4.34","7294","2670"
2,"2015-01-30",5919,"test","4666","4710","4688","0.490","0.510","1231","1231","20.80","7000","2376"
2,"2015-01-31",3067,"test","2797","2844","2821","0.490","0.510","246","246","8.02","5133","509"
2,"2015-02-02",8155,"test","6189","6086","6136","0.490","0.510","2019","2019","24.76","8448","3824"
2,"2015-02-03",6837,"test","5391","5287","5338","0.490","0.510","1499","1499","21.92","7650","3026"
2,"2015-02-04",6405,"test","5942","5840","5890","0.490","0.510","515","515","8.04","8202","3578"
2,"2015-02-05",5275,"test","5114","5005","5058","0.490","0.510","217","217","4.11","7370","2746"
2,"2015-02-06",5260,"test","4822","4710","4765","0.490","0.510","495","495","9.41","7077","2453"
2,"2015-02-07",2335,"test","2953","2844","2897","0.490","0.510","-562","562","24.07","5209","585"
2,"2015-02-09",3678,"test","6193","6086","6138","0.490","0.510","-2460","2460","66.88","8450","3826"
2,"2015-02-10",4653,"test","5396","5287","5340","0.490","0.510","-687","687","14.76","7652","3028"
2,"2015-02-11",4773,"test","5947","5840","5892","0.490","0.510","-1119","1119","23.44","8204","3580"
2,"2015-02-12",3765,"test","5119","5005","5061","0.490","0.510","-1296","1296","34.42","7373","2749"
2,"2015-02-13",3647,"test","4827","4710","4767","0.490","0.510","-1120","1120","30.71","7079","2455"
2,"2015-02-14",2809,"test","2957","2844","2899","0.490","0.510","-90","90","3.20","5211","587"
2,"2015-02-16",7478,"test","6198","6086","6141","0.490","0.510","1337","1337","17.88","8453","3829"
2,"2015-02-17",6113,"test","5401","5287","5343","0.490","0.510","770","770","12.60","7655","3031"
2,"2015-02-18",6178,"test","5952","5840","5895","0.490","0.510","283","283","4.58","8207","3583"
2,"2015-02-19",5842,"test","5124","5005","5063","0.490","0.510","779","779","13.33","7375","2751"
2,"2015-02-20",4727,"test","4831","4710","4769","0.490","0.510","-42","42","0.89","7081","2457"
2,"2015-02-21",3005,"test","2962","2844","2902","0.490","0.510","103","103","3.43","5214","590"
2,"2015-02-23",3633,"test","6203","6086","6143","0.490","0.510","-2510","2510","69.09","8455","3831"
2,"2015-02-24",3755,"test","5406","5287","5345","0.490","0.510","-1590","1590","42.34","7657","3033"
2,"2015-02-25",4666,"test","5957","5840","5897","0.490","0.510","-1231","1231","26.38","8209","3585"
2,"2015-02-26",4035,"test","5128","5005","5065","0.490","0.510","-1030","1030","25.53","7377","2753"
2,"2015-02-27",4022,"test","4836","4710","4772","0.490","0.510","-750","750","18.65","7084","2460"
2,"2015-02-28",3032,"test","2967","2844","2904","0.490","0.510","128","128","4.22","5216","592"
2,"2015-03-02",7161,"test","6497","6086","6287","0.490","0.510","874","874","12.20","8599","3975"
2,"2015-03-03",6610,"test","5700","5287","5489","0.490","0.510","1121","1121","16.96","7801","3177"
2,"2015-03-04",6478,"test","6250","5840","6041","0.490","0.510","437","437","6.75","8353","3729"
2,"2015-03-05",5532,"test","5422","5005","5209","0.490","0.510","323","323","5.84","7521","2897"
2,"2015-03-06",4823,"test","5130","4710","4916","0.490","0.510","-93","93","1.93","7228","2604"
2,"2015-03-07",3211,"test","3261","2844","3048","0.490","0.510","163","163","5.08","5360","736"
2,"2015-03-09",3967,"test","6502","6086","6290","0.490","0.510","-2323","2323","58.56","8602","3978"
2,"2015-03-10",4095,"test","5704","5287","5491","0.490","0.510","-1396","1396","34.09","7803","3179"
2,"2015-03-11",4949,"test","6255","5840","6043","0.490","0.510","-1094","1094","22.11","8355","3731"
2,"2015-03-12",4065,"test","5427","5005","5212","0.490","0.510","-1147","1147","28.22","7524","2900"
2,"2015-03-13",3430,"test","5135","4710","4918","0.490","0.510","-1488","1488","43.38","7230","2606"
2,"2015-03-14",2803,"test","3266","2844","3051","0.490","0.510","-248","248","8.85","5363","739"
2,"2015-03-16",7209,"test","6506","6086","6292","0.490","0.510","917","917","12.72","8604","3980"
2,"2015-03-17",6457,"test","5709","5287","5494","0.490","0.510","963","963","14.91","7806","3182"
2,"2015-03-18",7034,"test","6260","5840","6046","0.490","0.510","988","988","14.05","8358","3734"
2,"2015-03-19",5737,"test","5432","5005","5214","0.490","0.510","523","523","9.12","7526","2902"
2,"2015-03-20",4759,"test","5140","4710","4921","0.490","0.510","-162","162","3.40","7233","2609"
2,"2015-03-21",2922,"test","3270","2844","3053","0.490","0.510","-131","131","4.48","5365","741"
2,"2015-03-23",4183,"test","6511","6086","6294","0.490","0.510","-2111","2111","50.47","8606","3982"
2,"2015-03-24",4436,"test","5714","5287","5496","0.490","0.510","-1060","1060","23.90","7808","3184"
2,"2015-03-25",5150,"test","6265","5840","6048","0.490","0.510","-898","898","17.44","8360","3736"
2,"2015-03-26",3912,"test","5437","5005","5217","0.490","0.510","-1305","1305","33.36","7529","2905"
2,"2015-03-27",3800,"test","5144","4710","4923","0.490","0.510","-1123","1123","29.55","7235","2611"
2,"2015-03-28",3011,"test","3275","2844","3055","0.490","0.510","-44","44","1.46","5367","743"
2,"2015-03-30",8733,"test","6516","6086","6297","0.490","0.510","2436","2436","27.89","8609","3985"
2,"2015-03-31",10107,"test","5719","5287","5499","0.490","0.510","4608","4608","45.59","7811","3187"
2,"2015-04-01",6473,"test","6137","5840","5986","0.490","0.510","487","487","7.52","8298","3674"
2,"2015-04-02",6168,"test","5309","5005","5154","0.490","0.510","1014","1014","16.44","7466","2842"
2,"2015-04-04",4446,"test","3146","2844","2992","0.490","0.510","1454","1454","32.70","5304","680"
2,"2015-04-07",4588,"test","5589","5287","5435","0.490","0.510","-847","847","18.46","7747","3123"
2,"2015-04-08",5304,"test","6140","5840","5987","0.490","0.510","-683","683","12.88","8299","3675"
2,"2015-04-09",3793,"test","5312","5005","5155","0.490","0.510","-1362","1362","35.91","7467","2843"
2,"2015-04-10",3824,"test","5020","4710","4862","0.490","0.510","-1038","1038","27.14","7174","2550"
2,"2015-04-11",2662,"test","3150","2844","2994","0.490","0.510","-332","332","12.47","5306","682"
2,"2015-04-13",6947,"test","6391","6086","6235","0.490","0.510","712","712","10.25","8547","3923"
2,"2015-04-14",6569,"test","5594","5287","5437","0.490","0.510","1132","1132","17.23","7749","3125"
2,"2015-04-15",7132,"test","6145","5840","5989","0.490","0.510","1143","1143","16.03","8301","3677"
2,"2015-04-16",5371,"test","5317","5005","5158","0.490","0.510","213","213","3.97","7470","2846"
2,"2015-04-17",4948,"test","5024","4710","4864","0.490","0.510","84","84","1.70","7176","2552"
2,"2015-04-18",3066,"test","3155","2844","2996","0.490","0.510","70","70","2.28","5308","684"
2,"2015-04-20",4184,"test","6396","6086","6238","0.490","0.510","-2054","2054","49.09","8550","3926"
2,"2015-04-21",3291,"test","5599","5287","5440","0.490","0.510","-2149","2149","65.30","7752","3128"
2,"2015-04-22",5032,"test","6150","5840","5992","0.490","0.510","-960","960","19.08","8304","3680"
2,"2015-04-23",3588,"test","5321","5005","5160","0.490","0.510","-1572","1572","43.81","7472","2848"
2,"2015-04-24",3678,"test","5029","4710","4866","0.490","0.510","-1188","1188","32.30","7178","2554"
2,"2015-04-25",2916,"test","3160","2844","2999","0.490","0.510","-83","83","2.85","5311","687"
2,"2015-04-27",6523,"test","6401","6086","6240","0.490","0.510","283","283","4.34","8552","3928"
2,"2015-04-28",6861,"test","5604","5287","5442","0.490","0.510","1419","1419","20.68","7754","3130"
2,"2015-04-29",6764,"test","6154","5840","5994","0.490","0.510","770","770","11.38","8306","3682"
2,"2015-04-30",6884,"test","5326","5005","5162","0.490","0.510","1722","1722","25.01","7474","2850"
2,"2015-05-02",3590,"test","3043","2844","2942","0.490","0.510","648","648","18.05","5254","630"
2,"2015-05-04",6901,"test","6284","6086","6183","0.490","0.510","718","718","10.40","8495","3871"
2,"2015-05-05",6295,"test","5487","5287","5385","0.490","0.510","910","910","14.46","7697","3073"
2,"2015-05-06",6558,"test","6037","5840","5937","0.490","0.510","621","621","9.47","8249","3625"
2,"2015-05-07",5382,"test","5209","5005","5105","0.490","0.510","277","277","5.15","7417","2793"
2,"2015-05-08",5734,"test","4917","4710","4811","0.490","0.510","923","923","16.10","7123","2499"
2,"2015-05-09",2722,"test","3048","2844","2944","0.490","0.510","-222","222","8.16","5256","632"
2,"2015-05-11",4521,"test","6289","6086","6185","0.490","0.510","-1664","1664","36.81","8497","3873"
2,"2015-05-12",4319,"test","5491","5287","5387","0.490","0.510","-1068","1068","24.73","7699","3075"
2,"2015-05-13",5662,"test","6042","5840","5939","0.490","0.510","-277","277","4.89","8251","3627"
2,"2015-05-15",5293,"test","4921","4710","4813","0.490","0.510","480","480","9.07","7125","2501"
2,"2015-05-16",2831,"test","3052","2844","2946","0.490","0.510","-115","115","4.06","5258","634"
2,"2015-05-18",8078,"test","6293","6086","6187","0.490","0.510","1891","1891","23.41","8499","3875"
2,"2015-05-19",6388,"test","5495","5287","5389","0.490","0.510","999","999","15.64","7701","3077"
2,"2015-05-20",6696,"test","6046","5840","5941","0.490","0.510","755","755","11.28","8253","3629"
2,"2015-05-21",5431,"test","5218","5005","5109","0.490","0.510","322","322","5.93","7421","2797"
2,"2015-05-22",4564,"test","4926","4710","4816","0.490","0.510","-252","252","5.52","7128","2504"
2,"2015-05-23",2732,"test","3057","2844","2948","0.490","0.510","-216","216","7.91","5260","636"
2,"2015-05-26",4708,"test","5499","5287","5391","0.490","0.510","-683","683","14.51","7703","3079"
2,"2015-05-27",5093,"test","6050","5840","5943","0.490","0.510","-850","850","16.69","8255","3631"
2,"2015-05-28",4049,"test","5222","5005","5111","0.490","0.510","-1062","1062","26.23","7423","2799"
2,"2015-05-29",4541,"test","4930","4710","4818","0.490","0.510","-277","277","6.10","7130","2506"
2,"2015-05-30",3447,"test","3061","2844","2950","0.490","0.510","497","497","14.42","5262","638"
2,"2015-06-01",6629,"test","6360","6086","6220","0.490","0.510","409","409","6.17","8532","3908"
2,"2015-06-02",7099,"test","5563","5287","5422","0.490","0.510","1677","1677","23.62","7734","3110"
2,"2015-06-03",6682,"test","6114","5840","5974","0.490","0.510","708","708","10.60","8286","3662"
2,"2015-06-04",5810,"test","5286","5005","5143","0.490","0.510","667","667","11.48","7455","2831"
2,"2015-06-05",4938,"test","4994","4710","4849","0.490","0.510","89","89","1.80","7161","2537"
2,"2015-06-06",2641,"test","3124","2844","2981","0.490","0.510","-340","340","12.87","5293","669"
2,"2015-06-08",3918,"test","6365","6086","6223","0.490","0.510","-2305","2305","58.83","8535","3911"
2,"2015-06-09",4097,"test","5568","5287","5425","0.490","0.510","-1328","1328","32.41","7737","3113"
2,"2015-06-10",5035,"test","6119","5840","5977","0.490","0.510","-942","942","18.71","8289","3665"
2,"2015-06-11",4240,"test","5291","5005","5145","0.490","0.510","-905","905","21.34","7457","2833"
2,"2015-06-12",3539,"test","4998","4710","4851","0.490","0.510","-1312","1312","37.07","7163","2539"
2,"2015-06-13",2574,"test","3129","2844","2984","0.490","0.510","-410","410","15.93","5296","672"
2,"2015-06-15",8106,"test","6370","6086","6225","0.490","0.510","1881","1881","23.21","8537","3913"
2,"2015-06-16",6243,"test","5573","5287","5427","0.490","0.510","816","816","13.07","7739","3115"
2,"2015-06-17",6924,"test","6124","5840","5979","0.490","0.510","945","945","13.65","8291","3667"
2,"2015-06-18",5154,"test","5295","5005","5147","0.490","0.510","7","7","0.14","7459","2835"
2,"2015-06-19",4926,"test","5003","4710","4854","0.490","0.510","72","72","1.46","7166","2542"
2,"2015-06-20",3020,"test","3134","2844","2986","0.490","0.510","34","34","1.13","5298","674"
2,"2015-06-22",4123,"test","6375","6086","6228","0.490","0.510","-2105","2105","51.06","8540","3916"
2,"2015-06-23",4094,"test","5578","5287","5430","0.490","0.510","-1336","1336","32.63","7742","3118"
2,"2015-06-24",4805,"test","6128","5840","5981","0.490","0.510","-1176","1176","24.47","8293","3669"
2,"2015-06-25",4022,"test","5300","5005","5150","0.490","0.510","-1128","1128","28.05","7462","2838"
2,"2015-06-26",3953,"test","5008","4710","4856","0.490","0.510","-903","903","22.84","7168","2544"
2,"2015-06-27",2404,"test","3139","2844","2989","0.490","0.510","-585","585","24.33","5301","677"
2,"2015-06-29",7961,"test","6380","6086","6230","0.490","0.510","1731","1731","21.74","8542","3918"
2,"2015-06-30",9863,"test","5582","5287","5432","0.490","0.510","4431","4431","44.93","7744","3120"
2,"2015-07-01",6431,"test","6258","5840","6045","0.490","0.510","386","386","6.00","8357","3733"
2,"2015-07-02",6189,"test","5430","5005","5213","0.490","0.510","976","976","15.77","7525","2901"
2,"2015-07-03",4838,"test","5138","4710","4920","0.490","0.510","-82","82","1.69","7232","2608"
2,"2015-07-04",4475,"test","3269","2844","3052","0.490","0.510","1423","1423","31.80","5364","740"
2,"2015-07-06",4132,"test","6509","6086","6293","0.490","0.510","-2161","2161","52.30","8605","3981"
2,"2015-07-07",4313,"test","5712","5287","5495","0.490","0.510","-1182","1182","27.41","7807","3183"
2,"2015-07-08",5676,"test","6263","5840","6047","0.490","0.510","-371","371","6.54","8359","3735"
2,"2015-07-09",4082,"test","5435","5005","5216","0.490","0.510","-1134","1134","27.78","7528","2904"
2,"2015-07-10",4384,"test","5143","4710","4922","0.490","0.510","-538","538","12.27","7234","2610"
2,"2015-07-11",2677,"test","3273","2844","3054","0.490","0.510","-377","377","14.08","5366","742"
2,"2015-07-13",6874,"test","6514","6086","6296","0.490","0.510","578","578","8.41","8608","3984"
2,"2015-07-14",6122,"test","5717","5287","5498","0.490","0.510","624","624","10.19","7810","3186"
2,"2015-07-15",6406,"test","6268","5840","6050","0.490","0.510","356","356","5.56","8362","3738"
2,"2015-07-16",5062,"test","5440","5005","5218","0.490","0.510","-156","156","3.08","7530","2906"
2,"2015-07-17",4518,"test","5147","4710","4924","0.490","0.510","-406","406","8.99","7236","2612"
2,"2015-07-18",3417,"test","3278","2844","3057","0.490","0.510","360","360","10.54","5369","745"
2,"2015-07-20",4435,"test","6519","6086","6298","0.490","0.510","-1863","1863","42.01","8610","3986"
2,"2015-07-21",3836,"test","5722","5287","5500","0.490","0.510","-1664","1664","43.38","7812","3188"
2,"2015-07-22",5093,"test","6273","5840","6052","0.490","0.510","-959","959","18.83","8364","3740"
2,"2015-07-23",4108,"test","5444","5005","5220","0.490","0.510","-1112","1112","27.07","7532","2908"
2,"2015-07-24",3854,"test","5152","4710","4927","0.490","0.510","-1073","1073","27.84","7239","2615"
2,"2015-07-25",2512,"test","3283","2844","3059","0.490","0.510","-547","547","21.78","5371","747"
2,"2015-07-27",6627,"test","6524","6086","6301","0.490","0.510","326","326","4.92","8613","3989"
2,"2015-07-28",5671,"test","5727","5287","5503","0.490","0.510","168","168","2.96","7815","3191"
2,"2015-07-29",6402,"test","6277","5840","6054","0.490","0.510","348","348","5.44","8366","3742"
2,"2015-07-30",5567,"test","5449","5005","5223","0.490","0.510","344","344","6.18","7535","2911"
2,"2015-07-31",6064,"test","5157","4710","4929","0.490","0.510","1135","1135","18.72","7241","2617"
3,"2013-01-18",5390,"train","6734","7244","6987","0.504","0.496","-1597","1597","29.63","10449","3525"
3,"2013-01-19",3938,"train","3961","4471","4214","0.504","0.496","-276","276","7.01","7676","752"
3,"2013-01-21",6014,"train","7869","8379","8122","0.504","0.496","-2108","2108","35.05","11584","4660"
3,"2013-01-22",7961,"train","7111","7621","7364","0.504","0.496","597","597","7.50","10826","3902"
3,"2013-01-23",7863,"train","6624","7134","6877","0.504","0.496","986","986","12.54","10339","3415"
3,"2013-01-24",7910,"train","6464","6973","6716","0.504","0.496","1194","1194","15.09","10178","3254"
3,"2013-01-25",7565,"train","6735","7244","6987","0.504","0.496","578","578","7.64","10449","3525"
3,"2013-01-26",3902,"train","3962","4471","4214","0.504","0.496","-312","312","8.00","7676","752"
3,"2013-01-28",5352,"train","7870","8379","8122","0.504","0.496","-2770","2770","51.76","11584","4660"
3,"2013-01-29",5375,"train","7112","7621","7364","0.504","0.496","-1989","1989","37.00","10826","3902"
3,"2013-01-30",4920,"train","6625","7134","6877","0.504","0.496","-1957","1957","39.78","10339","3415"
3,"2013-01-31",5682,"train","6465","6973","6717","0.504","0.496","-1035","1035","18.22","10179","3255"
3,"2013-02-01",6725,"train","6879","7244","7060","0.504","0.496","-335","335","4.98","10522","3598"
3,"2013-02-02",5155,"train","4106","4471","4287","0.504","0.496","868","868","16.84","7749","825"
3,"2013-02-04",10913,"train","8014","8379","8195","0.504","0.496","2718","2718","24.91","11657","4733"
3,"2013-02-05",9372,"train","7256","7621","7437","0.504","0.496","1935","1935","20.65","10899","3975"
3,"2013-02-06",9084,"train","6769","7134","6950","0.504","0.496","2134","2134","23.49","10412","3488"
3,"2013-02-07",7786,"train","6610","6973","6790","0.504","0.496","996","996","12.79","10252","3328"
3,"2013-02-08",7945,"train","6880","7244","7061","0.504","0.496","884","884","11.13","10523","3599"
3,"2013-02-09",4324,"train","4107","4471","4288","0.504","0.496","36","36","0.83","7750","826"
3,"2013-02-11",5541,"train","8015","8379","8196","0.504","0.496","-2655","2655","47.92","11658","4734"
3,"2013-02-12",5725,"train","7257","7621","7438","0.504","0.496","-1713","1713","29.92","10900","3976"
3,"2013-02-13",5111,"train","6770","7134","6951","0.504","0.496","-1840","1840","36.00","10413","3489"
3,"2013-02-14",5912,"train","6610","6973","6790","0.504","0.496","-878","878","14.85","10252","3328"
3,"2013-02-15",5159,"train","6880","7244","7061","0.504","0.496","-1902","1902","36.87","10523","3599"
3,"2013-02-16",4000,"train","4107","4471","4288","0.504","0.496","-288","288","7.20","7750","826"
3,"2013-02-18",10793,"train","8015","8379","8196","0.504","0.496","2597","2597","24.06","11658","4734"
3,"2013-02-19",7997,"train","7258","7621","7438","0.504","0.496","559","559","6.99","10900","3976"
3,"2013-02-20",7862,"train","6771","7134","6951","0.504","0.496","911","911","11.59","10413","3489"
3,"2013-02-21",7517,"train","6611","6973","6791","0.504","0.496","726","726","9.66","10253","3329"
3,"2013-02-22",7993,"train","6881","7244","7061","0.504","0.496","932","932","11.66","10523","3599"
3,"2013-02-23",3688,"train","4108","4471","4288","0.504","0.496","-600","600","16.27","7750","826"
3,"2013-02-25",5072,"train","8016","8379","8196","0.504","0.496","-3124","3124","61.59","11658","4734"
3,"2013-02-26",5154,"train","7258","7621","7438","0.504","0.496","-2284","2284","44.32","10900","3976"
3,"2013-02-27",5172,"train","6771","7134","6951","0.504","0.496","-1779","1779","34.40","10413","3489"
3,"2013-02-28",6167,"train","6611","6973","6791","0.504","0.496","-624","624","10.12","10253","3329"
3,"2013-03-01",6575,"train","7396","7244","7321","0.504","0.496","-746","746","11.35","10783","3859"
3,"2013-03-02",5037,"train","4623","4471","4548","0.504","0.496","489","489","9.71","8010","1086"
3,"2013-03-04",11004,"train","8532","8379","8456","0.504","0.496","2548","2548","23.16","11918","4994"
3,"2013-03-05",9878,"train","7774","7621","7698","0.504","0.496","2180","2180","22.07","11160","4236"
3,"2013-03-06",8729,"train","7287","7134","7211","0.504","0.496","1518","1518","17.39","10673","3749"
3,"2013-03-07",8479,"train","7127","6973","7051","0.504","0.496","1428","1428","16.84","10513","3589"
3,"2013-03-08",8174,"train","7397","7244","7321","0.504","0.496","853","853","10.44","10783","3859"
3,"2013-03-09",3778,"train","4624","4471","4548","0.504","0.496","-770","770","20.38","8010","1086"
3,"2013-03-11",4968,"train","8532","8379","8456","0.504","0.496","-3488","3488","70.21","11918","4994"
3,"2013-03-12",5452,"train","7774","7621","7698","0.504","0.496","-2246","2246","41.20","11160","4236"
3,"2013-03-13",5391,"train","7287","7134","7211","0.504","0.496","-1820","1820","33.76","10673","3749"
3,"2013-03-14",4993,"train","7127","6973","7051","0.504","0.496","-2058","2058","41.22","10513","3589"
3,"2013-03-15",6933,"train","7397","7244","7321","0.504","0.496","-388","388","5.60","10783","3859"
3,"2013-03-16",4249,"train","4625","4471","4549","0.504","0.496","-300","300","7.06","8011","1087"
3,"2013-03-18",11199,"train","8533","8379","8457","0.504","0.496","2742","2742","24.48","11919","4995"
3,"2013-03-19",9725,"train","7775","7621","7699","0.504","0.496","2026","2026","20.83","11161","4237"
3,"2013-03-20",8459,"train","7288","7134","7212","0.504","0.496","1247","1247","14.74","10674","3750"
3,"2013-03-21",8245,"train","7128","6973","7051","0.504","0.496","1194","1194","14.48","10513","3589"
3,"2013-03-22",8355,"train","7398","7244","7322","0.504","0.496","1033","1033","12.36","10784","3860"
3,"2013-03-23",4200,"train","4625","4471","4549","0.504","0.496","-349","349","8.31","8011","1087"
3,"2013-03-25",10181,"train","8533","8379","8457","0.504","0.496","1724","1724","16.93","11919","4995"
3,"2013-03-26",9991,"train","7775","7621","7699","0.504","0.496","2292","2292","22.94","11161","4237"
3,"2013-03-27",9033,"train","7288","7134","7212","0.504","0.496","1821","1821","20.16","10674","3750"
3,"2013-03-28",9884,"train","7129","6973","7052","0.504","0.496","2832","2832","28.65","10514","3590"
3,"2013-03-30",6267,"train","4626","4471","4549","0.504","0.496","1718","1718","27.41","8011","1087"
3,"2013-04-02",5856,"train","7482","7621","7551","0.504","0.496","-1695","1695","28.94","11013","4089"
3,"2013-04-03",5704,"train","6995","7134","7064","0.504","0.496","-1360","1360","23.84","10526","3602"
3,"2013-04-04",6663,"train","6835","6973","6903","0.504","0.496","-240","240","3.60","10365","3441"
3,"2013-04-05",6197,"train","7105","7244","7174","0.504","0.496","-977","977","15.77","10636","3712"
3,"2013-04-06",4656,"train","4332","4471","4401","0.504","0.496","255","255","5.48","7863","939"
3,"2013-04-08",9781,"train","8240","8379","8309","0.504","0.496","1472","1472","15.05","11771","4847"
3,"2013-04-09",9416,"train","7482","7621","7551","0.504","0.496","1865","1865","19.81","11013","4089"
3,"2013-04-10",8414,"train","6995","7134","7064","0.504","0.496","1350","1350","16.04","10526","3602"
3,"2013-04-11",7959,"train","6835","6973","6903","0.504","0.496","1056","1056","13.27","10365","3441"
3,"2013-04-12",8866,"train","7106","7244","7174","0.504","0.496","1692","1692","19.08","10636","3712"
3,"2013-04-13",3765,"train","4333","4471","4401","0.504","0.496","-636","636","16.89","7863","939"
3,"2013-04-15",5295,"train","8241","8379","8309","0.504","0.496","-3014","3014","56.92","11771","4847"
3,"2013-04-16",5092,"train","7483","7621","7551","0.504","0.496","-2459","2459","48.29","11013","4089"
3,"2013-04-17",5320,"train","6996","7134","7064","0.504","0.496","-1744","1744","32.78","10526","3602"
3,"2013-04-18",5399,"train","6836","6973","6904","0.504","0.496","-1505","1505","27.88","10366","3442"
3,"2013-04-19",5608,"train","7106","7244","7174","0.504","0.496","-1566","1566","27.92","10636","3712"
3,"2013-04-20",4007,"train","4333","4471","4401","0.504","0.496","-394","394","9.83","7863","939"
3,"2013-04-22",8979,"train","8241","8379","8309","0.504","0.496","670","670","7.46","11771","4847"
3,"2013-04-23",8294,"train","7483","7621","7551","0.504","0.496","743","743","8.96","11013","4089"
3,"2013-04-24",8041,"train","6997","7134","7065","0.504","0.496","976","976","12.14","10527","3603"
3,"2013-04-25",7232,"train","6837","6973","6904","0.504","0.496","328","328","4.54","10366","3442"
3,"2013-04-26",7194,"train","7107","7244","7175","0.504","0.496","19","19","0.26","10637","3713"
3,"2013-04-27",3773,"train","4334","4471","4402","0.504","0.496","-629","629","16.67","7864","940"
3,"2013-04-29",9036,"train","8242","8379","8310","0.504","0.496","726","726","8.03","11772","4848"
3,"2013-04-30",11641,"train","7484","7621","7552","0.504","0.496","4089","4089","35.13","11014","4090"
3,"2013-05-02",9884,"train","6952","6973","6962","0.504","0.496","2922","2922","29.56","10424","3500"
3,"2013-05-03",9198,"train","7222","7244","7233","0.504","0.496","1965","1965","21.36","10695","3771"
3,"2013-05-04",4732,"train","4449","4471","4460","0.504","0.496","272","272","5.75","7922","998"
3,"2013-05-06",6092,"train","8357","8379","8368","0.504","0.496","-2276","2276","37.36","11830","4906"
3,"2013-05-07",6048,"train","7599","7621","7610","0.504","0.496","-1562","1562","25.83","11072","4148"
3,"2013-05-08",6866,"train","7113","7134","7123","0.504","0.496","-257","257","3.74","10585","3661"
3,"2013-05-10",7821,"train","7223","7244","7233","0.504","0.496","588","588","7.52","10695","3771"
3,"2013-05-11",6103,"train","4450","4471","4460","0.504","0.496","1643","1643","26.92","7922","998"
3,"2013-05-13",8836,"train","8358","8379","8368","0.504","0.496","468","468","5.30","11830","4906"
3,"2013-05-14",8802,"train","7600","7621","7610","0.504","0.496","1192","1192","13.54","11072","4148"
3,"2013-05-15",8094,"train","7113","7134","7123","0.504","0.496","971","971","12.00","10585","3661"
3,"2013-05-16",8081,"train","6953","6973","6963","0.504","0.496","1118","1118","13.83","10425","3501"
3,"2013-05-17",7980,"train","7223","7244","7233","0.504","0.496","747","747","9.36","10695","3771"
3,"2013-05-18",3946,"train","4450","4471","4460","0.504","0.496","-514","514","13.03","7922","998"
3,"2013-05-21",6829,"train","7600","7621","7610","0.504","0.496","-781","781","11.44","11072","4148"
3,"2013-05-22",5617,"train","7113","7134","7123","0.504","0.496","-1506","1506","26.81","10585","3661"
3,"2013-05-23",4929,"train","6954","6973","6963","0.504","0.496","-2034","2034","41.27","10425","3501"
3,"2013-05-24",6220,"train","7224","7244","7234","0.504","0.496","-1014","1014","16.30","10696","3772"
3,"2013-05-25",4144,"train","4451","4471","4461","0.504","0.496","-317","317","7.65","7923","999"
3,"2013-05-27",9551,"train","8359","8379","8369","0.504","0.496","1182","1182","12.38","11831","4907"
3,"2013-05-28",9168,"train","7601","7621","7611","0.504","0.496","1557","1557","16.98","11073","4149"
3,"2013-05-29",9222,"train","7114","7134","7124","0.504","0.496","2098","2098","22.75","10586","3662"
3,"2013-05-31",12211,"train","7224","7244","7234","0.504","0.496","4977","4977","40.76","10696","3772"
3,"2013-06-01",4947,"train","4614","4471","4543","0.504","0.496","404","404","8.17","8005","1081"
3,"2013-06-03",10025,"train","8522","8379","8451","0.504","0.496","1574","1574","15.70","11913","4989"
3,"2013-06-04",8935,"train","7764","7621","7693","0.504","0.496","1242","1242","13.90","11155","4231"
3,"2013-06-05",7714,"train","7278","7134","7207","0.504","0.496","507","507","6.57","10669","3745"
3,"2013-06-06",8051,"train","7118","6973","7046","0.504","0.496","1005","1005","12.48","10508","3584"
3,"2013-06-07",8351,"train","7388","7244","7317","0.504","0.496","1034","1034","12.38","10779","3855"
3,"2013-06-08",4002,"train","4615","4471","4544","0.504","0.496","-542","542","13.54","8006","1082"
3,"2013-06-10",5881,"train","8523","8379","8452","0.504","0.496","-2571","2571","43.72","11914","4990"
3,"2013-06-11",5592,"train","7765","7621","7694","0.504","0.496","-2102","2102","37.59","11156","4232"
3,"2013-06-12",5520,"train","7278","7134","7207","0.504","0.496","-1687","1687","30.56","10669","3745"
3,"2013-06-13",5499,"train","7118","6973","7046","0.504","0.496","-1547","1547","28.13","10508","3584"
3,"2013-06-14",6440,"train","7388","7244","7317","0.504","0.496","-877","877","13.62","10779","3855"
3,"2013-06-15",4330,"train","4615","4471","4544","0.504","0.496","-214","214","4.94","8006","1082"
3,"2013-06-17",10328,"train","8523","8379","8452","0.504","0.496","1876","1876","18.16","11914","4990"
3,"2013-06-18",9065,"train","7766","7621","7694","0.504","0.496","1371","1371","15.12","11156","4232"
3,"2013-06-19",7745,"train","7279","7134","7207","0.504","0.496","538","538","6.95","10669","3745"
3,"2013-06-20",6633,"train","7119","6973","7047","0.504","0.496","-414","414","6.24","10509","3585"
3,"2013-06-21",8739,"train","7389","7244","7317","0.504","0.496","1422","1422","16.27","10779","3855"
3,"2013-06-22",4199,"train","4616","4471","4544","0.504","0.496","-345","345","8.22","8006","1082"
3,"2013-06-24",6538,"train","8524","8379","8452","0.504","0.496","-1914","1914","29.28","11914","4990"
3,"2013-06-25",5414,"train","7766","7621","7694","0.504","0.496","-2280","2280","42.11","11156","4232"
3,"2013-06-26",5461,"train","7279","7134","7207","0.504","0.496","-1746","1746","31.97","10669","3745"
3,"2013-06-27",6546,"train","7119","6973","7047","0.504","0.496","-501","501","7.65","10509","3585"
3,"2013-06-28",8280,"train","7389","7244","7317","0.504","0.496","963","963","11.63","10779","3855"
3,"2013-06-29",6227,"train","4617","4471","4545","0.504","0.496","1682","1682","27.01","8007","1083"
3,"2013-07-01",9469,"train","8579","8379","8480","0.504","0.496","989","989","10.44","11942","5018"
3,"2013-07-02",9158,"train","7821","7621","7722","0.504","0.496","1436","1436","15.68","11184","4260"
3,"2013-07-03",9924,"train","7334","7134","7235","0.504","0.496","2689","2689","27.10","10697","3773"
3,"2013-07-04",8932,"train","7174","6973","7074","0.504","0.496","1858","1858","20.80","10536","3612"
3,"2013-07-05",9257,"train","7444","7244","7345","0.504","0.496","1912","1912","20.65","10807","3883"
3,"2013-07-06",4882,"train","4671","4471","4572","0.504","0.496","310","310","6.35","8034","1110"
3,"2013-07-08",6103,"train","8579","8379","8480","0.504","0.496","-2377","2377","38.95","11942","5018"
3,"2013-07-09",6097,"train","7821","7621","7722","0.504","0.496","-1625","1625","26.65","11184","4260"
3,"2013-07-10",6691,"train","7334","7134","7235","0.504","0.496","-544","544","8.13","10697","3773"
3,"2013-07-11",6035,"train","7174","6973","7074","0.504","0.496","-1039","1039","17.22","10536","3612"
3,"2013-07-12",5769,"train","7445","7244","7345","0.504","0.496","-1576","1576","27.32","10807","3883"
3,"2013-07-13",4056,"train","4672","4471","4572","0.504","0.496","-516","516","12.72","8034","1110"
3,"2013-07-15",12179,"train","8580","8379","8480","0.504","0.496","3699","3699","30.37","11942","5018"
3,"2013-07-16",11756,"train","7822","7621","7722","0.504","0.496","4034","4034","34.31","11184","4260"
3,"2013-07-17",9886,"train","7335","7134","7235","0.504","0.496","2651","2651","26.82","10697","3773"
3,"2013-07-18",9098,"train","7175","6973","7075","0.504","0.496","2023","2023","22.24","10537","3613"
3,"2013-07-19",9174,"train","7445","7244","7345","0.504","0.496","1829","1829","19.94","10807","3883"
3,"2013-07-20",4392,"train","4672","4471","4572","0.504","0.496","-180","180","4.10","8034","1110"
3,"2013-07-22",5152,"train","8580","8379","8480","0.504","0.496","-3328","3328","64.60","11942","5018"
3,"2013-07-23",5723,"train","7822","7621","7722","0.504","0.496","-1999","1999","34.93","11184","4260"
3,"2013-07-24",5430,"train","7335","7134","7235","0.504","0.496","-1805","1805","33.24","10697","3773"
3,"2013-07-25",5936,"train","7176","6973","7075","0.504","0.496","-1139","1139","19.19","10537","3613"
3,"2013-07-26",5283,"train","7446","7244","7346","0.504","0.496","-2063","2063","39.05","10808","3884"
3,"2013-07-27",3845,"train","4673","4471","4573","0.504","0.496","-728","728","18.93","8035","1111"
3,"2013-07-29",10853,"train","8581","8379","8481","0.504","0.496","2372","2372","21.86","11943","5019"
3,"2013-07-30",10451,"train","7823","7621","7723","0.504","0.496","2728","2728","26.10","11185","4261"
3,"2013-07-31",10895,"train","7336","7134","7236","0.504","0.496","3659","3659","33.58","10698","3774"
3,"2013-08-01",8738,"train","6430","6973","6699","0.504","0.496","2039","2039","23.33","10161","3237"
3,"2013-08-02",7610,"train","6700","7244","6970","0.504","0.496","640","640","8.41","10432","3508"
3,"2013-08-03",4546,"train","3927","4471","4197","0.504","0.496","349","349","7.68","7659","735"
3,"2013-08-05",5991,"train","7835","8379","8105","0.504","0.496","-2114","2114","35.29","11567","4643"
3,"2013-08-06",6166,"train","7078","7621","7347","0.504","0.496","-1181","1181","19.15","10809","3885"
3,"2013-08-07",5982,"train","6591","7134","6860","0.504","0.496","-878","878","14.68","10322","3398"
3,"2013-08-08",5916,"train","6431","6973","6700","0.504","0.496","-784","784","13.25","10162","3238"
3,"2013-08-09",5991,"train","6701","7244","6970","0.504","0.496","-979","979","16.34","10432","3508"
3,"2013-08-10",3883,"train","3928","4471","4197","0.504","0.496","-314","314","8.09","7659","735"
3,"2013-08-12",10962,"train","7836","8379","8105","0.504","0.496","2857","2857","26.06","11567","4643"
3,"2013-08-13",10004,"train","7078","7621","7347","0.504","0.496","2657","2657","26.56","10809","3885"
3,"2013-08-14",8452,"train","6591","7134","6860","0.504","0.496","1592","1592","18.84","10322","3398"
3,"2013-08-15",8369,"train","6431","6973","6700","0.504","0.496","1669","1669","19.94","10162","3238"
3,"2013-08-16",7585,"train","6701","7244","6970","0.504","0.496","615","615","8.11","10432","3508"
3,"2013-08-17",3242,"train","3928","4471","4197","0.504","0.496","-955","955","29.46","7659","735"
3,"2013-08-19",4369,"train","7837","8379","8106","0.504","0.496","-3737","3737","85.53","11568","4644"
3,"2013-08-20",5290,"train","7079","7621","7348","0.504","0.496","-2058","2058","38.90","10810","3886"
3,"2013-08-21",5070,"train","6592","7134","6861","0.504","0.496","-1791","1791","35.33","10323","3399"
3,"2013-08-22",5225,"train","6432","6973","6700","0.504","0.496","-1475","1475","28.23","10162","3238"
3,"2013-08-23",4692,"train","6702","7244","6971","0.504","0.496","-2279","2279","48.57","10433","3509"
3,"2013-08-24",3525,"train","3929","4471","4198","0.504","0.496","-673","673","19.09","7660","736"
3,"2013-08-26",9613,"train","7837","8379","8106","0.504","0.496","1507","1507","15.68","11568","4644"
3,"2013-08-27",8893,"train","7079","7621","7348","0.504","0.496","1545","1545","17.37","10810","3886"
3,"2013-08-28",8266,"train","6592","7134","6861","0.504","0.496","1405","1405","17.00","10323","3399"
3,"2013-08-29",7384,"train","6432","6973","6700","0.504","0.496","684","684","9.26","10162","3238"
3,"2013-08-30",8954,"train","6703","7244","6971","0.504","0.496","1983","1983","22.15","10433","3509"
3,"2013-08-31",3584,"train","3930","4471","4198","0.504","0.496","-614","614","17.13","7660","736"
3,"2013-09-02",5625,"train","8008","8379","8192","0.504","0.496","-2567","2567","45.64","11654","4730"
3,"2013-09-03",5847,"train","7250","7621","7434","0.504","0.496","-1587","1587","27.14","10896","3972"
3,"2013-09-04",6116,"train","6763","7134","6947","0.504","0.496","-831","831","13.59","10409","3485"
3,"2013-09-05",4921,"train","6603","6973","6787","0.504","0.496","-1866","1866","37.92","10249","3325"
3,"2013-09-06",4750,"train","6873","7244","7057","0.504","0.496","-2307","2307","48.57","10519","3595"
3,"2013-09-07",3661,"train","4100","4471","4284","0.504","0.496","-623","623","17.02","7746","822"
3,"2013-09-09",11058,"train","8008","8379","8192","0.504","0.496","2866","2866","25.92","11654","4730"
3,"2013-09-10",8361,"train","7250","7621","7434","0.504","0.496","927","927","11.09","10896","3972"
3,"2013-09-11",8568,"train","6763","7134","6947","0.504","0.496","1621","1621","18.92","10409","3485"
3,"2013-09-12",8774,"train","6604","6973","6787","0.504","0.496","1987","1987","22.65","10249","3325"
3,"2013-09-13",8610,"train","6874","7244","7058","0.504","0.496","1552","1552","18.03","10520","3596"
3,"2013-09-14",3537,"train","4101","4471","4285","0.504","0.496","-748","748","21.15","7747","823"
3,"2013-09-16",5391,"train","8009","8379","8193","0.504","0.496","-2802","2802","51.98","11655","4731"
3,"2013-09-17",5517,"train","7251","7621","7435","0.504","0.496","-1918","1918","34.77","10897","3973"
3,"2013-09-18",5378,"train","6764","7134","6948","0.504","0.496","-1570","1570","29.19","10410","3486"
3,"2013-09-19",5120,"train","6604","6973","6787","0.504","0.496","-1667","1667","32.56","10249","3325"
3,"2013-09-20",5426,"train","6874","7244","7058","0.504","0.496","-1632","1632","30.08","10520","3596"
3,"2013-09-21",3554,"train","4101","4471","4285","0.504","0.496","-731","731","20.57","7747","823"
3,"2013-09-23",9002,"train","8009","8379","8193","0.504","0.496","809","809","8.99","11655","4731"
3,"2013-09-24",8376,"train","7251","7621","7435","0.504","0.496","941","941","11.23","10897","3973"
3,"2013-09-25",7475,"train","6765","7134","6948","0.504","0.496","527","527","7.05","10410","3486"
3,"2013-09-26",7003,"train","6605","6973","6788","0.504","0.496","215","215","3.07","10250","3326"
3,"2013-09-27",8387,"train","6875","7244","7058","0.504","0.496","1329","1329","15.85","10520","3596"
3,"2013-09-28",3845,"train","4102","4471","4285","0.504","0.496","-440","440","11.44","7747","823"
3,"2013-09-30",8988,"train","8010","8379","8193","0.504","0.496","795","795","8.85","11655","4731"
3,"2013-10-01",5903,"train","7002","7621","7309","0.504","0.496","-1406","1406","23.82","10771","3847"
3,"2013-10-02",6045,"train","6515","7134","6822","0.504","0.496","-777","777","12.85","10284","3360"
3,"2013-10-04",8093,"train","6625","7244","6932","0.504","0.496","1161","1161","14.35","10394","3470"
3,"2013-10-05",4802,"train","3852","4471","4159","0.504","0.496","643","643","13.39","7621","697"
3,"2013-10-07",10779,"train","7760","8379","8067","0.504","0.496","2712","2712","25.16","11529","4605"
3,"2013-10-08",9269,"train","7003","7621","7310","0.504","0.496","1959","1959","21.13","10772","3848"
3,"2013-10-09",8250,"train","6516","7134","6823","0.504","0.496","1427","1427","17.30","10285","3361"
3,"2013-10-10",8711,"train","6356","6973","6662","0.504","0.496","2049","2049","23.52","10124","3200"
3,"2013-10-11",7076,"train","6626","7244","6933","0.504","0.496","143","143","2.02","10395","3471"
3,"2013-10-12",4076,"train","3853","4471","4160","0.504","0.496","-84","84","2.06","7622","698"
3,"2013-10-14",5982,"train","7761","8379","8068","0.504","0.496","-2086","2086","34.87","11530","4606"
3,"2013-10-15",5598,"train","7003","7621","7310","0.504","0.496","-1712","1712","30.58","10772","3848"
3,"2013-10-16",5563,"train","6516","7134","6823","0.504","0.496","-1260","1260","22.65","10285","3361"
3,"2013-10-17",5261,"train","6356","6973","6662","0.504","0.496","-1401","1401","26.63","10124","3200"
3,"2013-10-18",5684,"train","6626","7244","6933","0.504","0.496","-1249","1249","21.97","10395","3471"
3,"2013-10-19",3568,"train","3853","4471","4160","0.504","0.496","-592","592","16.59","7622","698"
3,"2013-10-21",9712,"train","7762","8379","8068","0.504","0.496","1644","1644","16.93","11530","4606"
3,"2013-10-22",8058,"train","7004","7621","7310","0.504","0.496","748","748","9.28","10772","3848"
3,"2013-10-23",7839,"train","6517","7134","6823","0.504","0.496","1016","1016","12.96","10285","3361"
3,"2013-10-24",7163,"train","6357","6973","6663","0.504","0.496","500","500","6.98","10125","3201"
3,"2013-10-25",6614,"train","6627","7244","6933","0.504","0.496","-319","319","4.82","10395","3471"
3,"2013-10-26",2936,"train","3854","4471","4160","0.504","0.496","-1224","1224","41.69","7622","698"
3,"2013-10-28",4025,"train","7762","8379","8068","0.504","0.496","-4043","4043","100.45","11530","4606"
3,"2013-10-29",4838,"train","7004","7621","7310","0.504","0.496","-2472","2472","51.10","10772","3848"
3,"2013-10-30",5900,"train","6517","7134","6823","0.504","0.496","-923","923","15.64","10285","3361"
3,"2013-10-31",6532,"train","6357","6973","6663","0.504","0.496","-131","131","2.01","10125","3201"
3,"2013-11-02",6359,"train","4593","4471","4532","0.504","0.496","1827","1827","28.73","7994","1070"
3,"2013-11-04",9119,"train","8501","8379","8440","0.504","0.496","679","679","7.45","11902","4978"
3,"2013-11-05",10275,"train","7743","7621","7682","0.504","0.496","2593","2593","25.24","11144","4220"
3,"2013-11-06",8378,"train","7256","7134","7195","0.504","0.496","1183","1183","14.12","10657","3733"
3,"2013-11-07",7662,"train","7096","6973","7035","0.504","0.496","627","627","8.18","10497","3573"
3,"2013-11-08",7958,"train","7366","7244","7305","0.504","0.496","653","653","8.21","10767","3843"
3,"2013-11-09",4305,"train","4593","4471","4532","0.504","0.496","-227","227","5.27","7994","1070"
3,"2013-11-11",5084,"train","8501","8379","8440","0.504","0.496","-3356","3356","66.01","11902","4978"
3,"2013-11-12",5267,"train","7743","7621","7682","0.504","0.496","-2415","2415","45.85","11144","4220"
3,"2013-11-13",5530,"train","7256","7134","7195","0.504","0.496","-1665","1665","30.11","10657","3733"
3,"2013-11-14",5240,"train","7096","6973","7035","0.504","0.496","-1795","1795","34.26","10497","3573"
3,"2013-11-15",5919,"train","7367","7244","7306","0.504","0.496","-1387","1387","23.43","10768","3844"
3,"2013-11-16",3893,"train","4594","4471","4533","0.504","0.496","-640","640","16.44","7995","1071"
3,"2013-11-18",9719,"train","8502","8379","8441","0.504","0.496","1278","1278","13.15","11903","4979"
3,"2013-11-19",8865,"train","7744","7621","7683","0.504","0.496","1182","1182","13.33","11145","4221"
3,"2013-11-20",8573,"train","7257","7134","7196","0.504","0.496","1377","1377","16.06","10658","3734"
3,"2013-11-21",7630,"train","7097","6973","7035","0.504","0.496","595","595","7.80","10497","3573"
3,"2013-11-22",7697,"train","7367","7244","7306","0.504","0.496","391","391","5.08","10768","3844"
3,"2013-11-23",4109,"train","4594","4471","4533","0.504","0.496","-424","424","10.32","7995","1071"
3,"2013-11-25",5968,"train","8502","8379","8441","0.504","0.496","-2473","2473","41.44","11903","4979"
3,"2013-11-26",5880,"train","7744","7621","7683","0.504","0.496","-1803","1803","30.66","11145","4221"
3,"2013-11-27",5942,"train","7257","7134","7196","0.504","0.496","-1254","1254","21.10","10658","3734"
3,"2013-11-28",6096,"train","7098","6973","7036","0.504","0.496","-940","940","15.42","10498","3574"
3,"2013-11-29",7152,"train","7368","7244","7306","0.504","0.496","-154","154","2.15","10768","3844"
3,"2013-11-30",6960,"train","4595","4471","4533","0.504","0.496","2427","2427","34.87","7995","1071"
3,"2013-12-02",12144,"train","10094","8379","9243","0.504","0.496","2901","2901","23.89","12705","5781"
3,"2013-12-03",10485,"train","9336","7621","8485","0.504","0.496","2000","2000","19.07","11947","5023"
3,"2013-12-04",9624,"train","8849","7134","7998","0.504","0.496","1626","1626","16.90","11460","4536"
3,"2013-12-05",7872,"train","8689","6973","7838","0.504","0.496","34","34","0.43","11300","4376"
3,"2013-12-06",8300,"train","8959","7244","8108","0.504","0.496","192","192","2.31","11570","4646"
3,"2013-12-07",7151,"train","6186","4471","5335","0.504","0.496","1816","1816","25.40","8797","1873"
3,"2013-12-09",5478,"train","10094","8379","9243","0.504","0.496","-3765","3765","68.73","12705","5781"
3,"2013-12-10",6595,"train","9337","7621","8486","0.504","0.496","-1891","1891","28.67","11948","5024"
3,"2013-12-11",7577,"train","8850","7134","7999","0.504","0.496","-422","422","5.57","11461","4537"
3,"2013-12-12",6921,"train","8690","6973","7838","0.504","0.496","-917","917","13.25","11300","4376"
3,"2013-12-13",7146,"train","8960","7244","8109","0.504","0.496","-963","963","13.48","11571","4647"
3,"2013-12-14",6688,"train","6187","4471","5336","0.504","0.496","1352","1352","20.22","8798","1874"
3,"2013-12-16",14647,"train","10095","8379","9244","0.504","0.496","5403","5403","36.89","12706","5782"
3,"2013-12-17",14555,"train","9337","7621","8486","0.504","0.496","6069","6069","41.70","11948","5024"
3,"2013-12-18",12564,"train","8850","7134","7999","0.504","0.496","4565","4565","36.33","11461","4537"
3,"2013-12-19",10463,"train","8690","6973","7838","0.504","0.496","2625","2625","25.09","11300","4376"
3,"2013-12-20",12352,"train","8960","7244","8109","0.504","0.496","4243","4243","34.35","11571","4647"
3,"2013-12-21",8215,"train","6187","4471","5336","0.504","0.496","2879","2879","35.05","8798","1874"
3,"2013-12-23",14461,"train","10096","8379","9244","0.504","0.496","5217","5217","36.08","12706","5782"
3,"2013-12-24",4460,"train","9338","7621","8486","0.504","0.496","-4026","4026","90.27","11948","5024"
3,"2013-12-27",8158,"train","8961","7244","8109","0.504","0.496","49","49","0.60","11571","4647"
3,"2013-12-28",3927,"train","6188","4471","5336","0.504","0.496","-1409","1409","35.88","8798","1874"
3,"2013-12-30",10503,"train","10096","8379","9244","0.504","0.496","1259","1259","11.99","12706","5782"
3,"2013-12-31",4081,"train","9338","7621","8486","0.504","0.496","-4405","4405","107.94","11948","5024"
3,"2014-01-02",5703,"train","6491","6973","6730","0.504","0.496","-1027","1027","18.01","10192","3268"
3,"2014-01-03",6821,"train","6761","7244","7001","0.504","0.496","-180","180","2.64","10463","3539"
3,"2014-01-04",4727,"train","3988","4471","4228","0.504","0.496","499","499","10.56","7690","766"
3,"2014-01-06",11326,"train","7896","8379","8136","0.504","0.496","3190","3190","28.17","11598","4674"
3,"2014-01-07",11215,"train","7139","7621","7378","0.504","0.496","3837","3837","34.21","10840","3916"
3,"2014-01-08",8242,"train","6652","7134","6891","0.504","0.496","1351","1351","16.39","10353","3429"
3,"2014-01-09",7081,"train","6492","6973","6731","0.504","0.496","350","350","4.94","10193","3269"
3,"2014-01-10",9242,"train","6762","7244","7001","0.504","0.496","2241","2241","24.25","10463","3539"
3,"2014-01-11",4397,"train","3989","4471","4228","0.504","0.496","169","169","3.84","7690","766"
3,"2014-01-13",5420,"train","7897","8379","8136","0.504","0.496","-2716","2716","50.11","11598","4674"
3,"2014-01-14",4934,"train","7139","7621","7378","0.504","0.496","-2444","2444","49.53","10840","3916"
3,"2014-01-15",5163,"train","6652","7134","6891","0.504","0.496","-1728","1728","33.47","10353","3429"
3,"2014-01-16",5395,"train","6492","6973","6731","0.504","0.496","-1336","1336","24.76","10193","3269"
3,"2014-01-17",5115,"train","6762","7244","7001","0.504","0.496","-1886","1886","36.87","10463","3539"
3,"2014-01-18",4232,"train","3989","4471","4228","0.504","0.496","4","4","0.09","7690","766"
3,"2014-01-20",10251,"train","7898","8379","8137","0.504","0.496","2114","2114","20.62","11599","4675"
3,"2014-01-21",9246,"train","7140","7621","7379","0.504","0.496","1867","1867","20.19","10841","3917"
3,"2014-01-22",9642,"train","6653","7134","6892","0.504","0.496","2750","2750","28.52","10354","3430"
3,"2014-01-23",7857,"train","6493","6973","6731","0.504","0.496","1126","1126","14.33","10193","3269"
3,"2014-01-24",6981,"train","6763","7244","7002","0.504","0.496","-21","21","0.30","10464","3540"
3,"2014-01-25",3416,"train","3990","4471","4229","0.504","0.496","-813","813","23.80","7691","767"
3,"2014-01-27",4602,"train","7898","8379","8137","0.504","0.496","-3535","3535","76.81","11599","4675"
3,"2014-01-28",4816,"train","7140","7621","7379","0.504","0.496","-2563","2563","53.22","10841","3917"
3,"2014-01-29",4887,"train","6653","7134","6892","0.504","0.496","-2005","2005","41.03","10354","3430"
3,"2014-01-30",5219,"train","6493","6973","6731","0.504","0.496","-1512","1512","28.97","10193","3269"
3,"2014-01-31",8097,"train","6763","7244","7002","0.504","0.496","1095","1095","13.52","10464","3540"
3,"2014-02-01",4968,"train","4135","4471","4302","0.504","0.496","666","666","13.41","7764","840"
3,"2014-02-03",11861,"train","8043","8379","8210","0.504","0.496","3651","3651","30.78","11672","4748"
3,"2014-02-04",10084,"train","7285","7621","7452","0.504","0.496","2632","2632","26.10","10914","3990"
3,"2014-02-05",8124,"train","6798","7134","6965","0.504","0.496","1159","1159","14.27","10427","3503"
3,"2014-02-06",7920,"train","6638","6973","6804","0.504","0.496","1116","1116","14.09","10266","3342"
3,"2014-02-07",7198,"train","6908","7244","7075","0.504","0.496","123","123","1.71","10537","3613"
3,"2014-02-08",4369,"train","4135","4471","4302","0.504","0.496","67","67","1.53","7764","840"
3,"2014-02-10",5396,"train","8043","8379","8210","0.504","0.496","-2814","2814","52.15","11672","4748"
3,"2014-02-11",4877,"train","7285","7621","7452","0.504","0.496","-2575","2575","52.80","10914","3990"
3,"2014-02-12",5675,"train","6798","7134","6965","0.504","0.496","-1290","1290","22.73","10427","3503"
3,"2014-02-13",5132,"train","6639","6973","6805","0.504","0.496","-1673","1673","32.60","10267","3343"
3,"2014-02-14",6213,"train","6909","7244","7075","0.504","0.496","-862","862","13.87","10537","3613"
3,"2014-02-15",3793,"train","4136","4471","4302","0.504","0.496","-509","509","13.42","7764","840"
3,"2014-02-17",10020,"train","8044","8379","8210","0.504","0.496","1810","1810","18.06","11672","4748"
3,"2014-02-18",8382,"train","7286","7621","7452","0.504","0.496","930","930","11.10","10914","3990"
3,"2014-02-19",8156,"train","6799","7134","6965","0.504","0.496","1191","1191","14.60","10427","3503"
3,"2014-02-20",6798,"train","6639","6973","6805","0.504","0.496","-7","7","0.10","10267","3343"
3,"2014-02-21",7511,"train","6909","7244","7075","0.504","0.496","436","436","5.80","10537","3613"
3,"2014-02-22",4082,"train","4136","4471","4302","0.504","0.496","-220","220","5.39","7764","840"
3,"2014-02-24",5141,"train","8044","8379","8210","0.504","0.496","-3069","3069","59.70","11672","4748"
3,"2014-02-25",4858,"train","7286","7621","7452","0.504","0.496","-2594","2594","53.40","10914","3990"
3,"2014-02-26",4580,"train","6800","7134","6966","0.504","0.496","-2386","2386","52.10","10428","3504"
3,"2014-02-27",5324,"train","6640","6973","6805","0.504","0.496","-1481","1481","27.82","10267","3343"
3,"2014-02-28",6792,"train","6910","7244","7076","0.504","0.496","-284","284","4.18","10538","3614"
3,"2014-03-01",4718,"train","4652","4471","4562","0.504","0.496","156","156","3.31","8024","1100"
3,"2014-03-03",11091,"train","8560","8379","8470","0.504","0.496","2621","2621","23.63","11932","5008"
3,"2014-03-04",9520,"train","7802","7621","7712","0.504","0.496","1808","1808","18.99","11174","4250"
3,"2014-03-05",8867,"train","7315","7134","7225","0.504","0.496","1642","1642","18.52","10687","3763"
3,"2014-03-06",8140,"train","7155","6973","7065","0.504","0.496","1075","1075","13.21","10527","3603"
3,"2014-03-07",8321,"train","7425","7244","7335","0.504","0.496","986","986","11.85","10797","3873"
3,"2014-03-08",3407,"train","4652","4471","4562","0.504","0.496","-1155","1155","33.90","8024","1100"
3,"2014-03-10",4928,"train","8561","8379","8471","0.504","0.496","-3543","3543","71.90","11933","5009"
3,"2014-03-11",5412,"train","7803","7621","7713","0.504","0.496","-2301","2301","42.52","11175","4251"
3,"2014-03-12",4951,"train","7316","7134","7226","0.504","0.496","-2275","2275","45.95","10688","3764"
3,"2014-03-13",4918,"train","7156","6973","7065","0.504","0.496","-2147","2147","43.66","10527","3603"
3,"2014-03-14",6245,"train","7426","7244","7336","0.504","0.496","-1091","1091","17.47","10798","3874"
3,"2014-03-15",4255,"train","4653","4471","4563","0.504","0.496","-308","308","7.24","8025","1101"
3,"2014-03-17",9154,"train","8561","8379","8471","0.504","0.496","683","683","7.46","11933","5009"
3,"2014-03-18",9011,"train","7803","7621","7713","0.504","0.496","1298","1298","14.40","11175","4251"
3,"2014-03-19",8417,"train","7316","7134","7226","0.504","0.496","1191","1191","14.15","10688","3764"
3,"2014-03-20",7390,"train","7156","6973","7065","0.504","0.496","325","325","4.40","10527","3603"
3,"2014-03-21",6765,"train","7426","7244","7336","0.504","0.496","-571","571","8.44","10798","3874"
3,"2014-03-22",4389,"train","4654","4471","4563","0.504","0.496","-174","174","3.96","8025","1101"
3,"2014-03-24",5248,"train","8562","8379","8471","0.504","0.496","-3223","3223","61.41","11933","5009"
3,"2014-03-25",5207,"train","7804","7621","7713","0.504","0.496","-2506","2506","48.13","11175","4251"
3,"2014-03-26",5158,"train","7317","7134","7226","0.504","0.496","-2068","2068","40.09","10688","3764"
3,"2014-03-27",4969,"train","7157","6973","7066","0.504","0.496","-2097","2097","42.20","10528","3604"
3,"2014-03-28",6194,"train","7427","7244","7336","0.504","0.496","-1142","1142","18.44","10798","3874"
3,"2014-03-29",4200,"train","4654","4471","4563","0.504","0.496","-363","363","8.64","8025","1101"
3,"2014-03-31",13588,"train","8562","8379","8471","0.504","0.496","5117","5117","37.66","11933","5009"
3,"2014-04-01",6800,"train","7510","7621","7565","0.504","0.496","-765","765","11.25","11027","4103"
3,"2014-04-02",7481,"train","7023","7134","7078","0.504","0.496","403","403","5.39","10540","3616"
3,"2014-04-03",7477,"train","6863","6973","6918","0.504","0.496","559","559","7.48","10380","3456"
3,"2014-04-04",7562,"train","7134","7244","7189","0.504","0.496","373","373","4.93","10651","3727"
3,"2014-04-05",3904,"train","4361","4471","4416","0.504","0.496","-512","512","13.11","7878","954"
3,"2014-04-07",5121,"train","8269","8379","8324","0.504","0.496","-3203","3203","62.55","11786","4862"
3,"2014-04-08",5218,"train","7511","7621","7566","0.504","0.496","-2348","2348","45.00","11028","4104"
3,"2014-04-09",5389,"train","7024","7134","7079","0.504","0.496","-1690","1690","31.36","10541","3617"
3,"2014-04-10",5683,"train","6864","6973","6918","0.504","0.496","-1235","1235","21.73","10380","3456"
3,"2014-04-11",6169,"train","7134","7244","7189","0.504","0.496","-1020","1020","16.53","10651","3727"
3,"2014-04-12",3795,"train","4361","4471","4416","0.504","0.496","-621","621","16.36","7878","954"
3,"2014-04-14",10103,"train","8269","8379","8324","0.504","0.496","1779","1779","17.61","11786","4862"
3,"2014-04-15",10021,"train","7511","7621","7566","0.504","0.496","2455","2455","24.50","11028","4104"
3,"2014-04-16",9311,"train","7025","7134","7079","0.504","0.496","2232","2232","23.97","10541","3617"
3,"2014-04-17",8309,"train","6865","6973","6919","0.504","0.496","1390","1390","16.73","10381","3457"
3,"2014-04-19",5794,"train","4362","4471","4416","0.504","0.496","1378","1378","23.78","7878","954"
3,"2014-04-22",6172,"train","7512","7621","7566","0.504","0.496","-1394","1394","22.59","11028","4104"
3,"2014-04-23",5561,"train","7025","7134","7079","0.504","0.496","-1518","1518","27.30","10541","3617"
3,"2014-04-24",5389,"train","6865","6973","6919","0.504","0.496","-1530","1530","28.39","10381","3457"
3,"2014-04-25",5241,"train","7135","7244","7189","0.504","0.496","-1948","1948","37.17","10651","3727"
3,"2014-04-26",3906,"train","4362","4471","4416","0.504","0.496","-510","510","13.06","7878","954"
3,"2014-04-28",9500,"train","8270","8379","8324","0.504","0.496","1176","1176","12.38","11786","4862"
3,"2014-04-29",8455,"train","7512","7621","7566","0.504","0.496","889","889","10.51","11028","4104"
3,"2014-04-30",10482,"train","7025","7134","7079","0.504","0.496","3403","3403","32.47","10541","3617"
3,"2014-05-02",10994,"train","7251","7244","7248","0.504","0.496","3746","3746","34.07","10710","3786"
3,"2014-05-03",4950,"train","4478","4471","4475","0.504","0.496","475","475","9.60","7937","1013"
3,"2014-05-05",9327,"train","8386","8379","8383","0.504","0.496","944","944","10.12","11845","4921"
3,"2014-05-06",8925,"train","7628","7621","7625","0.504","0.496","1300","1300","14.57","11087","4163"
3,"2014-05-07",8435,"train","7141","7134","7138","0.504","0.496","1297","1297","15.38","10600","3676"
3,"2014-05-08",7396,"train","6981","6973","6977","0.504","0.496","419","419","5.67","10439","3515"
3,"2014-05-09",7499,"train","7251","7244","7248","0.504","0.496","251","251","3.35","10710","3786"
3,"2014-05-10",5868,"train","4478","4471","4475","0.504","0.496","1393","1393","23.74","7937","1013"
3,"2014-05-12",4367,"train","8386","8379","8383","0.504","0.496","-4016","4016","91.96","11845","4921"
3,"2014-05-13",6174,"train","7628","7621","7625","0.504","0.496","-1451","1451","23.50","11087","4163"
3,"2014-05-14",5142,"train","7142","7134","7138","0.504","0.496","-1996","1996","38.82","10600","3676"
3,"2014-05-15",5190,"train","6982","6973","6978","0.504","0.496","-1788","1788","34.45","10440","3516"
3,"2014-05-16",5744,"train","7252","7244","7248","0.504","0.496","-1504","1504","26.18","10710","3786"
3,"2014-05-17",3485,"train","4479","4471","4475","0.504","0.496","-990","990","28.41","7937","1013"
3,"2014-05-19",9011,"train","8387","8379","8383","0.504","0.496","628","628","6.97","11845","4921"
3,"2014-05-20",7828,"train","7629","7621","7625","0.504","0.496","203","203","2.59","11087","4163"
3,"2014-05-21",7139,"train","7142","7134","7138","0.504","0.496","1","1","0.01","10600","3676"
3,"2014-05-22",6899,"train","6982","6973","6978","0.504","0.496","-79","79","1.15","10440","3516"
3,"2014-05-23",6619,"train","7252","7244","7248","0.504","0.496","-629","629","9.50","10710","3786"
3,"2014-05-24",4236,"train","4479","4471","4475","0.504","0.496","-239","239","5.64","7937","1013"
3,"2014-05-26",5458,"train","8387","8379","8383","0.504","0.496","-2925","2925","53.59","11845","4921"
3,"2014-05-27",4651,"train","7630","7621","7626","0.504","0.496","-2975","2975","63.96","11088","4164"
3,"2014-05-28",4925,"train","7143","7134","7139","0.504","0.496","-2214","2214","44.95","10601","3677"
3,"2014-05-30",8510,"train","7253","7244","7249","0.504","0.496","1261","1261","14.82","10711","3787"
3,"2014-05-31",4725,"train","4480","4471","4476","0.504","0.496","249","249","5.27","7938","1014"
3,"2014-06-02",10912,"train","8551","8379","8466","0.504","0.496","2446","2446","22.42","11928","5004"
3,"2014-06-03",9614,"train","7793","7621","7708","0.504","0.496","1906","1906","19.83","11170","4246"
3,"2014-06-04",7768,"train","7306","7134","7221","0.504","0.496","547","547","7.04","10683","3759"
3,"2014-06-05",8018,"train","7146","6973","7060","0.504","0.496","958","958","11.95","10522","3598"
3,"2014-06-06",8015,"train","7416","7244","7331","0.504","0.496","684","684","8.53","10793","3869"
3,"2014-06-07",4903,"train","4643","4471","4558","0.504","0.496","345","345","7.04","8020","1096"
3,"2014-06-10",5831,"train","7794","7621","7708","0.504","0.496","-1877","1877","32.19","11170","4246"
3,"2014-06-11",5947,"train","7307","7134","7221","0.504","0.496","-1274","1274","21.42","10683","3759"
3,"2014-06-12",6889,"train","7147","6973","7061","0.504","0.496","-172","172","2.50","10523","3599"
3,"2014-06-13",6343,"train","7417","7244","7331","0.504","0.496","-988","988","15.58","10793","3869"
3,"2014-06-14",4517,"train","4644","4471","4558","0.504","0.496","-41","41","0.91","8020","1096"
3,"2014-06-16",10299,"train","8552","8379","8466","0.504","0.496","1833","1833","17.80","11928","5004"
3,"2014-06-17",10249,"train","7794","7621","7708","0.504","0.496","2541","2541","24.79","11170","4246"
3,"2014-06-18",9218,"train","7307","7134","7221","0.504","0.496","1997","1997","21.66","10683","3759"
3,"2014-06-20",9752,"train","7417","7244","7331","0.504","0.496","2421","2421","24.83","10793","3869"
3,"2014-06-21",4208,"train","4644","4471","4558","0.504","0.496","-350","350","8.32","8020","1096"
3,"2014-06-23",5182,"train","8552","8379","8466","0.504","0.496","-3284","3284","63.37","11928","5004"
3,"2014-06-24",5599,"train","7795","7621","7709","0.504","0.496","-2110","2110","37.69","11171","4247"
3,"2014-06-25",5618,"train","7308","7134","7222","0.504","0.496","-1604","1604","28.55","10684","3760"
3,"2014-06-26",5766,"train","7148","6973","7061","0.504","0.496","-1295","1295","22.46","10523","3599"
3,"2014-06-27",5162,"train","7418","7244","7332","0.504","0.496","-2170","2170","42.04","10794","3870"
3,"2014-06-28",5802,"train","4645","4471","4559","0.504","0.496","1243","1243","21.42","8021","1097"
3,"2014-06-30",15689,"train","8553","8379","8467","0.504","0.496","7222","7222","46.03","11929","5005"
3,"2014-07-01",8373,"train","7849","7621","7736","0.504","0.496","637","637","7.61","11198","4274"
3,"2014-07-02",8646,"train","7362","7134","7249","0.504","0.496","1397","1397","16.16","10711","3787"
3,"2014-07-03",8883,"train","7202","6973","7088","0.504","0.496","1795","1795","20.21","10550","3626"
3,"2014-07-04",7585,"train","7472","7244","7359","0.504","0.496","226","226","2.98","10821","3897"
3,"2014-07-05",4763,"train","4699","4471","4586","0.504","0.496","177","177","3.72","8048","1124"
3,"2014-07-07",6884,"train","8608","8379","8494","0.504","0.496","-1610","1610","23.39","11956","5032"
3,"2014-07-08",5039,"train","7850","7621","7736","0.504","0.496","-2697","2697","53.52","11198","4274"
3,"2014-07-09",5006,"train","7363","7134","7249","0.504","0.496","-2243","2243","44.81","10711","3787"
3,"2014-07-10",6701,"train","7203","6973","7089","0.504","0.496","-388","388","5.79","10551","3627"
3,"2014-07-11",6441,"train","7473","7244","7359","0.504","0.496","-918","918","14.25","10821","3897"
3,"2014-07-12",4098,"train","4700","4471","4586","0.504","0.496","-488","488","11.91","8048","1124"
3,"2014-07-14",8761,"train","8608","8379","8494","0.504","0.496","267","267","3.05","11956","5032"
3,"2014-07-15",9153,"train","7850","7621","7736","0.504","0.496","1417","1417","15.48","11198","4274"
3,"2014-07-16",8036,"train","7363","7134","7249","0.504","0.496","787","787","9.79","10711","3787"
3,"2014-07-17",7874,"train","7203","6973","7089","0.504","0.496","785","785","9.97","10551","3627"
3,"2014-07-18",6751,"train","7474","7244","7360","0.504","0.496","-609","609","9.02","10822","3898"
3,"2014-07-19",3251,"train","4701","4471","4587","0.504","0.496","-1336","1336","41.10","8049","1125"
3,"2014-07-21",5884,"train","8609","8379","8495","0.504","0.496","-2611","2611","44.37","11957","5033"
3,"2014-07-22",6267,"train","7851","7621","7737","0.504","0.496","-1470","1470","23.46","11199","4275"
3,"2014-07-23",5553,"train","7364","7134","7250","0.504","0.496","-1697","1697","30.56","10712","3788"
3,"2014-07-24",5139,"train","7204","6973","7089","0.504","0.496","-1950","1950","37.95","10551","3627"
3,"2014-07-25",4346,"train","7474","7244","7360","0.504","0.496","-3014","3014","69.35","10822","3898"
3,"2014-07-26",4132,"train","4701","4471","4587","0.504","0.496","-455","455","11.01","8049","1125"
3,"2014-07-28",8778,"train","8609","8379","8495","0.504","0.496","283","283","3.22","11957","5033"
3,"2014-07-29",7497,"train","7851","7621","7737","0.504","0.496","-240","240","3.20","11199","4275"
3,"2014-07-30",8399,"train","7364","7134","7250","0.504","0.496","1149","1149","13.68","10712","3788"
3,"2014-07-31",8891,"train","7205","6973","7090","0.504","0.496","1801","1801","20.26","10552","3628"
3,"2014-08-01",7893,"train","6729","7244","6984","0.504","0.496","909","909","11.52","10446","3522"
3,"2014-08-02",4157,"train","3956","4471","4211","0.504","0.496","-54","54","1.30","7673","749"
3,"2014-08-04",9055,"train","7864","8379","8119","0.504","0.496","936","936","10.34","11581","4657"
3,"2014-08-05",8714,"train","7106","7621","7361","0.504","0.496","1353","1353","15.53","10823","3899"
3,"2014-08-06",7499,"train","6619","7134","6874","0.504","0.496","625","625","8.33","10336","3412"
3,"2014-08-07",8010,"train","6459","6973","6714","0.504","0.496","1296","1296","16.18","10176","3252"
3,"2014-08-08",6763,"train","6729","7244","6984","0.504","0.496","-221","221","3.27","10446","3522"
3,"2014-08-09",3131,"train","3956","4471","4211","0.504","0.496","-1080","1080","34.49","7673","749"
3,"2014-08-11",6114,"train","7864","8379","8119","0.504","0.496","-2005","2005","32.79","11581","4657"
3,"2014-08-12",5431,"train","7107","7621","7362","0.504","0.496","-1931","1931","35.56","10824","3900"
3,"2014-08-13",6051,"train","6620","7134","6875","0.504","0.496","-824","824","13.62","10337","3413"
3,"2014-08-14",5668,"train","6460","6973","6714","0.504","0.496","-1046","1046","18.45","10176","3252"
3,"2014-08-15",5156,"train","6730","7244","6985","0.504","0.496","-1829","1829","35.47","10447","3523"
3,"2014-08-16",3216,"train","3957","4471","4212","0.504","0.496","-996","996","30.97","7674","750"
3,"2014-08-18",9258,"train","7865","8379","8120","0.504","0.496","1138","1138","12.29","11582","4658"
3,"2014-08-19",8854,"train","7107","7621","7362","0.504","0.496","1492","1492","16.85","10824","3900"
3,"2014-08-20",7661,"train","6620","7134","6875","0.504","0.496","786","786","10.26","10337","3413"
3,"2014-08-21",6933,"train","6460","6973","6714","0.504","0.496","219","219","3.16","10176","3252"
3,"2014-08-22",6610,"train","6730","7244","6985","0.504","0.496","-375","375","5.67","10447","3523"
3,"2014-08-23",3698,"train","3957","4471","4212","0.504","0.496","-514","514","13.90","7674","750"
3,"2014-08-25",5393,"train","7866","8379","8120","0.504","0.496","-2727","2727","50.57","11582","4658"
3,"2014-08-26",5666,"train","7108","7621","7362","0.504","0.496","-1696","1696","29.93","10824","3900"
3,"2014-08-27",5055,"train","6621","7134","6875","0.504","0.496","-1820","1820","36.00","10337","3413"
3,"2014-08-28",5452,"train","6461","6973","6715","0.504","0.496","-1263","1263","23.17","10177","3253"
3,"2014-08-29",6889,"train","6731","7244","6985","0.504","0.496","-96","96","1.39","10447","3523"
3,"2014-08-30",4322,"train","3958","4471","4212","0.504","0.496","110","110","2.55","7674","750"
3,"2014-09-01",10679,"train","8036","8379","8206","0.504","0.496","2473","2473","23.16","11668","4744"
3,"2014-09-02",8989,"train","7278","7621","7448","0.504","0.496","1541","1541","17.14","10910","3986"
3,"2014-09-03",8659,"train","6791","7134","6961","0.504","0.496","1698","1698","19.61","10423","3499"
3,"2014-09-04",7659,"train","6631","6973","6801","0.504","0.496","858","858","11.20","10263","3339"
3,"2014-09-05",6564,"train","6901","7244","7071","0.504","0.496","-507","507","7.72","10533","3609"
3,"2014-09-06",3562,"train","4129","4471","4299","0.504","0.496","-737","737","20.69","7761","837"
3,"2014-09-08",6061,"train","8037","8379","8207","0.504","0.496","-2146","2146","35.41","11669","4745"
3,"2014-09-09",5978,"train","7279","7621","7449","0.504","0.496","-1471","1471","24.61","10911","3987"
3,"2014-09-10",5164,"train","6792","7134","6962","0.504","0.496","-1798","1798","34.82","10424","3500"
3,"2014-09-11",5389,"train","6632","6973","6801","0.504","0.496","-1412","1412","26.20","10263","3339"
3,"2014-09-12",5665,"train","6902","7244","7072","0.504","0.496","-1407","1407","24.84","10534","3610"
3,"2014-09-13",3737,"train","4129","4471","4299","0.504","0.496","-562","562","15.04","7761","837"
3,"2014-09-15",10098,"train","8037","8379","8207","0.504","0.496","1891","1891","18.73","11669","4745"
3,"2014-09-16",8607,"train","7279","7621","7449","0.504","0.496","1158","1158","13.45","10911","3987"
3,"2014-09-17",8034,"train","6792","7134","6962","0.504","0.496","1072","1072","13.34","10424","3500"
3,"2014-09-18",7563,"train","6633","6973","6802","0.504","0.496","761","761","10.06","10264","3340"
3,"2014-09-19",7729,"train","6903","7244","7072","0.504","0.496","657","657","8.50","10534","3610"
3,"2014-09-20",3574,"train","4130","4471","4299","0.504","0.496","-725","725","20.29","7761","837"
3,"2014-09-22",4658,"train","8038","8379","8207","0.504","0.496","-3549","3549","76.19","11669","4745"
3,"2014-09-23",5026,"train","7280","7621","7449","0.504","0.496","-2423","2423","48.21","10911","3987"
3,"2014-09-24",4620,"train","6793","7134","6962","0.504","0.496","-2342","2342","50.69","10424","3500"
3,"2014-09-25",4575,"train","6633","6973","6802","0.504","0.496","-2227","2227","48.68","10264","3340"
3,"2014-09-26",4853,"train","6903","7244","7072","0.504","0.496","-2219","2219","45.72","10534","3610"
3,"2014-09-27",3846,"train","4130","4471","4299","0.504","0.496","-453","453","11.78","7761","837"
3,"2014-09-29",10066,"train","8038","8379","8207","0.504","0.496","1859","1859","18.47","11669","4745"
3,"2014-09-30",12260,"train","7280","7621","7449","0.504","0.496","4811","4811","39.24","10911","3987"
3,"2014-10-01",8331,"train","6544","7134","6837","0.504","0.496","1494","1494","17.93","10299","3375"
3,"2014-10-02",8565,"train","6384","6973","6676","0.504","0.496","1889","1889","22.05","10138","3214"
3,"2014-10-04",5420,"train","3881","4471","4174","0.504","0.496","1246","1246","22.99","7636","712"
3,"2014-10-06",10598,"train","7789","8379","8082","0.504","0.496","2516","2516","23.74","11544","4620"
3,"2014-10-07",7699,"train","7031","7621","7324","0.504","0.496","375","375","4.87","10786","3862"
3,"2014-10-08",8472,"train","6544","7134","6837","0.504","0.496","1635","1635","19.30","10299","3375"
3,"2014-10-09",7206,"train","6384","6973","6676","0.504","0.496","530","530","7.35","10138","3214"
3,"2014-10-10",7448,"train","6654","7244","6947","0.504","0.496","501","501","6.73","10409","3485"
3,"2014-10-11",3697,"train","3881","4471","4174","0.504","0.496","-477","477","12.90","7636","712"
3,"2014-10-13",5035,"train","7789","8379","8082","0.504","0.496","-3047","3047","60.52","11544","4620"
3,"2014-10-14",5114,"train","7032","7621","7324","0.504","0.496","-2210","2210","43.21","10786","3862"
3,"2014-10-15",5008,"train","6545","7134","6837","0.504","0.496","-1829","1829","36.52","10299","3375"
3,"2014-10-16",5271,"train","6385","6973","6677","0.504","0.496","-1406","1406","26.67","10139","3215"
3,"2014-10-17",5485,"train","6655","7244","6947","0.504","0.496","-1462","1462","26.65","10409","3485"
3,"2014-10-18",3367,"train","3882","4471","4174","0.504","0.496","-807","807","23.97","7636","712"
3,"2014-10-20",8266,"train","7790","8379","8082","0.504","0.496","184","184","2.23","11544","4620"
3,"2014-10-21",6855,"train","7032","7621","7324","0.504","0.496","-469","469","6.84","10786","3862"
3,"2014-10-22",7380,"train","6545","7134","6837","0.504","0.496","543","543","7.36","10299","3375"
3,"2014-10-23",7177,"train","6385","6973","6677","0.504","0.496","500","500","6.97","10139","3215"
3,"2014-10-24",6251,"train","6655","7244","6947","0.504","0.496","-696","696","11.13","10409","3485"
3,"2014-10-25",3266,"train","3882","4471","4174","0.504","0.496","-908","908","27.80","7636","712"
3,"2014-10-27",4848,"train","7791","8379","8083","0.504","0.496","-3235","3235","66.73","11545","4621"
3,"2014-10-28",4745,"train","7033","7621","7325","0.504","0.496","-2580","2580","54.37","10787","3863"
3,"2014-10-29",4716,"train","6546","7134","6838","0.504","0.496","-2122","2122","45.00","10300","3376"
3,"2014-10-30",5357,"train","6386","6973","6677","0.504","0.496","-1320","1320","24.64","10139","3215"
3,"2014-10-31",6788,"train","6656","7244","6948","0.504","0.496","-160","160","2.36","10410","3486"
3,"2014-11-03",10855,"train","8529","8379","8455","0.504","0.496","2400","2400","22.11","11917","4993"
3,"2014-11-04",9863,"train","7771","7621","7697","0.504","0.496","2166","2166","21.96","11159","4235"
3,"2014-11-05",9172,"train","7284","7134","7210","0.504","0.496","1962","1962","21.39","10672","3748"
3,"2014-11-06",8072,"train","7124","6973","7049","0.504","0.496","1023","1023","12.67","10511","3587"
3,"2014-11-07",8091,"train","7394","7244","7320","0.504","0.496","771","771","9.53","10782","3858"
3,"2014-11-08",4055,"train","4621","4471","4547","0.504","0.496","-492","492","12.13","8009","1085"
3,"2014-11-10",8533,"train","8530","8379","8455","0.504","0.496","78","78","0.91","11917","4993"
3,"2014-11-11",8708,"train","7772","7621","7697","0.504","0.496","1011","1011","11.61","11159","4235"
3,"2014-11-12",7839,"train","7285","7134","7210","0.504","0.496","629","629","8.02","10672","3748"
3,"2014-11-13",7560,"train","7125","6973","7050","0.504","0.496","510","510","6.75","10512","3588"
3,"2014-11-14",7836,"train","7395","7244","7320","0.504","0.496","516","516","6.58","10782","3858"
3,"2014-11-15",4397,"train","4622","4471","4547","0.504","0.496","-150","150","3.41","8009","1085"
3,"2014-11-17",5935,"train","8530","8379","8455","0.504","0.496","-2520","2520","42.46","11917","4993"
3,"2014-11-18",5195,"train","7772","7621","7697","0.504","0.496","-2502","2502","48.16","11159","4235"
3,"2014-11-19",5490,"train","7285","7134","7210","0.504","0.496","-1720","1720","31.33","10672","3748"
3,"2014-11-20",6019,"train","7125","6973","7050","0.504","0.496","-1031","1031","17.13","10512","3588"
3,"2014-11-21",5865,"train","7396","7244","7321","0.504","0.496","-1456","1456","24.83","10783","3859"
3,"2014-11-22",3989,"train","4623","4471","4548","0.504","0.496","-559","559","14.01","8010","1086"
3,"2014-11-24",8886,"train","8531","8379","8456","0.504","0.496","430","430","4.84","11918","4994"
3,"2014-11-25",8577,"train","7773","7621","7698","0.504","0.496","879","879","10.25","11160","4236"
3,"2014-11-26",8397,"train","7286","7134","7211","0.504","0.496","1186","1186","14.12","10673","3749"
3,"2014-11-27",8508,"train","7126","6973","7050","0.504","0.496","1458","1458","17.14","10512","3588"
3,"2014-11-28",9700,"train","7396","7244","7321","0.504","0.496","2379","2379","24.53","10783","3859"
3,"2014-11-29",6702,"train","4623","4471","4548","0.504","0.496","2154","2154","32.14","8010","1086"
3,"2014-12-01",10369,"train","10122","8379","9257","0.504","0.496","1112","1112","10.72","12719","5795"
3,"2014-12-02",9044,"train","9364","7621","8499","0.504","0.496","545","545","6.03","11961","5037"
3,"2014-12-03",9694,"train","8877","7134","8012","0.504","0.496","1682","1682","17.35","11474","4550"
3,"2014-12-04",8766,"train","8718","6973","7852","0.504","0.496","914","914","10.43","11314","4390"
3,"2014-12-05",10190,"train","8988","7244","8123","0.504","0.496","2067","2067","20.28","11585","4661"
3,"2014-12-06",7669,"train","6215","4471","5350","0.504","0.496","2319","2319","30.24","8812","1888"
3,"2014-12-08",5792,"train","10123","8379","9258","0.504","0.496","-3466","3466","59.84","12720","5796"
3,"2014-12-09",6446,"train","9365","7621","8500","0.504","0.496","-2054","2054","31.86","11962","5038"
3,"2014-12-10",5256,"train","8878","7134","8013","0.504","0.496","-2757","2757","52.45","11475","4551"
3,"2014-12-11",6363,"train","8718","6973","7852","0.504","0.496","-1489","1489","23.40","11314","4390"
3,"2014-12-12",5481,"train","8988","7244","8123","0.504","0.496","-2642","2642","48.20","11585","4661"
3,"2014-12-13",6621,"train","6215","4471","5350","0.504","0.496","1271","1271","19.20","8812","1888"
3,"2014-12-15",13472,"train","10123","8379","9258","0.504","0.496","4214","4214","31.28","12720","5796"
3,"2014-12-16",13072,"train","9366","7621","8500","0.504","0.496","4572","4572","34.98","11962","5038"
3,"2014-12-17",10510,"train","8879","7134","8013","0.504","0.496","2497","2497","23.76","11475","4551"
3,"2014-12-18",11617,"train","8719","6973","7853","0.504","0.496","3764","3764","32.40","11315","4391"
3,"2014-12-19",9598,"train","8989","7244","8123","0.504","0.496","1475","1475","15.37","11585","4661"
3,"2014-12-20",8094,"train","6216","4471","5350","0.504","0.496","2744","2744","33.90","8812","1888"
3,"2014-12-22",11282,"train","10124","8379","9258","0.504","0.496","2024","2024","17.94","12720","5796"
3,"2014-12-23",12121,"train","9366","7621","8500","0.504","0.496","3621","3621","29.87","11962","5038"
3,"2014-12-24",4310,"train","8879","7134","8013","0.504","0.496","-3703","3703","85.92","11475","4551"
3,"2014-12-27",4825,"train","6216","4471","5350","0.504","0.496","-525","525","10.88","8812","1888"
3,"2014-12-29",8788,"train","10124","8379","9258","0.504","0.496","-470","470","5.35","12720","5796"
3,"2014-12-30",8376,"train","9366","7621","8500","0.504","0.496","-124","124","1.48","11962","5038"
3,"2014-12-31",3804,"train","8880","7134","8014","0.504","0.496","-4210","4210","110.67","11476","4552"
3,"2015-01-02",5523,"test","6790","7244","7015","0.504","0.496","-1492","1492","27.01","10477","3553"
3,"2015-01-03",4299,"test","4017","4471","4242","0.504","0.496","57","57","1.33","7704","780"
3,"2015-01-05",10684,"test","7925","8379","8150","0.504","0.496","2534","2534","23.72","11612","4688"
3,"2015-01-06",8739,"test","7167","7621","7392","0.504","0.496","1347","1347","15.41","10854","3930"
3,"2015-01-07",7253,"test","6680","7134","6905","0.504","0.496","348","348","4.80","10367","3443"
3,"2015-01-08",6300,"test","6520","6973","6745","0.504","0.496","-445","445","7.06","10207","3283"
3,"2015-01-09",7719,"test","6790","7244","7015","0.504","0.496","704","704","9.12","10477","3553"
3,"2015-01-10",3373,"test","4017","4471","4242","0.504","0.496","-869","869","25.76","7704","780"
3,"2015-01-12",8209,"test","7925","8379","8150","0.504","0.496","59","59","0.72","11612","4688"
3,"2015-01-13",7464,"test","7167","7621","7392","0.504","0.496","72","72","0.96","10854","3930"
3,"2015-01-14",7417,"test","6681","7134","6906","0.504","0.496","511","511","6.89","10368","3444"
3,"2015-01-15",6578,"test","6521","6973","6745","0.504","0.496","-167","167","2.54","10207","3283"
3,"2015-01-16",8497,"test","6791","7244","7016","0.504","0.496","1481","1481","17.43","10478","3554"
3,"2015-01-17",4610,"test","4018","4471","4243","0.504","0.496","367","367","7.96","7705","781"
3,"2015-01-19",5420,"test","7926","8379","8151","0.504","0.496","-2731","2731","50.39","11613","4689"
3,"2015-01-20",4848,"test","7168","7621","7393","0.504","0.496","-2545","2545","52.50","10855","3931"
3,"2015-01-21",5024,"test","6681","7134","6906","0.504","0.496","-1882","1882","37.46","10368","3444"
3,"2015-01-22",4677,"test","6521","6973","6745","0.504","0.496","-2068","2068","44.22","10207","3283"
3,"2015-01-23",5701,"test","6791","7244","7016","0.504","0.496","-1315","1315","23.07","10478","3554"
3,"2015-01-24",3452,"test","4018","4471","4243","0.504","0.496","-791","791","22.91","7705","781"
3,"2015-01-26",8055,"test","7927","8379","8151","0.504","0.496","-96","96","1.19","11613","4689"
3,"2015-01-27",8292,"test","7169","7621","7393","0.504","0.496","899","899","10.84","10855","3931"
3,"2015-01-28",6883,"test","6682","7134","6906","0.504","0.496","-23","23","0.33","10368","3444"
3,"2015-01-29",7485,"test","6522","6973","6746","0.504","0.496","739","739","9.87","10208","3284"
3,"2015-01-30",6911,"test","6792","7244","7016","0.504","0.496","-105","105","1.52","10478","3554"
3,"2015-01-31",4382,"test","4019","4471","4243","0.504","0.496","139","139","3.17","7705","781"
3,"2015-02-02",9922,"test","8071","8379","8224","0.504","0.496","1698","1698","17.11","11686","4762"
3,"2015-02-03",8950,"test","7313","7621","7466","0.504","0.496","1484","1484","16.58","10928","4004"
3,"2015-02-04",8155,"test","6826","7134","6979","0.504","0.496","1176","1176","14.42","10441","3517"
3,"2015-02-05",7195,"test","6666","6973","6818","0.504","0.496","377","377","5.24","10280","3356"
3,"2015-02-06",7920,"test","6936","7244","7089","0.504","0.496","831","831","10.49","10551","3627"
3,"2015-02-07",4781,"test","4164","4471","4316","0.504","0.496","465","465","9.73","7778","854"
3,"2015-02-09",5027,"test","8072","8379","8224","0.504","0.496","-3197","3197","63.60","11686","4762"
3,"2015-02-10",5333,"test","7314","7621","7466","0.504","0.496","-2133","2133","40.00","10928","4004"
3,"2015-02-11",6116,"test","6827","7134","6979","0.504","0.496","-863","863","14.11","10441","3517"
3,"2015-02-12",5179,"test","6667","6973","6819","0.504","0.496","-1640","1640","31.67","10281","3357"
3,"2015-02-13",6018,"test","6937","7244","7089","0.504","0.496","-1071","1071","17.80","10551","3627"
3,"2015-02-14",4221,"test","4164","4471","4316","0.504","0.496","-95","95","2.25","7778","854"
3,"2015-02-16",9914,"test","8072","8379","8224","0.504","0.496","1690","1690","17.05","11686","4762"
3,"2015-02-17",7895,"test","7314","7621","7466","0.504","0.496","429","429","5.43","10928","4004"
3,"2015-02-18",7862,"test","6827","7134","6979","0.504","0.496","883","883","11.23","10441","3517"
3,"2015-02-19",7248,"test","6668","6973","6819","0.504","0.496","429","429","5.92","10281","3357"
3,"2015-02-20",7204,"test","6938","7244","7090","0.504","0.496","114","114","1.58","10552","3628"
3,"2015-02-21",3419,"test","4165","4471","4317","0.504","0.496","-898","898","26.26","7779","855"
3,"2015-02-23",5354,"test","8073","8379","8225","0.504","0.496","-2871","2871","53.62","11687","4763"
3,"2015-02-24",4982,"test","7315","7621","7467","0.504","0.496","-2485","2485","49.88","10929","4005"
3,"2015-02-25",4650,"test","6828","7134","6980","0.504","0.496","-2330","2330","50.11","10442","3518"
3,"2015-02-26",5978,"test","6668","6973","6819","0.504","0.496","-841","841","14.07","10281","3357"
3,"2015-02-27",5640,"test","6938","7244","7090","0.504","0.496","-1450","1450","25.71","10552","3628"
3,"2015-02-28",4574,"test","4165","4471","4317","0.504","0.496","257","257","5.62","7779","855"
3,"2015-03-02",10970,"test","8588","8379","8484","0.504","0.496","2486","2486","22.66","11946","5022"
3,"2015-03-03",8615,"test","7830","7621","7726","0.504","0.496","889","889","10.32","11188","4264"
3,"2015-03-04",7651,"test","7344","7134","7240","0.504","0.496","411","411","5.37","10702","3778"
3,"2015-03-05",7784,"test","7184","6973","7079","0.504","0.496","705","705","9.06","10541","3617"
3,"2015-03-06",8057,"test","7454","7244","7350","0.504","0.496","707","707","8.77","10812","3888"
3,"2015-03-07",4525,"test","4681","4471","4577","0.504","0.496","-52","52","1.15","8039","1115"
3,"2015-03-09",5430,"test","8589","8379","8485","0.504","0.496","-3055","3055","56.26","11947","5023"
3,"2015-03-10",5223,"test","7831","7621","7727","0.504","0.496","-2504","2504","47.94","11189","4265"
3,"2015-03-11",5302,"test","7344","7134","7240","0.504","0.496","-1938","1938","36.55","10702","3778"
3,"2015-03-12",5725,"test","7184","6973","7079","0.504","0.496","-1354","1354","23.65","10541","3617"
3,"2015-03-13",5831,"test","7454","7244","7350","0.504","0.496","-1519","1519","26.05","10812","3888"
3,"2015-03-14",4189,"test","4681","4471","4577","0.504","0.496","-388","388","9.26","8039","1115"
3,"2015-03-16",8998,"test","8589","8379","8485","0.504","0.496","513","513","5.70","11947","5023"
3,"2015-03-17",8154,"test","7832","7621","7727","0.504","0.496","427","427","5.24","11189","4265"
3,"2015-03-18",8626,"test","7345","7134","7240","0.504","0.496","1386","1386","16.07","10702","3778"
3,"2015-03-19",6947,"test","7185","6973","7080","0.504","0.496","-133","133","1.91","10542","3618"
3,"2015-03-20",6971,"test","7455","7244","7350","0.504","0.496","-379","379","5.44","10812","3888"
3,"2015-03-21",3494,"test","4682","4471","4577","0.504","0.496","-1083","1083","31.00","8039","1115"
3,"2015-03-23",5400,"test","8590","8379","8485","0.504","0.496","-3085","3085","57.13","11947","5023"
3,"2015-03-24",5256,"test","7832","7621","7727","0.504","0.496","-2471","2471","47.01","11189","4265"
3,"2015-03-25",5538,"test","7345","7134","7240","0.504","0.496","-1702","1702","30.73","10702","3778"
3,"2015-03-26",6105,"test","7185","6973","7080","0.504","0.496","-975","975","15.97","10542","3618"
3,"2015-03-27",5216,"test","7455","7244","7350","0.504","0.496","-2134","2134","40.91","10812","3888"
3,"2015-03-28",4247,"test","4683","4471","4578","0.504","0.496","-331","331","7.79","8040","1116"
3,"2015-03-30",11282,"test","8591","8379","8486","0.504","0.496","2796","2796","24.78","11948","5024"
3,"2015-03-31",11299,"test","7833","7621","7728","0.504","0.496","3571","3571","31.60","11190","4266"
3,"2015-04-01",8546,"test","7052","7134","7093","0.504","0.496","1453","1453","17.00","10555","3631"
3,"2015-04-02",8716,"test","6892","6973","6932","0.504","0.496","1784","1784","20.47","10394","3470"
3,"2015-04-04",7123,"test","4389","4471","4430","0.504","0.496","2693","2693","37.81","7892","968"
3,"2015-04-07",6830,"test","7539","7621","7580","0.504","0.496","-750","750","10.98","11042","4118"
3,"2015-04-08",6253,"test","7052","7134","7093","0.504","0.496","-840","840","13.43","10555","3631"
3,"2015-04-09",6185,"test","6892","6973","6932","0.504","0.496","-747","747","12.08","10394","3470"
3,"2015-04-10",6343,"test","7162","7244","7203","0.504","0.496","-860","860","13.56","10665","3741"
3,"2015-04-11",4008,"test","4389","4471","4430","0.504","0.496","-422","422","10.53","7892","968"
3,"2015-04-13",9563,"test","8298","8379","8338","0.504","0.496","1225","1225","12.81","11800","4876"
3,"2015-04-14",9274,"test","7540","7621","7580","0.504","0.496","1694","1694","18.27","11042","4118"
3,"2015-04-15",8651,"test","7053","7134","7093","0.504","0.496","1558","1558","18.01","10555","3631"
3,"2015-04-16",8336,"test","6893","6973","6933","0.504","0.496","1403","1403","16.83","10395","3471"
3,"2015-04-17",7735,"test","7163","7244","7203","0.504","0.496","532","532","6.88","10665","3741"
3,"2015-04-18",3772,"test","4390","4471","4430","0.504","0.496","-658","658","17.44","7892","968"
3,"2015-04-20",5238,"test","8298","8379","8338","0.504","0.496","-3100","3100","59.18","11800","4876"
3,"2015-04-21",5756,"test","7540","7621","7580","0.504","0.496","-1824","1824","31.69","11042","4118"
3,"2015-04-22",5875,"test","7053","7134","7093","0.504","0.496","-1218","1218","20.73","10555","3631"
3,"2015-04-23",5570,"test","6893","6973","6933","0.504","0.496","-1363","1363","24.47","10395","3471"
3,"2015-04-24",5376,"test","7164","7244","7204","0.504","0.496","-1828","1828","34.00","10666","3742"
3,"2015-04-25",4373,"test","4391","4471","4431","0.504","0.496","-58","58","1.33","7893","969"
3,"2015-04-27",9447,"test","8299","8379","8339","0.504","0.496","1108","1108","11.73","11801","4877"
3,"2015-04-28",8758,"test","7541","7621","7581","0.504","0.496","1177","1177","13.44","11043","4119"
3,"2015-04-29",9484,"test","7054","7134","7094","0.504","0.496","2390","2390","25.20","10556","3632"
3,"2015-04-30",9971,"test","6894","6973","6933","0.504","0.496","3038","3038","30.47","10395","3471"
3,"2015-05-02",6564,"test","4506","4471","4489","0.504","0.496","2075","2075","31.61","7951","1027"
3,"2015-05-04",9488,"test","8414","8379","8397","0.504","0.496","1091","1091","11.50","11859","4935"
3,"2015-05-05",8719,"test","7656","7621","7639","0.504","0.496","1080","1080","12.39","11101","4177"
3,"2015-05-06",9046,"test","7169","7134","7152","0.504","0.496","1894","1894","20.94","10614","3690"
3,"2015-05-07",7705,"test","7009","6973","6991","0.504","0.496","714","714","9.27","10453","3529"
3,"2015-05-08",9083,"test","7280","7244","7262","0.504","0.496","1821","1821","20.05","10724","3800"
3,"2015-05-09",6024,"test","4507","4471","4489","0.504","0.496","1535","1535","25.48","7951","1027"
3,"2015-05-11",5797,"test","8415","8379","8397","0.504","0.496","-2600","2600","44.85","11859","4935"
3,"2015-05-12",6043,"test","7657","7621","7639","0.504","0.496","-1596","1596","26.41","11101","4177"
3,"2015-05-13",7003,"test","7170","7134","7152","0.504","0.496","-149","149","2.13","10614","3690"
3,"2015-05-15",7515,"test","7280","7244","7262","0.504","0.496","253","253","3.37","10724","3800"
3,"2015-05-16",4149,"test","4507","4471","4489","0.504","0.496","-340","340","8.19","7951","1027"
3,"2015-05-18",10040,"test","8415","8379","8397","0.504","0.496","1643","1643","16.36","11859","4935"
3,"2015-05-19",8728,"test","7657","7621","7639","0.504","0.496","1089","1089","12.48","11101","4177"
3,"2015-05-20",8226,"test","7170","7134","7152","0.504","0.496","1074","1074","13.06","10614","3690"
3,"2015-05-21",7682,"test","7010","6973","6992","0.504","0.496","690","690","8.98","10454","3530"
3,"2015-05-22",7349,"test","7281","7244","7263","0.504","0.496","86","86","1.17","10725","3801"
3,"2015-05-23",4613,"test","4508","4471","4490","0.504","0.496","123","123","2.67","7952","1028"
3,"2015-05-26",6443,"test","7658","7621","7640","0.504","0.496","-1197","1197","18.58","11102","4178"
3,"2015-05-27",5589,"test","7171","7134","7153","0.504","0.496","-1564","1564","27.98","10615","3691"
3,"2015-05-28",6475,"test","7011","6973","6992","0.504","0.496","-517","517","7.98","10454","3530"
3,"2015-05-29",7421,"test","7281","7244","7263","0.504","0.496","158","158","2.13","10725","3801"
3,"2015-05-30",4542,"test","4508","4471","4490","0.504","0.496","52","52","1.14","7952","1028"
3,"2015-06-01",11594,"test","8579","8379","8480","0.504","0.496","3114","3114","26.86","11942","5018"
3,"2015-06-02",10455,"test","7821","7621","7722","0.504","0.496","2733","2733","26.14","11184","4260"
3,"2015-06-03",9590,"test","7334","7134","7235","0.504","0.496","2355","2355","24.56","10697","3773"
3,"2015-06-05",9685,"test","7445","7244","7345","0.504","0.496","2340","2340","24.16","10807","3883"
3,"2015-06-06",4622,"test","4672","4471","4572","0.504","0.496","50","50","1.08","8034","1110"
3,"2015-06-08",6567,"test","8580","8379","8480","0.504","0.496","-1913","1913","29.13","11942","5018"
3,"2015-06-09",7127,"test","7822","7621","7722","0.504","0.496","-595","595","8.35","11184","4260"
3,"2015-06-10",6440,"test","7335","7134","7235","0.504","0.496","-795","795","12.34","10697","3773"
3,"2015-06-11",5656,"test","7175","6973","7075","0.504","0.496","-1419","1419","25.09","10537","3613"
3,"2015-06-12",6181,"test","7445","7244","7345","0.504","0.496","-1164","1164","18.83","10807","3883"
3,"2015-06-13",4687,"test","4672","4471","4572","0.504","0.496","115","115","2.45","8034","1110"
3,"2015-06-15",10818,"test","8580","8379","8480","0.504","0.496","2338","2338","21.61","11942","5018"
3,"2015-06-16",9780,"test","7822","7621","7722","0.504","0.496","2058","2058","21.04","11184","4260"
3,"2015-06-17",8524,"test","7335","7134","7235","0.504","0.496","1289","1289","15.12","10697","3773"
3,"2015-06-18",7537,"test","7176","6973","7075","0.504","0.496","462","462","6.13","10537","3613"
3,"2015-06-19",8074,"test","7446","7244","7346","0.504","0.496","728","728","9.02","10808","3884"
3,"2015-06-20",3891,"test","4673","4471","4573","0.504","0.496","-682","682","17.53","8035","1111"
3,"2015-06-22",5840,"test","8581","8379","8481","0.504","0.496","-2641","2641","45.22","11943","5019"
3,"2015-06-23",6757,"test","7823","7621","7723","0.504","0.496","-966","966","14.30","11185","4261"
3,"2015-06-24",5448,"test","7336","7134","7236","0.504","0.496","-1788","1788","32.82","10698","3774"
3,"2015-06-25",5763,"test","7176","6973","7075","0.504","0.496","-1312","1312","22.77","10537","3613"
3,"2015-06-26",6222,"test","7446","7244","7346","0.504","0.496","-1124","1124","18.06","10808","3884"
3,"2015-06-27",5156,"test","4673","4471","4573","0.504","0.496","583","583","11.31","8035","1111"
3,"2015-06-29",10243,"test","8581","8379","8481","0.504","0.496","1762","1762","17.20","11943","5019"
3,"2015-06-30",13261,"test","7824","7621","7723","0.504","0.496","5538","5538","41.76","11185","4261"
3,"2015-07-01",8311,"test","7391","7134","7264","0.504","0.496","1047","1047","12.60","10726","3802"
3,"2015-07-02",7450,"test","7231","6973","7103","0.504","0.496","347","347","4.66","10565","3641"
3,"2015-07-03",8149,"test","7501","7244","7374","0.504","0.496","775","775","9.51","10836","3912"
3,"2015-07-04",4482,"test","4728","4471","4601","0.504","0.496","-119","119","2.66","8063","1139"
3,"2015-07-06",6736,"test","8636","8379","8509","0.504","0.496","-1773","1773","26.32","11971","5047"
3,"2015-07-07",6180,"test","7878","7621","7751","0.504","0.496","-1571","1571","25.42","11213","4289"
3,"2015-07-08",6347,"test","7391","7134","7264","0.504","0.496","-917","917","14.45","10726","3802"
3,"2015-07-09",6613,"test","7231","6973","7103","0.504","0.496","-490","490","7.41","10565","3641"
3,"2015-07-10",6316,"test","7501","7244","7374","0.504","0.496","-1058","1058","16.75","10836","3912"
3,"2015-07-11",4011,"test","4728","4471","4601","0.504","0.496","-590","590","14.71","8063","1139"
3,"2015-07-13",9462,"test","8637","8379","8509","0.504","0.496","953","953","10.07","11971","5047"
3,"2015-07-14",8625,"test","7879","7621","7751","0.504","0.496","874","874","10.13","11213","4289"
3,"2015-07-15",8663,"test","7392","7134","7264","0.504","0.496","1399","1399","16.15","10726","3802"
3,"2015-07-16",7909,"test","7232","6973","7104","0.504","0.496","805","805","10.18","10566","3642"
3,"2015-07-17",6679,"test","7502","7244","7374","0.504","0.496","-695","695","10.41","10836","3912"
3,"2015-07-18",4258,"test","4729","4471","4601","0.504","0.496","-343","343","8.06","8063","1139"
3,"2015-07-20",5798,"test","8637","8379","8509","0.504","0.496","-2711","2711","46.76","11971","5047"
3,"2015-07-21",5600,"test","7879","7621","7751","0.504","0.496","-2151","2151","38.41","11213","4289"
3,"2015-07-22",5414,"test","7392","7134","7264","0.504","0.496","-1850","1850","34.17","10726","3802"
3,"2015-07-23",5702,"test","7232","6973","7104","0.504","0.496","-1402","1402","24.59","10566","3642"
3,"2015-07-24",5080,"test","7502","7244","7374","0.504","0.496","-2294","2294","45.16","10836","3912"
3,"2015-07-25",3878,"test","4730","4471","4602","0.504","0.496","-724","724","18.67","8064","1140"
3,"2015-07-27",8107,"test","8638","8379","8510","0.504","0.496","-403","403","4.97","11972","5048"
3,"2015-07-28",8864,"test","7880","7621","7752","0.504","0.496","1112","1112","12.55","11214","4290"
3,"2015-07-29",7610,"test","7393","7134","7265","0.504","0.496","345","345","4.53","10727","3803"
3,"2015-07-30",8977,"test","7233","6973","7104","0.504","0.496","1873","1873","20.86","10566","3642"
3,"2015-07-31",8314,"test","7503","7244","7375","0.504","0.496","939","939","11.29","10837","3913"
4,"2013-01-18",7857,"train","8482","9408","8959","0.485","0.515","-1102","1102","14.03","12365","5553"
4,"2013-01-19",9455,"train","9112","10045","9592","0.485","0.515","-137","137","1.45","12998","6186"
4,"2013-01-21",11667,"train","9937","10874","10420","0.485","0.515","1247","1247","10.69","13826","7014"
4,"2013-01-22",9977,"train","8420","9354","8901","0.485","0.515","1076","1076","10.78","12307","5495"
4,"2013-01-23",9236,"train","7922","8860","8405","0.485","0.515","831","831","9.00","11811","4999"
4,"2013-01-24",8516,"train","8078","9002","8554","0.485","0.515","-38","38","0.45","11960","5148"
4,"2013-01-25",9730,"train","8493","9408","8964","0.485","0.515","766","766","7.87","12370","5558"
4,"2013-01-26",9323,"train","9123","10045","9598","0.485","0.515","-275","275","2.95","13004","6192"
4,"2013-01-28",7374,"train","9947","10874","10424","0.485","0.515","-3050","3050","41.36","13830","7018"
4,"2013-01-29",7559,"train","8431","9354","8906","0.485","0.515","-1347","1347","17.82","12312","5500"
4,"2013-01-30",7601,"train","7933","8860","8410","0.485","0.515","-809","809","10.64","11816","5004"
4,"2013-01-31",10359,"train","8089","9002","8559","0.485","0.515","1800","1800","17.38","11965","5153"
4,"2013-02-01",9332,"train","9014","9408","9217","0.485","0.515","115","115","1.23","12623","5811"
4,"2013-02-02",11123,"train","9644","10045","9851","0.485","0.515","1272","1272","11.44","13257","6445"
4,"2013-02-04",13937,"train","10468","10874","10677","0.485","0.515","3260","3260","23.39","14083","7271"
4,"2013-02-05",11353,"train","8952","9354","9159","0.485","0.515","2194","2194","19.33","12565","5753"
4,"2013-02-06",10095,"train","8454","8860","8663","0.485","0.515","1432","1432","14.19","12069","5257"
4,"2013-02-07",10162,"train","8610","9002","8812","0.485","0.515","1350","1350","13.28","12218","5406"
4,"2013-02-08",9965,"train","9025","9408","9222","0.485","0.515","743","743","7.46","12628","5816"
4,"2013-02-09",10095,"train","9655","10045","9856","0.485","0.515","239","239","2.37","13262","6450"
4,"2013-02-11",8907,"train","10479","10874","10682","0.485","0.515","-1775","1775","19.93","14088","7276"
4,"2013-02-12",7800,"train","8963","9354","9164","0.485","0.515","-1364","1364","17.49","12570","5758"
4,"2013-02-13",7983,"train","8465","8860","8668","0.485","0.515","-685","685","8.58","12074","5262"
4,"2013-02-14",8239,"train","8621","9002","8817","0.485","0.515","-578","578","7.02","12223","5411"
4,"2013-02-15",7993,"train","9036","9408","9228","0.485","0.515","-1235","1235","15.45","12634","5822"
4,"2013-02-16",9757,"train","9666","10045","9861","0.485","0.515","-104","104","1.07","13267","6455"
4,"2013-02-18",13163,"train","10490","10874","10688","0.485","0.515","2475","2475","18.80","14094","7282"
4,"2013-02-19",9719,"train","8974","9354","9170","0.485","0.515","549","549","5.65","12576","5764"
4,"2013-02-20",8906,"train","8476","8860","8674","0.485","0.515","232","232","2.60","12080","5268"
4,"2013-02-21",9303,"train","8632","9002","8823","0.485","0.515","480","480","5.16","12229","5417"
4,"2013-02-22",10623,"train","9047","9408","9233","0.485","0.515","1390","1390","13.08","12639","5827"
4,"2013-02-23",9708,"train","9676","10045","9866","0.485","0.515","-158","158","1.63","13272","6460"
4,"2013-02-25",7158,"train","10501","10874","10693","0.485","0.515","-3535","3535","49.39","14099","7287"
4,"2013-02-26",7199,"train","8985","9354","9175","0.485","0.515","-1976","1976","27.45","12581","5769"
4,"2013-02-27",7256,"train","8487","8860","8679","0.485","0.515","-1423","1423","19.61","12085","5273"
4,"2013-02-28",10697,"train","8643","9002","8828","0.485","0.515","1869","1869","17.47","12234","5422"
4,"2013-03-01",9873,"train","9195","9408","9305","0.485","0.515","568","568","5.75","12711","5899"
4,"2013-03-02",10541,"train","9824","10045","9938","0.485","0.515","603","603","5.72","13344","6532"
4,"2013-03-04",13382,"train","10649","10874","10765","0.485","0.515","2617","2617","19.56","14171","7359"
4,"2013-03-05",9844,"train","9133","9354","9247","0.485","0.515","597","597","6.06","12653","5841"
4,"2013-03-06",9357,"train","8635","8860","8751","0.485","0.515","606","606","6.48","12157","5345"
4,"2013-03-07",9190,"train","8791","9002","8900","0.485","0.515","290","290","3.16","12306","5494"
4,"2013-03-08",10245,"train","9206","9408","9310","0.485","0.515","935","935","9.13","12716","5904"
4,"2013-03-09",9936,"train","9835","10045","9943","0.485","0.515","-7","7","0.07","13349","6537"
4,"2013-03-11",8395,"train","10660","10874","10770","0.485","0.515","-2375","2375","28.29","14176","7364"
4,"2013-03-12",7676,"train","9144","9354","9252","0.485","0.515","-1576","1576","20.53","12658","5846"
4,"2013-03-13",7522,"train","8646","8860","8756","0.485","0.515","-1234","1234","16.41","12162","5350"
4,"2013-03-14",7112,"train","8802","9002","8905","0.485","0.515","-1793","1793","25.21","12311","5499"
4,"2013-03-15",7849,"train","9217","9408","9315","0.485","0.515","-1466","1466","18.68","12721","5909"
4,"2013-03-16",9446,"train","9846","10045","9948","0.485","0.515","-502","502","5.31","13354","6542"
4,"2013-03-18",11643,"train","10671","10874","10776","0.485","0.515","867","867","7.45","14182","7370"
4,"2013-03-19",10301,"train","9155","9354","9257","0.485","0.515","1044","1044","10.13","12663","5851"
4,"2013-03-20",9149,"train","8657","8860","8762","0.485","0.515","387","387","4.23","12168","5356"
4,"2013-03-21",9466,"train","8813","9002","8910","0.485","0.515","556","556","5.87","12316","5504"
4,"2013-03-22",10190,"train","9228","9408","9321","0.485","0.515","869","869","8.53","12727","5915"
4,"2013-03-23",9875,"train","9857","10045","9954","0.485","0.515","-79","79","0.80","13360","6548"
4,"2013-03-25",11548,"train","10682","10874","10781","0.485","0.515","767","767","6.64","14187","7375"
4,"2013-03-26",10381,"train","9166","9354","9263","0.485","0.515","1118","1118","10.77","12669","5857"
4,"2013-03-27",11014,"train","8668","8860","8767","0.485","0.515","2247","2247","20.40","12173","5361"
4,"2013-03-28",16910,"train","8824","9002","8916","0.485","0.515","7994","7994","47.27","12322","5510"
4,"2013-03-30",14669,"train","9866","10045","9958","0.485","0.515","4711","4711","32.12","13364","6552"
4,"2013-04-02",11522,"train","8821","9354","9095","0.485","0.515","2427","2427","21.06","12501","5689"
4,"2013-04-03",8922,"train","8323","8860","8600","0.485","0.515","322","322","3.61","12006","5194"
4,"2013-04-04",8692,"train","8479","9002","8748","0.485","0.515","-56","56","0.64","12154","5342"
4,"2013-04-05",8264,"train","8894","9408","9159","0.485","0.515","-895","895","10.83","12565","5753"
4,"2013-04-06",9985,"train","9524","10045","9792","0.485","0.515","193","193","1.93","13198","6386"
4,"2013-04-08",10943,"train","10348","10874","10619","0.485","0.515","324","324","2.96","14025","7213"
4,"2013-04-09",9238,"train","8832","9354","9101","0.485","0.515","137","137","1.48","12507","5695"
4,"2013-04-10",8798,"train","8334","8860","8605","0.485","0.515","193","193","2.19","12011","5199"
4,"2013-04-11",8764,"train","8490","9002","8754","0.485","0.515","10","10","0.11","12160","5348"
4,"2013-04-12",9492,"train","8905","9408","9164","0.485","0.515","328","328","3.46","12570","5758"
4,"2013-04-13",9901,"train","9535","10045","9798","0.485","0.515","103","103","1.04","13204","6392"
4,"2013-04-15",7181,"train","10359","10874","10624","0.485","0.515","-3443","3443","47.95","14030","7218"
4,"2013-04-16",6559,"train","8843","9354","9106","0.485","0.515","-2547","2547","38.83","12512","5700"
4,"2013-04-17",6154,"train","8345","8860","8610","0.485","0.515","-2456","2456","39.91","12016","5204"
4,"2013-04-18",6390,"train","8501","9002","8759","0.485","0.515","-2369","2369","37.07","12165","5353"
4,"2013-04-19",7287,"train","8916","9408","9169","0.485","0.515","-1882","1882","25.83","12575","5763"
4,"2013-04-20",8749,"train","9546","10045","9803","0.485","0.515","-1054","1054","12.05","13209","6397"
4,"2013-04-22",11138,"train","10370","10874","10630","0.485","0.515","508","508","4.56","14036","7224"
4,"2013-04-23",9166,"train","8854","9354","9112","0.485","0.515","54","54","0.59","12518","5706"
4,"2013-04-24",7496,"train","8356","8860","8616","0.485","0.515","-1120","1120","14.94","12022","5210"
4,"2013-04-25",7985,"train","8512","9002","8764","0.485","0.515","-779","779","9.76","12170","5358"
4,"2013-04-26",8593,"train","8927","9408","9175","0.485","0.515","-582","582","6.77","12581","5769"
4,"2013-04-27",9752,"train","9557","10045","9808","0.485","0.515","-56","56","0.57","13214","6402"
4,"2013-04-29",11140,"train","10381","10874","10635","0.485","0.515","505","505","4.53","14041","7229"
4,"2013-04-30",14870,"train","8865","9354","9117","0.485","0.515","5753","5753","38.69","12523","5711"
4,"2013-05-02",12976,"train","8801","9002","8905","0.485","0.515","4071","4071","31.37","12311","5499"
4,"2013-05-03",11335,"train","9216","9408","9315","0.485","0.515","2020","2020","17.82","12721","5909"
4,"2013-05-04",9713,"train","9846","10045","9948","0.485","0.515","-235","235","2.42","13354","6542"
4,"2013-05-06",7915,"train","10670","10874","10775","0.485","0.515","-2860","2860","36.13","14181","7369"
4,"2013-05-07",8175,"train","9154","9354","9257","0.485","0.515","-1082","1082","13.24","12663","5851"
4,"2013-05-08",9078,"train","8656","8860","8761","0.485","0.515","317","317","3.49","12167","5355"
4,"2013-05-10",10624,"train","9225","9408","9319","0.485","0.515","1305","1305","12.28","12725","5913"
4,"2013-05-11",10399,"train","9855","10045","9953","0.485","0.515","446","446","4.29","13359","6547"
4,"2013-05-13",12178,"train","10680","10874","10780","0.485","0.515","1398","1398","11.48","14186","7374"
4,"2013-05-14",10091,"train","9163","9354","9261","0.485","0.515","830","830","8.23","12667","5855"
4,"2013-05-15",9446,"train","8665","8860","8765","0.485","0.515","681","681","7.21","12171","5359"
4,"2013-05-16",8839,"train","8821","9002","8914","0.485","0.515","-75","75","0.85","12320","5508"
4,"2013-05-17",9049,"train","9236","9408","9325","0.485","0.515","-276","276","3.05","12731","5919"
4,"2013-05-18",10853,"train","9866","10045","9958","0.485","0.515","895","895","8.25","13364","6552"
4,"2013-05-21",9778,"train","9173","9354","9266","0.485","0.515","512","512","5.24","12672","5860"
4,"2013-05-22",7456,"train","8674","8860","8770","0.485","0.515","-1314","1314","17.62","12176","5364"
4,"2013-05-23",7078,"train","8830","9002","8919","0.485","0.515","-1841","1841","26.01","12325","5513"
4,"2013-05-24",7737,"train","9245","9408","9329","0.485","0.515","-1592","1592","20.58","12735","5923"
4,"2013-05-25",9971,"train","9875","10045","9963","0.485","0.515","8","8","0.08","13369","6557"
4,"2013-05-27",11293,"train","10700","10874","10790","0.485","0.515","503","503","4.45","14196","7384"
4,"2013-05-28",9804,"train","9184","9354","9272","0.485","0.515","532","532","5.43","12678","5866"
4,"2013-05-29",9457,"train","8685","8860","8775","0.485","0.515","682","682","7.21","12181","5369"
4,"2013-05-30",8975,"train","8841","9002","8924","0.485","0.515","51","51","0.57","12330","5518"
4,"2013-05-31",13064,"train","9256","9408","9334","0.485","0.515","3730","3730","28.55","12740","5928"
4,"2013-06-01",11592,"train","9764","10045","9909","0.485","0.515","1683","1683","14.52","13315","6503"
4,"2013-06-03",13444,"train","10589","10874","10736","0.485","0.515","2708","2708","20.14","14142","7330"
4,"2013-06-04",10584,"train","9072","9354","9217","0.485","0.515","1367","1367","12.92","12623","5811"
4,"2013-06-05",9537,"train","8574","8860","8721","0.485","0.515","816","816","8.56","12127","5315"
4,"2013-06-06",8695,"train","8730","9002","8870","0.485","0.515","-175","175","2.01","12276","5464"
4,"2013-06-07",9561,"train","9145","9408","9280","0.485","0.515","281","281","2.94","12686","5874"
4,"2013-06-08",8419,"train","9775","10045","9914","0.485","0.515","-1495","1495","17.76","13320","6508"
4,"2013-06-10",8917,"train","10600","10874","10741","0.485","0.515","-1824","1824","20.46","14147","7335"
4,"2013-06-11",7557,"train","9083","9354","9223","0.485","0.515","-1666","1666","22.05","12629","5817"
4,"2013-06-12",7179,"train","8585","8860","8727","0.485","0.515","-1548","1548","21.56","12133","5321"
4,"2013-06-13",7680,"train","8741","9002","8875","0.485","0.515","-1195","1195","15.56","12281","5469"
4,"2013-06-14",8291,"train","9156","9408","9286","0.485","0.515","-995","995","12.00","12692","5880"
4,"2013-06-15",9774,"train","9786","10045","9919","0.485","0.515","-145","145","1.48","13325","6513"
4,"2013-06-17",13108,"train","10611","10874","10746","0.485","0.515","2362","2362","18.02","14152","7340"
4,"2013-06-18",9796,"train","9094","9354","9228","0.485","0.515","568","568","5.80","12634","5822"
4,"2013-06-19",9357,"train","8596","8860","8732","0.485","0.515","625","625","6.68","12138","5326"
4,"2013-06-20",9545,"train","8752","9002","8881","0.485","0.515","664","664","6.96","12287","5475"
4,"2013-06-21",9438,"train","9167","9408","9291","0.485","0.515","147","147","1.56","12697","5885"
4,"2013-06-22",8773,"train","9797","10045","9925","0.485","0.515","-1152","1152","13.13","13331","6519"
4,"2013-06-24",9187,"train","10622","10874","10752","0.485","0.515","-1565","1565","17.03","14158","7346"
4,"2013-06-25",8429,"train","9105","9354","9233","0.485","0.515","-804","804","9.54","12639","5827"
4,"2013-06-26",8218,"train","8607","8860","8737","0.485","0.515","-519","519","6.32","12143","5331"
4,"2013-06-27",8181,"train","8763","9002","8886","0.485","0.515","-705","705","8.62","12292","5480"
4,"2013-06-28",9674,"train","9178","9408","9296","0.485","0.515","378","378","3.91","12702","5890"
4,"2013-06-29",10291,"train","9808","10045","9930","0.485","0.515","361","361","3.51","13336","6524"
4,"2013-07-01",13203,"train","10037","10874","10468","0.485","0.515","2735","2735","20.71","13874","7062"
4,"2013-07-02",9650,"train","8520","9354","8950","0.485","0.515","700","700","7.25","12356","5544"
4,"2013-07-03",9089,"train","8022","8860","8454","0.485","0.515","635","635","6.99","11860","5048"
4,"2013-07-04",8899,"train","8178","9002","8602","0.485","0.515","297","297","3.34","12008","5196"
4,"2013-07-05",8419,"train","8593","9408","9013","0.485","0.515","-594","594","7.06","12419","5607"
4,"2013-07-06",7924,"train","9223","10045","9646","0.485","0.515","-1722","1722","21.73","13052","6240"
4,"2013-07-08",7976,"train","10047","10874","10473","0.485","0.515","-2497","2497","31.31","13879","7067"
4,"2013-07-09",6554,"train","8531","9354","8955","0.485","0.515","-2401","2401","36.63","12361","5549"
4,"2013-07-10",6519,"train","8033","8860","8459","0.485","0.515","-1940","1940","29.76","11865","5053"
4,"2013-07-11",6653,"train","8189","9002","8608","0.485","0.515","-1955","1955","29.39","12014","5202"
4,"2013-07-12",7137,"train","8604","9408","9018","0.485","0.515","-1881","1881","26.36","12424","5612"
4,"2013-07-13",7531,"train","9234","10045","9652","0.485","0.515","-2121","2121","28.16","13058","6246"
4,"2013-07-15",11658,"train","10058","10874","10478","0.485","0.515","1180","1180","10.12","13884","7072"
4,"2013-07-16",9349,"train","8542","9354","8960","0.485","0.515","389","389","4.16","12366","5554"
4,"2013-07-17",8611,"train","8044","8860","8464","0.485","0.515","147","147","1.71","11870","5058"
4,"2013-07-18",8088,"train","8200","9002","8613","0.485","0.515","-525","525","6.49","12019","5207"
4,"2013-07-19",8236,"train","8615","9408","9023","0.485","0.515","-787","787","9.56","12429","5617"
4,"2013-07-20",7589,"train","9245","10045","9657","0.485","0.515","-2068","2068","27.25","13063","6251"
4,"2013-07-22",7070,"train","10069","10874","10484","0.485","0.515","-3414","3414","48.29","13890","7078"
4,"2013-07-23",5869,"train","8553","9354","8966","0.485","0.515","-3097","3097","52.77","12372","5560"
4,"2013-07-24",6350,"train","8055","8860","8470","0.485","0.515","-2120","2120","33.39","11876","5064"
4,"2013-07-25",6893,"train","8211","9002","8618","0.485","0.515","-1725","1725","25.03","12024","5212"
4,"2013-07-26",6436,"train","8626","9408","9029","0.485","0.515","-2593","2593","40.29","12435","5623"
4,"2013-07-27",7118,"train","9256","10045","9662","0.485","0.515","-2544","2544","35.74","13068","6256"
4,"2013-07-29",11092,"train","10080","10874","10489","0.485","0.515","603","603","5.44","13895","7083"
4,"2013-07-30",10780,"train","8564","9354","8971","0.485","0.515","1809","1809","16.78","12377","5565"
4,"2013-07-31",13403,"train","8066","8860","8475","0.485","0.515","4928","4928","36.77","11881","5069"
4,"2013-08-01",10622,"train","8489","9002","8753","0.485","0.515","1869","1869","17.60","12159","5347"
4,"2013-08-02",10075,"train","8904","9408","9164","0.485","0.515","911","911","9.04","12570","5758"
4,"2013-08-03",8898,"train","9534","10045","9797","0.485","0.515","-899","899","10.10","13203","6391"
4,"2013-08-05",9408,"train","10358","10874","10624","0.485","0.515","-1216","1216","12.93","14030","7218"
4,"2013-08-06",7559,"train","8842","9354","9106","0.485","0.515","-1547","1547","20.47","12512","5700"
4,"2013-08-07",7156,"train","8344","8860","8610","0.485","0.515","-1454","1454","20.32","12016","5204"
4,"2013-08-08",7481,"train","8500","9002","8759","0.485","0.515","-1278","1278","17.08","12165","5353"
4,"2013-08-09",7842,"train","8915","9408","9169","0.485","0.515","-1327","1327","16.92","12575","5763"
4,"2013-08-10",9149,"train","9544","10045","9802","0.485","0.515","-653","653","7.14","13208","6396"
4,"2013-08-12",11913,"train","10369","10874","10629","0.485","0.515","1284","1284","10.78","14035","7223"
4,"2013-08-13",10673,"train","8853","9354","9111","0.485","0.515","1562","1562","14.64","12517","5705"
4,"2013-08-14",10063,"train","8355","8860","8615","0.485","0.515","1448","1448","14.39","12021","5209"
4,"2013-08-15",8712,"train","8511","9002","8764","0.485","0.515","-52","52","0.60","12170","5358"
4,"2013-08-16",9338,"train","8926","9408","9174","0.485","0.515","164","164","1.76","12580","5768"
4,"2013-08-17",8244,"train","9555","10045","9807","0.485","0.515","-1563","1563","18.96","13213","6401"
4,"2013-08-19",8709,"train","10380","10874","10634","0.485","0.515","-1925","1925","22.10","14040","7228"
4,"2013-08-20",6887,"train","8864","9354","9116","0.485","0.515","-2229","2229","32.37","12522","5710"
4,"2013-08-21",6617,"train","8366","8860","8620","0.485","0.515","-2003","2003","30.27","12026","5214"
4,"2013-08-22",6866,"train","8522","9002","8769","0.485","0.515","-1903","1903","27.72","12175","5363"
4,"2013-08-23",6562,"train","8937","9408","9180","0.485","0.515","-2618","2618","39.90","12586","5774"
4,"2013-08-24",8107,"train","9566","10045","9813","0.485","0.515","-1706","1706","21.04","13219","6407"
4,"2013-08-26",10157,"train","10391","10874","10640","0.485","0.515","-483","483","4.76","14046","7234"
4,"2013-08-27",8147,"train","8875","9354","9122","0.485","0.515","-975","975","11.97","12528","5716"
4,"2013-08-28",8351,"train","8377","8860","8626","0.485","0.515","-275","275","3.29","12032","5220"
4,"2013-08-29",8283,"train","8533","9002","8775","0.485","0.515","-492","492","5.94","12181","5369"
4,"2013-08-30",11704,"train","8948","9408","9185","0.485","0.515","2519","2519","21.52","12591","5779"
4,"2013-08-31",10740,"train","9577","10045","9818","0.485","0.515","922","922","8.58","13224","6412"
4,"2013-09-02",9030,"train","10071","10874","10485","0.485","0.515","-1455","1455","16.11","13891","7079"
4,"2013-09-03",7646,"train","8555","9354","8966","0.485","0.515","-1320","1320","17.26","12372","5560"
4,"2013-09-04",8203,"train","8057","8860","8471","0.485","0.515","-268","268","3.27","11877","5065"
4,"2013-09-05",6803,"train","8213","9002","8619","0.485","0.515","-1816","1816","26.69","12025","5213"
4,"2013-09-06",6979,"train","8627","9408","9029","0.485","0.515","-2050","2050","29.37","12435","5623"
4,"2013-09-07",8461,"train","9257","10045","9663","0.485","0.515","-1202","1202","14.21","13069","6257"
4,"2013-09-09",11987,"train","10082","10874","10490","0.485","0.515","1497","1497","12.49","13896","7084"
4,"2013-09-10",10610,"train","8566","9354","8972","0.485","0.515","1638","1638","15.44","12378","5566"
4,"2013-09-11",9365,"train","8068","8860","8476","0.485","0.515","889","889","9.49","11882","5070"
4,"2013-09-12",10257,"train","8224","9002","8625","0.485","0.515","1632","1632","15.91","12031","5219"
4,"2013-09-13",10197,"train","8638","9408","9035","0.485","0.515","1162","1162","11.40","12441","5629"
4,"2013-09-14",9177,"train","9268","10045","9668","0.485","0.515","-491","491","5.35","13074","6262"
4,"2013-09-16",7911,"train","10093","10874","10495","0.485","0.515","-2584","2584","32.66","13901","7089"
4,"2013-09-17",7248,"train","8577","9354","8977","0.485","0.515","-1729","1729","23.85","12383","5571"
4,"2013-09-18",6701,"train","8079","8860","8481","0.485","0.515","-1780","1780","26.56","11887","5075"
4,"2013-09-19",7017,"train","8235","9002","8630","0.485","0.515","-1613","1613","22.99","12036","5224"
4,"2013-09-20",7047,"train","8649","9408","9040","0.485","0.515","-1993","1993","28.28","12446","5634"
4,"2013-09-21",8631,"train","9279","10045","9673","0.485","0.515","-1042","1042","12.07","13079","6267"
4,"2013-09-23",9908,"train","10104","10874","10501","0.485","0.515","-593","593","5.99","13907","7095"
4,"2013-09-24",8701,"train","8588","9354","8982","0.485","0.515","-281","281","3.23","12388","5576"
4,"2013-09-25",9053,"train","8090","8860","8487","0.485","0.515","566","566","6.25","11893","5081"
4,"2013-09-26",8447,"train","8246","9002","8635","0.485","0.515","-188","188","2.23","12041","5229"
4,"2013-09-27",9621,"train","8660","9408","9045","0.485","0.515","576","576","5.99","12451","5639"
4,"2013-09-28",9274,"train","9290","10045","9679","0.485","0.515","-405","405","4.37","13085","6273"
4,"2013-09-30",11276,"train","10115","10874","10506","0.485","0.515","770","770","6.83","13912","7100"
4,"2013-10-01",9255,"train","8511","9354","8945","0.485","0.515","310","310","3.35","12351","5539"
4,"2013-10-02",10077,"train","8013","8860","8449","0.485","0.515","1628","1628","16.16","11855","5043"
4,"2013-10-04",10204,"train","8582","9408","9007","0.485","0.515","1197","1197","11.73","12413","5601"
4,"2013-10-05",8938,"train","9211","10045","9641","0.485","0.515","-703","703","7.87","13047","6235"
4,"2013-10-07",12159,"train","10036","10874","10468","0.485","0.515","1691","1691","13.91","13874","7062"
4,"2013-10-08",9872,"train","8520","9354","8950","0.485","0.515","922","922","9.34","12356","5544"
4,"2013-10-09",8963,"train","8022","8860","8454","0.485","0.515","509","509","5.68","11860","5048"
4,"2013-10-10",9118,"train","8178","9002","8602","0.485","0.515","516","516","5.66","12008","5196"
4,"2013-10-11",10062,"train","8592","9408","9012","0.485","0.515","1050","1050","10.44","12418","5606"
4,"2013-10-12",9716,"train","9222","10045","9646","0.485","0.515","70","70","0.72","13052","6240"
4,"2013-10-14",7237,"train","10047","10874","10473","0.485","0.515","-3236","3236","44.71","13879","7067"
4,"2013-10-15",7001,"train","8531","9354","8955","0.485","0.515","-1954","1954","27.91","12361","5549"
4,"2013-10-16",6657,"train","8033","8860","8459","0.485","0.515","-1802","1802","27.07","11865","5053"
4,"2013-10-17",6259,"train","8189","9002","8608","0.485","0.515","-2349","2349","37.53","12014","5202"
4,"2013-10-18",6592,"train","8603","9408","9018","0.485","0.515","-2426","2426","36.80","12424","5612"
4,"2013-10-19",9356,"train","9233","10045","9651","0.485","0.515","-295","295","3.15","13057","6245"
4,"2013-10-21",10284,"train","10058","10874","10478","0.485","0.515","-194","194","1.89","13884","7072"
4,"2013-10-22",8418,"train","8542","9354","8960","0.485","0.515","-542","542","6.44","12366","5554"
4,"2013-10-23",7966,"train","8044","8860","8464","0.485","0.515","-498","498","6.25","11870","5058"
4,"2013-10-24",7618,"train","8200","9002","8613","0.485","0.515","-995","995","13.06","12019","5207"
4,"2013-10-25",8808,"train","8614","9408","9023","0.485","0.515","-215","215","2.44","12429","5617"
4,"2013-10-26",9088,"train","9244","10045","9657","0.485","0.515","-569","569","6.26","13063","6251"
4,"2013-10-28",7645,"train","10069","10874","10484","0.485","0.515","-2839","2839","37.14","13890","7078"
4,"2013-10-29",6719,"train","8553","9354","8966","0.485","0.515","-2247","2247","33.44","12372","5560"
4,"2013-10-30",7800,"train","8055","8860","8470","0.485","0.515","-670","670","8.59","11876","5064"
4,"2013-10-31",9091,"train","8211","9002","8618","0.485","0.515","473","473","5.20","12024","5212"
4,"2013-11-01",8792,"train","9341","9408","9376","0.485","0.515","-584","584","6.64","12782","5970"
4,"2013-11-02",10519,"train","9971","10045","10009","0.485","0.515","510","510","4.85","13415","6603"
4,"2013-11-04",10203,"train","10796","10874","10836","0.485","0.515","-633","633","6.20","14242","7430"
4,"2013-11-05",9616,"train","9280","9354","9318","0.485","0.515","298","298","3.10","12724","5912"
4,"2013-11-06",9236,"train","8782","8860","8822","0.485","0.515","414","414","4.48","12228","5416"
4,"2013-11-07",8572,"train","8938","9002","8971","0.485","0.515","-399","399","4.65","12377","5565"
4,"2013-11-08",9997,"train","9352","9408","9381","0.485","0.515","616","616","6.16","12787","5975"
4,"2013-11-09",10373,"train","9982","10045","10014","0.485","0.515","359","359","3.46","13420","6608"
4,"2013-11-11",8241,"train","10807","10874","10842","0.485","0.515","-2601","2601","31.56","14248","7436"
4,"2013-11-12",7179,"train","9291","9354","9323","0.485","0.515","-2144","2144","29.86","12729","5917"
4,"2013-11-13",7263,"train","8793","8860","8828","0.485","0.515","-1565","1565","21.55","12234","5422"
4,"2013-11-14",6856,"train","8948","9002","8976","0.485","0.515","-2120","2120","30.92","12382","5570"
4,"2013-11-15",7627,"train","9363","9408","9386","0.485","0.515","-1759","1759","23.06","12792","5980"
4,"2013-11-16",10157,"train","9993","10045","10020","0.485","0.515","137","137","1.35","13426","6614"
4,"2013-11-18",11331,"train","10818","10874","10847","0.485","0.515","484","484","4.27","14253","7441"
4,"2013-11-19",9133,"train","9302","9354","9329","0.485","0.515","-196","196","2.15","12735","5923"
4,"2013-11-20",9280,"train","8804","8860","8833","0.485","0.515","447","447","4.82","12239","5427"
4,"2013-11-21",9256,"train","8959","9002","8981","0.485","0.515","275","275","2.97","12387","5575"
4,"2013-11-22",9071,"train","9374","9408","9392","0.485","0.515","-321","321","3.54","12798","5986"
4,"2013-11-23",9394,"train","10004","10045","10025","0.485","0.515","-631","631","6.72","13431","6619"
4,"2013-11-25",8569,"train","10829","10874","10852","0.485","0.515","-2283","2283","26.64","14258","7446"
4,"2013-11-26",7805,"train","9313","9354","9334","0.485","0.515","-1529","1529","19.59","12740","5928"
4,"2013-11-27",7809,"train","8815","8860","8838","0.485","0.515","-1029","1029","13.18","12244","5432"
4,"2013-11-28",7875,"train","8970","9002","8986","0.485","0.515","-1111","1111","14.11","12392","5580"
4,"2013-11-29",11390,"train","9385","9408","9397","0.485","0.515","1993","1993","17.50","12803","5991"
4,"2013-11-30",13394,"train","10015","10045","10030","0.485","0.515","3364","3364","25.12","13436","6624"
4,"2013-12-02",14106,"train","12825","10874","11820","0.485","0.515","2286","2286","16.21","15226","8414"
4,"2013-12-03",12080,"train","11309","9354","10302","0.485","0.515","1778","1778","14.72","13708","6896"
4,"2013-12-04",10379,"train","10811","8860","9806","0.485","0.515","573","573","5.52","13212","6400"
4,"2013-12-05",12178,"train","10966","9002","9955","0.485","0.515","2223","2223","18.25","13361","6549"
4,"2013-12-06",10597,"train","11381","9408","10365","0.485","0.515","232","232","2.19","13771","6959"
4,"2013-12-07",10544,"train","12011","10045","10999","0.485","0.515","-455","455","4.32","14405","7593"
4,"2013-12-09",8907,"train","12836","10874","11826","0.485","0.515","-2919","2919","32.77","15232","8420"
4,"2013-12-10",8150,"train","11320","9354","10308","0.485","0.515","-2158","2158","26.48","13714","6902"
4,"2013-12-11",8480,"train","10821","8860","9811","0.485","0.515","-1331","1331","15.70","13217","6405"
4,"2013-12-12",8463,"train","10977","9002","9960","0.485","0.515","-1497","1497","17.69","13366","6554"
4,"2013-12-13",8689,"train","11392","9408","10370","0.485","0.515","-1681","1681","19.35","13776","6964"
4,"2013-12-14",12110,"train","12022","10045","11004","0.485","0.515","1106","1106","9.13","14410","7598"
4,"2013-12-16",16843,"train","12847","10874","11831","0.485","0.515","5012","5012","29.76","15237","8425"
4,"2013-12-17",14471,"train","11331","9354","10313","0.485","0.515","4158","4158","28.73","13719","6907"
4,"2013-12-18",13440,"train","10832","8860","9816","0.485","0.515","3624","3624","26.96","13222","6410"
4,"2013-12-19",13259,"train","10988","9002","9965","0.485","0.515","3294","3294","24.84","13371","6559"
4,"2013-12-20",14757,"train","11403","9408","10376","0.485","0.515","4381","4381","29.69","13782","6970"
4,"2013-12-21",14207,"train","12033","10045","11009","0.485","0.515","3198","3198","22.51","14415","7603"
4,"2013-12-23",16941,"train","12858","10874","11836","0.485","0.515","5105","5105","30.13","15242","8430"
4,"2013-12-24",6786,"train","11342","9354","10318","0.485","0.515","-3532","3532","52.05","13724","6912"
4,"2013-12-27",11159,"train","11410","9408","10379","0.485","0.515","780","780","6.99","13785","6973"
4,"2013-12-28",10954,"train","12040","10045","11013","0.485","0.515","-59","59","0.54","14419","7607"
4,"2013-12-30",17412,"train","12865","10874","11840","0.485","0.515","5572","5572","32.00","15246","8434"
4,"2013-12-31",9813,"train","11349","9354","10322","0.485","0.515","-509","509","5.19","13728","6916"
4,"2014-01-02",9525,"train","8599","9002","8807","0.485","0.515","718","718","7.54","12213","5401"
4,"2014-01-03",9299,"train","9014","9408","9217","0.485","0.515","82","82","0.88","12623","5811"
4,"2014-01-04",10569,"train","9643","10045","9850","0.485","0.515","719","719","6.80","13256","6444"
4,"2014-01-06",13086,"train","10468","10874","10677","0.485","0.515","2409","2409","18.41","14083","7271"
4,"2014-01-07",10338,"train","8952","9354","9159","0.485","0.515","1179","1179","11.40","12565","5753"
4,"2014-01-08",9271,"train","8454","8860","8663","0.485","0.515","608","608","6.56","12069","5257"
4,"2014-01-09",9489,"train","8610","9002","8812","0.485","0.515","677","677","7.13","12218","5406"
4,"2014-01-10",9154,"train","9025","9408","9222","0.485","0.515","-68","68","0.74","12628","5816"
4,"2014-01-11",9203,"train","9654","10045","9855","0.485","0.515","-652","652","7.08","13261","6449"
4,"2014-01-13",7838,"train","10479","10874","10682","0.485","0.515","-2844","2844","36.28","14088","7276"
4,"2014-01-14",7465,"train","8963","9354","9164","0.485","0.515","-1699","1699","22.76","12570","5758"
4,"2014-01-15",6571,"train","8465","8860","8668","0.485","0.515","-2097","2097","31.91","12074","5262"
4,"2014-01-16",6927,"train","8621","9002","8817","0.485","0.515","-1890","1890","27.28","12223","5411"
4,"2014-01-17",7654,"train","9035","9408","9227","0.485","0.515","-1573","1573","20.55","12633","5821"
4,"2014-01-18",9451,"train","9665","10045","9861","0.485","0.515","-410","410","4.34","13267","6455"
4,"2014-01-20",10734,"train","10490","10874","10688","0.485","0.515","46","46","0.43","14094","7282"
4,"2014-01-21",9456,"train","8974","9354","9170","0.485","0.515","286","286","3.02","12576","5764"
4,"2014-01-22",8898,"train","8476","8860","8674","0.485","0.515","224","224","2.52","12080","5268"
4,"2014-01-23",9580,"train","8632","9002","8823","0.485","0.515","757","757","7.90","12229","5417"
4,"2014-01-24",9154,"train","9046","9408","9232","0.485","0.515","-78","78","0.85","12638","5826"
4,"2014-01-25",9756,"train","9676","10045","9866","0.485","0.515","-110","110","1.13","13272","6460"
4,"2014-01-27",7800,"train","10501","10874","10693","0.485","0.515","-2893","2893","37.09","14099","7287"
4,"2014-01-28",7268,"train","8985","9354","9175","0.485","0.515","-1907","1907","26.24","12581","5769"
4,"2014-01-29",7996,"train","8487","8860","8679","0.485","0.515","-683","683","8.54","12085","5273"
4,"2014-01-30",7860,"train","8643","9002","8828","0.485","0.515","-968","968","12.32","12234","5422"
4,"2014-01-31",10468,"train","9057","9408","9238","0.485","0.515","1230","1230","11.75","12644","5832"
4,"2014-02-01",12028,"train","10197","10045","10119","0.485","0.515","1909","1909","15.87","13525","6713"
4,"2014-02-03",13634,"train","11022","10874","10946","0.485","0.515","2688","2688","19.72","14352","7540"
4,"2014-02-04",10795,"train","9506","9354","9428","0.485","0.515","1367","1367","12.66","12834","6022"
4,"2014-02-05",10046,"train","9008","8860","8932","0.485","0.515","1114","1114","11.09","12338","5526"
4,"2014-02-06",9589,"train","9164","9002","9081","0.485","0.515","508","508","5.30","12487","5675"
4,"2014-02-07",9571,"train","9578","9408","9490","0.485","0.515","81","81","0.85","12896","6084"
4,"2014-02-08",9842,"train","10208","10045","10124","0.485","0.515","-282","282","2.87","13530","6718"
4,"2014-02-10",9075,"train","11033","10874","10951","0.485","0.515","-1876","1876","20.67","14357","7545"
4,"2014-02-11",7483,"train","9517","9354","9433","0.485","0.515","-1950","1950","26.06","12839","6027"
4,"2014-02-12",8244,"train","9019","8860","8937","0.485","0.515","-693","693","8.41","12343","5531"
4,"2014-02-13",7765,"train","9174","9002","9085","0.485","0.515","-1320","1320","17.00","12491","5679"
4,"2014-02-14",8877,"train","9589","9408","9496","0.485","0.515","-619","619","6.97","12902","6090"
4,"2014-02-15",9171,"train","10219","10045","10129","0.485","0.515","-958","958","10.45","13535","6723"
4,"2014-02-17",11297,"train","11044","10874","10956","0.485","0.515","341","341","3.02","14362","7550"
4,"2014-02-18",9676,"train","9528","9354","9438","0.485","0.515","238","238","2.46","12844","6032"
4,"2014-02-19",9010,"train","9030","8860","8942","0.485","0.515","68","68","0.75","12348","5536"
4,"2014-02-20",9452,"train","9185","9002","9091","0.485","0.515","361","361","3.82","12497","5685"
4,"2014-02-21",9193,"train","9600","9408","9501","0.485","0.515","-308","308","3.35","12907","6095"
4,"2014-02-22",10047,"train","10230","10045","10135","0.485","0.515","-88","88","0.88","13541","6729"
4,"2014-02-24",7782,"train","11055","10874","10962","0.485","0.515","-3180","3180","40.86","14368","7556"
4,"2014-02-25",6812,"train","9539","9354","9444","0.485","0.515","-2632","2632","38.64","12850","6038"
4,"2014-02-26",6987,"train","9041","8860","8948","0.485","0.515","-1961","1961","28.07","12354","5542"
4,"2014-02-27",7723,"train","9196","9002","9096","0.485","0.515","-1373","1373","17.78","12502","5690"
4,"2014-02-28",10849,"train","9611","9408","9506","0.485","0.515","1343","1343","12.38","12912","6100"
4,"2014-03-01",11248,"train","10378","10045","10207","0.485","0.515","1041","1041","9.25","13613","6801"
4,"2014-03-03",13685,"train","11203","10874","11034","0.485","0.515","2651","2651","19.37","14440","7628"
4,"2014-03-04",11220,"train","9687","9354","9516","0.485","0.515","1704","1704","15.19","12922","6110"
4,"2014-03-05",9039,"train","9189","8860","9020","0.485","0.515","19","19","0.21","12426","5614"
4,"2014-03-06",9072,"train","9344","9002","9168","0.485","0.515","-96","96","1.06","12574","5762"
4,"2014-03-07",9986,"train","9759","9408","9578","0.485","0.515","408","408","4.09","12984","6172"
4,"2014-03-08",9296,"train","10389","10045","10212","0.485","0.515","-916","916","9.85","13618","6806"
4,"2014-03-10",7809,"train","11214","10874","11039","0.485","0.515","-3230","3230","41.36","14445","7633"
4,"2014-03-11",7021,"train","9698","9354","9521","0.485","0.515","-2500","2500","35.61","12927","6115"
4,"2014-03-12",7318,"train","9200","8860","9025","0.485","0.515","-1707","1707","23.33","12431","5619"
4,"2014-03-13",6987,"train","9355","9002","9173","0.485","0.515","-2186","2186","31.29","12579","5767"
4,"2014-03-14",7336,"train","9770","9408","9584","0.485","0.515","-2248","2248","30.64","12990","6178"
4,"2014-03-15",10009,"train","10400","10045","10217","0.485","0.515","-208","208","2.08","13623","6811"
4,"2014-03-17",11669,"train","11225","10874","11044","0.485","0.515","625","625","5.36","14450","7638"
4,"2014-03-18",9920,"train","9709","9354","9526","0.485","0.515","394","394","3.97","12932","6120"
4,"2014-03-19",8672,"train","9210","8860","9030","0.485","0.515","-358","358","4.13","12436","5624"
4,"2014-03-20",8074,"train","9366","9002","9179","0.485","0.515","-1105","1105","13.69","12585","5773"
4,"2014-03-21",9292,"train","9781","9408","9589","0.485","0.515","-297","297","3.20","12995","6183"
4,"2014-03-22",9676,"train","10411","10045","10223","0.485","0.515","-547","547","5.65","13629","6817"
4,"2014-03-24",7992,"train","11236","10874","11050","0.485","0.515","-3058","3058","38.26","14456","7644"
4,"2014-03-25",7277,"train","9720","9354","9532","0.485","0.515","-2255","2255","30.99","12938","6126"
4,"2014-03-26",7095,"train","9221","8860","9035","0.485","0.515","-1940","1940","27.34","12441","5629"
4,"2014-03-27",7006,"train","9377","9002","9184","0.485","0.515","-2178","2178","31.09","12590","5778"
4,"2014-03-28",7696,"train","9792","9408","9594","0.485","0.515","-1898","1898","24.66","13000","6188"
4,"2014-03-29",8880,"train","10422","10045","10228","0.485","0.515","-1348","1348","15.18","13634","6822"
4,"2014-03-31",14638,"train","11247","10874","11055","0.485","0.515","3583","3583","24.48","14461","7649"
4,"2014-04-01",11772,"train","9379","9354","9366","0.485","0.515","2406","2406","20.44","12772","5960"
4,"2014-04-02",9585,"train","8880","8860","8870","0.485","0.515","715","715","7.46","12276","5464"
4,"2014-04-03",9189,"train","9036","9002","9018","0.485","0.515","171","171","1.86","12424","5612"
4,"2014-04-04",9411,"train","9451","9408","9429","0.485","0.515","-18","18","0.19","12835","6023"
4,"2014-04-05",9423,"train","10081","10045","10062","0.485","0.515","-639","639","6.78","13468","6656"
4,"2014-04-07",7733,"train","10906","10874","10890","0.485","0.515","-3157","3157","40.83","14296","7484"
4,"2014-04-08",7074,"train","9390","9354","9371","0.485","0.515","-2297","2297","32.47","12777","5965"
4,"2014-04-09",7890,"train","8891","8860","8875","0.485","0.515","-985","985","12.48","12281","5469"
4,"2014-04-10",7714,"train","9047","9002","9024","0.485","0.515","-1310","1310","16.98","12430","5618"
4,"2014-04-11",7682,"train","9462","9408","9434","0.485","0.515","-1752","1752","22.81","12840","6028"
4,"2014-04-12",9200,"train","10092","10045","10068","0.485","0.515","-868","868","9.43","13474","6662"
4,"2014-04-14",12391,"train","10917","10874","10895","0.485","0.515","1496","1496","12.07","14301","7489"
4,"2014-04-15",11191,"train","9401","9354","9377","0.485","0.515","1814","1814","16.21","12783","5971"
4,"2014-04-16",11237,"train","8902","8860","8880","0.485","0.515","2357","2357","20.98","12286","5474"
4,"2014-04-17",13084,"train","9058","9002","9029","0.485","0.515","4055","4055","30.99","12435","5623"
4,"2014-04-19",10613,"train","10101","10045","10072","0.485","0.515","541","541","5.10","13478","6666"
4,"2014-04-22",9723,"train","9408","9354","9380","0.485","0.515","343","343","3.53","12786","5974"
4,"2014-04-23",7352,"train","8910","8860","8884","0.485","0.515","-1532","1532","20.84","12290","5478"
4,"2014-04-24",7294,"train","9065","9002","9033","0.485","0.515","-1739","1739","23.84","12439","5627"
4,"2014-04-25",7041,"train","9480","9408","9443","0.485","0.515","-2402","2402","34.11","12849","6037"
4,"2014-04-26",8650,"train","10110","10045","10077","0.485","0.515","-1427","1427","16.50","13483","6671"
4,"2014-04-28",11863,"train","10935","10874","10904","0.485","0.515","959","959","8.08","14310","7498"
4,"2014-04-29",9680,"train","9419","9354","9386","0.485","0.515","294","294","3.04","12792","5980"
4,"2014-04-30",14743,"train","8921","8860","8890","0.485","0.515","5853","5853","39.70","12296","5484"
4,"2014-05-02",15274,"train","9769","9408","9583","0.485","0.515","5691","5691","37.26","12989","6177"
4,"2014-05-03",10330,"train","10399","10045","10217","0.485","0.515","113","113","1.09","13623","6811"
4,"2014-05-05",11986,"train","11224","10874","11044","0.485","0.515","942","942","7.86","14450","7638"
4,"2014-05-06",9723,"train","9708","9354","9526","0.485","0.515","197","197","2.03","12932","6120"
4,"2014-05-07",9245,"train","9210","8860","9030","0.485","0.515","215","215","2.33","12436","5624"
4,"2014-05-08",9227,"train","9366","9002","9179","0.485","0.515","48","48","0.52","12585","5773"
4,"2014-05-09",10880,"train","9780","9408","9588","0.485","0.515","1292","1292","11.88","12994","6182"
4,"2014-05-10",10559,"train","10410","10045","10222","0.485","0.515","337","337","3.19","13628","6816"
4,"2014-05-12",8484,"train","11235","10874","11049","0.485","0.515","-2565","2565","30.23","14455","7643"
4,"2014-05-13",7508,"train","9719","9354","9531","0.485","0.515","-2023","2023","26.94","12937","6125"
4,"2014-05-14",7268,"train","9221","8860","9035","0.485","0.515","-1767","1767","24.31","12441","5629"
4,"2014-05-15",7145,"train","9377","9002","9184","0.485","0.515","-2039","2039","28.54","12590","5778"
4,"2014-05-16",7948,"train","9791","9408","9594","0.485","0.515","-1646","1646","20.71","13000","6188"
4,"2014-05-17",9040,"train","10421","10045","10227","0.485","0.515","-1187","1187","13.13","13633","6821"
4,"2014-05-19",11433,"train","11246","10874","11054","0.485","0.515","379","379","3.31","14460","7648"
4,"2014-05-20",8127,"train","9730","9354","9536","0.485","0.515","-1409","1409","17.34","12942","6130"
4,"2014-05-21",8408,"train","9232","8860","9040","0.485","0.515","-632","632","7.52","12446","5634"
4,"2014-05-22",8924,"train","9387","9002","9189","0.485","0.515","-265","265","2.97","12595","5783"
4,"2014-05-23",8611,"train","9802","9408","9599","0.485","0.515","-988","988","11.47","13005","6193"
4,"2014-05-24",9218,"train","10432","10045","10233","0.485","0.515","-1015","1015","11.01","13639","6827"
4,"2014-05-26",7949,"train","11257","10874","11060","0.485","0.515","-3111","3111","39.14","14466","7654"
4,"2014-05-27",7193,"train","9741","9354","9542","0.485","0.515","-2349","2349","32.66","12948","6136"
4,"2014-05-28",11073,"train","9243","8860","9046","0.485","0.515","2027","2027","18.31","12452","5640"
4,"2014-05-30",13149,"train","9811","9408","9603","0.485","0.515","3546","3546","26.97","13009","6197"
4,"2014-05-31",11018,"train","10441","10045","10237","0.485","0.515","781","781","7.09","13643","6831"
4,"2014-06-02",13087,"train","11144","10874","11005","0.485","0.515","2082","2082","15.91","14411","7599"
4,"2014-06-03",11083,"train","9628","9354","9487","0.485","0.515","1596","1596","14.40","12893","6081"
4,"2014-06-04",10584,"train","9130","8860","8991","0.485","0.515","1593","1593","15.05","12397","5585"
4,"2014-06-05",10774,"train","9286","9002","9140","0.485","0.515","1634","1634","15.17","12546","5734"
4,"2014-06-06",10705,"train","9700","9408","9550","0.485","0.515","1155","1155","10.79","12956","6144"
4,"2014-06-07",10164,"train","10330","10045","10183","0.485","0.515","-19","19","0.19","13589","6777"
4,"2014-06-10",10239,"train","9637","9354","9491","0.485","0.515","748","748","7.31","12897","6085"
4,"2014-06-11",8163,"train","9139","8860","8995","0.485","0.515","-832","832","10.19","12401","5589"
4,"2014-06-12",8637,"train","9295","9002","9144","0.485","0.515","-507","507","5.87","12550","5738"
4,"2014-06-13",8077,"train","9710","9408","9554","0.485","0.515","-1477","1477","18.29","12960","6148"
4,"2014-06-14",11209,"train","10339","10045","10188","0.485","0.515","1021","1021","9.11","13594","6782"
4,"2014-06-16",11121,"train","11164","10874","11015","0.485","0.515","106","106","0.95","14421","7609"
4,"2014-06-17",10097,"train","9648","9354","9497","0.485","0.515","600","600","5.94","12903","6091"
4,"2014-06-18",8791,"train","9150","8860","9001","0.485","0.515","-210","210","2.39","12407","5595"
4,"2014-06-19",9446,"train","9306","9002","9149","0.485","0.515","297","297","3.14","12555","5743"
4,"2014-06-20",9503,"train","9721","9408","9560","0.485","0.515","-57","57","0.60","12966","6154"
4,"2014-06-21",8683,"train","10350","10045","10193","0.485","0.515","-1510","1510","17.39","13599","6787"
4,"2014-06-23",8998,"train","11175","10874","11020","0.485","0.515","-2022","2022","22.47","14426","7614"
4,"2014-06-24",7723,"train","9659","9354","9502","0.485","0.515","-1779","1779","23.04","12908","6096"
4,"2014-06-25",8450,"train","9161","8860","9006","0.485","0.515","-556","556","6.58","12412","5600"
4,"2014-06-26",7080,"train","9317","9002","9155","0.485","0.515","-2075","2075","29.31","12561","5749"
4,"2014-06-27",7556,"train","9731","9408","9565","0.485","0.515","-2009","2009","26.59","12971","6159"
4,"2014-06-28",9601,"train","10361","10045","10198","0.485","0.515","-597","597","6.22","13604","6792"
4,"2014-06-30",15672,"train","11186","10874","11025","0.485","0.515","4647","4647","29.65","14431","7619"
4,"2014-07-01",11584,"train","9074","9354","9218","0.485","0.515","2366","2366","20.42","12624","5812"
4,"2014-07-02",10575,"train","8576","8860","8722","0.485","0.515","1853","1853","17.52","12128","5316"
4,"2014-07-03",10659,"train","8732","9002","8871","0.485","0.515","1788","1788","16.77","12277","5465"
4,"2014-07-04",8551,"train","9146","9408","9281","0.485","0.515","-730","730","8.54","12687","5875"
4,"2014-07-05",10034,"train","9776","10045","9915","0.485","0.515","119","119","1.19","13321","6509"
4,"2014-07-07",9810,"train","10601","10874","10742","0.485","0.515","-932","932","9.50","14148","7336"
4,"2014-07-08",8844,"train","9085","9354","9224","0.485","0.515","-380","380","4.30","12630","5818"
4,"2014-07-09",9042,"train","8587","8860","8728","0.485","0.515","314","314","3.47","12134","5322"
4,"2014-07-10",10000,"train","8743","9002","8876","0.485","0.515","1124","1124","11.24","12282","5470"
4,"2014-07-11",9195,"train","9157","9408","9286","0.485","0.515","-91","91","0.99","12692","5880"
4,"2014-07-12",10335,"train","9787","10045","9920","0.485","0.515","415","415","4.02","13326","6514"
4,"2014-07-14",12949,"train","10612","10874","10747","0.485","0.515","2202","2202","17.01","14153","7341"
4,"2014-07-15",10719,"train","9096","9354","9229","0.485","0.515","1490","1490","13.90","12635","5823"
4,"2014-07-16",10720,"train","8598","8860","8733","0.485","0.515","1987","1987","18.54","12139","5327"
4,"2014-07-17",10045,"train","8754","9002","8882","0.485","0.515","1163","1163","11.58","12288","5476"
4,"2014-07-18",9353,"train","9168","9408","9292","0.485","0.515","61","61","0.65","12698","5886"
4,"2014-07-19",8840,"train","9798","10045","9925","0.485","0.515","-1085","1085","12.27","13331","6519"
4,"2014-07-21",8649,"train","10623","10874","10752","0.485","0.515","-2103","2103","24.31","14158","7346"
4,"2014-07-22",7589,"train","9107","9354","9234","0.485","0.515","-1645","1645","21.68","12640","5828"
4,"2014-07-23",6514,"train","8609","8860","8738","0.485","0.515","-2224","2224","34.14","12144","5332"
4,"2014-07-24",7355,"train","8765","9002","8887","0.485","0.515","-1532","1532","20.83","12293","5481"
4,"2014-07-25",7655,"train","9179","9408","9297","0.485","0.515","-1642","1642","21.45","12703","5891"
4,"2014-07-26",8805,"train","9809","10045","9931","0.485","0.515","-1126","1126","12.79","13337","6525"
4,"2014-07-28",11033,"train","10634","10874","10758","0.485","0.515","275","275","2.49","14164","7352"
4,"2014-07-29",9808,"train","9118","9354","9240","0.485","0.515","568","568","5.79","12646","5834"
4,"2014-07-30",10032,"train","8620","8860","8744","0.485","0.515","1288","1288","12.84","12150","5338"
4,"2014-07-31",12533,"train","8775","9002","8892","0.485","0.515","3641","3641","29.05","12298","5486"
4,"2014-08-01",11112,"train","9457","9408","9432","0.485","0.515","1680","1680","15.12","12838","6026"
4,"2014-08-02",10071,"train","10087","10045","10065","0.485","0.515","6","6","0.06","13471","6659"
4,"2014-08-04",11754,"train","10912","10874","10892","0.485","0.515","862","862","7.33","14298","7486"
4,"2014-08-05",9990,"train","9396","9354","9374","0.485","0.515","616","616","6.17","12780","5968"
4,"2014-08-06",8860,"train","8898","8860","8878","0.485","0.515","-18","18","0.20","12284","5472"
4,"2014-08-07",9872,"train","9053","9002","9027","0.485","0.515","845","845","8.56","12433","5621"
4,"2014-08-08",9698,"train","9468","9408","9437","0.485","0.515","261","261","2.69","12843","6031"
4,"2014-08-09",9266,"train","10098","10045","10071","0.485","0.515","-805","805","8.69","13477","6665"
4,"2014-08-11",9674,"train","10923","10874","10898","0.485","0.515","-1224","1224","12.65","14304","7492"
4,"2014-08-12",7896,"train","9407","9354","9380","0.485","0.515","-1484","1484","18.79","12786","5974"
4,"2014-08-13",7832,"train","8909","8860","8884","0.485","0.515","-1052","1052","13.43","12290","5478"
4,"2014-08-14",8230,"train","9064","9002","9032","0.485","0.515","-802","802","9.74","12438","5626"
4,"2014-08-15",9048,"train","9479","9408","9442","0.485","0.515","-394","394","4.35","12848","6036"
4,"2014-08-16",9756,"train","10109","10045","10076","0.485","0.515","-320","320","3.28","13482","6670"
4,"2014-08-18",13564,"train","10934","10874","10903","0.485","0.515","2661","2661","19.62","14309","7497"
4,"2014-08-19",10163,"train","9418","9354","9385","0.485","0.515","778","778","7.66","12791","5979"
4,"2014-08-20",9515,"train","8920","8860","8889","0.485","0.515","626","626","6.58","12295","5483"
4,"2014-08-21",9954,"train","9075","9002","9037","0.485","0.515","917","917","9.21","12443","5631"
4,"2014-08-22",10315,"train","9490","9408","9448","0.485","0.515","867","867","8.41","12854","6042"
4,"2014-08-23",10208,"train","10120","10045","10081","0.485","0.515","127","127","1.24","13487","6675"
4,"2014-08-25",10919,"train","10945","10874","10908","0.485","0.515","11","11","0.10","14314","7502"
4,"2014-08-26",8985,"train","9429","9354","9390","0.485","0.515","-405","405","4.51","12796","5984"
4,"2014-08-27",8718,"train","8930","8860","8894","0.485","0.515","-176","176","2.02","12300","5488"
4,"2014-08-28",9205,"train","9086","9002","9043","0.485","0.515","162","162","1.76","12449","5637"
4,"2014-08-29",11938,"train","9501","9408","9453","0.485","0.515","2485","2485","20.82","12859","6047"
4,"2014-08-30",11930,"train","10131","10045","10087","0.485","0.515","1843","1843","15.45","13493","6681"
4,"2014-09-01",15595,"train","10625","10874","10753","0.485","0.515","4842","4842","31.05","14159","7347"
4,"2014-09-02",11932,"train","9109","9354","9235","0.485","0.515","2697","2697","22.60","12641","5829"
4,"2014-09-03",10729,"train","8610","8860","8739","0.485","0.515","1990","1990","18.55","12145","5333"
4,"2014-09-04",10522,"train","8766","9002","8888","0.485","0.515","1634","1634","15.53","12294","5482"
4,"2014-09-05",10528,"train","9181","9408","9298","0.485","0.515","1230","1230","11.68","12704","5892"
4,"2014-09-06",9382,"train","9811","10045","9932","0.485","0.515","-550","550","5.86","13338","6526"
4,"2014-09-08",8995,"train","10636","10874","10759","0.485","0.515","-1764","1764","19.61","14165","7353"
4,"2014-09-09",8070,"train","9120","9354","9241","0.485","0.515","-1171","1171","14.51","12647","5835"
4,"2014-09-10",8530,"train","8621","8860","8744","0.485","0.515","-214","214","2.51","12150","5338"
4,"2014-09-11",7924,"train","8777","9002","8893","0.485","0.515","-969","969","12.23","12299","5487"
4,"2014-09-12",7603,"train","9192","9408","9303","0.485","0.515","-1700","1700","22.36","12709","5897"
4,"2014-09-13",9563,"train","9822","10045","9937","0.485","0.515","-374","374","3.91","13343","6531"
4,"2014-09-15",11450,"train","10647","10874","10764","0.485","0.515","686","686","5.99","14170","7358"
4,"2014-09-16",9140,"train","9131","9354","9246","0.485","0.515","-106","106","1.16","12652","5840"
4,"2014-09-17",8594,"train","8632","8860","8749","0.485","0.515","-155","155","1.80","12155","5343"
4,"2014-09-18",8958,"train","8788","9002","8898","0.485","0.515","60","60","0.67","12304","5492"
4,"2014-09-19",8995,"train","9203","9408","9309","0.485","0.515","-314","314","3.49","12715","5903"
4,"2014-09-20",10044,"train","9833","10045","9942","0.485","0.515","102","102","1.02","13348","6536"
4,"2014-09-22",8184,"train","10658","10874","10769","0.485","0.515","-2585","2585","31.59","14175","7363"
4,"2014-09-23",7543,"train","9142","9354","9251","0.485","0.515","-1708","1708","22.64","12657","5845"
4,"2014-09-24",6440,"train","8643","8860","8755","0.485","0.515","-2315","2315","35.95","12161","5349"
4,"2014-09-25",6629,"train","8799","9002","8904","0.485","0.515","-2275","2275","34.32","12310","5498"
4,"2014-09-26",6948,"train","9214","9408","9314","0.485","0.515","-2366","2366","34.05","12720","5908"
4,"2014-09-27",9405,"train","9844","10045","9948","0.485","0.515","-543","543","5.77","13354","6542"
4,"2014-09-29",10201,"train","10669","10874","10775","0.485","0.515","-574","574","5.63","14181","7369"
4,"2014-09-30",12659,"train","9152","9354","9256","0.485","0.515","3403","3403","26.88","12662","5850"
4,"2014-10-01",10560,"train","8566","8860","8717","0.485","0.515","1843","1843","17.45","12123","5311"
4,"2014-10-02",12297,"train","8722","9002","8866","0.485","0.515","3431","3431","27.90","12272","5460"
4,"2014-10-04",11694,"train","9765","10045","9909","0.485","0.515","1785","1785","15.26","13315","6503"
4,"2014-10-06",10575,"train","10590","10874","10736","0.485","0.515","-161","161","1.52","14142","7330"
4,"2014-10-07",9648,"train","9074","9354","9218","0.485","0.515","430","430","4.46","12624","5812"
4,"2014-10-08",9189,"train","8575","8860","8722","0.485","0.515","467","467","5.08","12128","5316"
4,"2014-10-09",8763,"train","8731","9002","8871","0.485","0.515","-108","108","1.23","12277","5465"
4,"2014-10-10",9501,"train","9146","9408","9281","0.485","0.515","220","220","2.32","12687","5875"
4,"2014-10-11",10048,"train","9776","10045","9915","0.485","0.515","133","133","1.32","13321","6509"
4,"2014-10-13",8947,"train","10601","10874","10742","0.485","0.515","-1795","1795","20.06","14148","7336"
4,"2014-10-14",8166,"train","9085","9354","9224","0.485","0.515","-1058","1058","12.96","12630","5818"
4,"2014-10-15",7843,"train","8586","8860","8727","0.485","0.515","-884","884","11.27","12133","5321"
4,"2014-10-16",8008,"train","8742","9002","8876","0.485","0.515","-868","868","10.84","12282","5470"
4,"2014-10-17",7947,"train","9157","9408","9286","0.485","0.515","-1339","1339","16.85","12692","5880"
4,"2014-10-18",10166,"train","9787","10045","9920","0.485","0.515","246","246","2.42","13326","6514"
4,"2014-10-20",11357,"train","10612","10874","10747","0.485","0.515","610","610","5.37","14153","7341"
4,"2014-10-21",9786,"train","9096","9354","9229","0.485","0.515","557","557","5.69","12635","5823"
4,"2014-10-22",9547,"train","8597","8860","8732","0.485","0.515","815","815","8.54","12138","5326"
4,"2014-10-23",9364,"train","8753","9002","8881","0.485","0.515","483","483","5.16","12287","5475"
4,"2014-10-24",9016,"train","9168","9408","9292","0.485","0.515","-276","276","3.06","12698","5886"
4,"2014-10-25",9414,"train","9798","10045","9925","0.485","0.515","-511","511","5.43","13331","6519"
4,"2014-10-27",9172,"train","10623","10874","10752","0.485","0.515","-1580","1580","17.23","14158","7346"
4,"2014-10-28",7543,"train","9107","9354","9234","0.485","0.515","-1691","1691","22.42","12640","5828"
4,"2014-10-29",7810,"train","8608","8860","8738","0.485","0.515","-928","928","11.88","12144","5332"
4,"2014-10-30",9677,"train","8764","9002","8887","0.485","0.515","790","790","8.16","12293","5481"
4,"2014-10-31",9839,"train","9179","9408","9297","0.485","0.515","542","542","5.51","12703","5891"
4,"2014-11-01",10834,"train","10525","10045","10278","0.485","0.515","556","556","5.13","13684","6872"
4,"2014-11-03",13095,"train","11350","10874","11105","0.485","0.515","1990","1990","15.20","14511","7699"
4,"2014-11-04",11285,"train","9833","9354","9586","0.485","0.515","1699","1699","15.06","12992","6180"
4,"2014-11-05",11232,"train","9335","8860","9090","0.485","0.515","2142","2142","19.07","12496","5684"
4,"2014-11-06",9461,"train","9491","9002","9239","0.485","0.515","222","222","2.35","12645","5833"
4,"2014-11-07",11209,"train","9906","9408","9650","0.485","0.515","1559","1559","13.91","13056","6244"
4,"2014-11-08",10208,"train","10536","10045","10283","0.485","0.515","-75","75","0.73","13689","6877"
4,"2014-11-10",10593,"train","11361","10874","11110","0.485","0.515","-517","517","4.88","14516","7704"
4,"2014-11-11",8794,"train","9844","9354","9592","0.485","0.515","-798","798","9.07","12998","6186"
4,"2014-11-12",9340,"train","9346","8860","9096","0.485","0.515","244","244","2.61","12502","5690"
4,"2014-11-13",10102,"train","9502","9002","9245","0.485","0.515","857","857","8.48","12651","5839"
4,"2014-11-14",9790,"train","9917","9408","9655","0.485","0.515","135","135","1.38","13061","6249"
4,"2014-11-15",11185,"train","10547","10045","10288","0.485","0.515","897","897","8.02","13694","6882"
4,"2014-11-17",9376,"train","11372","10874","11116","0.485","0.515","-1740","1740","18.56","14522","7710"
4,"2014-11-18",8331,"train","9855","9354","9597","0.485","0.515","-1266","1266","15.20","13003","6191"
4,"2014-11-19",7898,"train","9357","8860","9101","0.485","0.515","-1203","1203","15.23","12507","5695"
4,"2014-11-20",7866,"train","9513","9002","9250","0.485","0.515","-1384","1384","17.59","12656","5844"
4,"2014-11-21",8319,"train","9928","9408","9660","0.485","0.515","-1341","1341","16.12","13066","6254"
4,"2014-11-22",10552,"train","10558","10045","10294","0.485","0.515","258","258","2.45","13700","6888"
4,"2014-11-24",12053,"train","11383","10874","11121","0.485","0.515","932","932","7.73","14527","7715"
4,"2014-11-25",11402,"train","9866","9354","9602","0.485","0.515","1800","1800","15.79","13008","6196"
4,"2014-11-26",10083,"train","9368","8860","9106","0.485","0.515","977","977","9.69","12512","5700"
4,"2014-11-27",10512,"train","9524","9002","9255","0.485","0.515","1257","1257","11.96","12661","5849"
4,"2014-11-28",13832,"train","9939","9408","9666","0.485","0.515","4166","4166","30.12","13072","6260"
4,"2014-11-29",14052,"train","10569","10045","10299","0.485","0.515","3753","3753","26.71","13705","6893"
4,"2014-12-01",12359,"train","13378","10874","12088","0.485","0.515","271","271","2.19","15494","8682"
4,"2014-12-02",11114,"train","11862","9354","10570","0.485","0.515","544","544","4.89","13976","7164"
4,"2014-12-03",11716,"train","11364","8860","10074","0.485","0.515","1642","1642","14.02","13480","6668"
4,"2014-12-04",10657,"train","11520","9002","10223","0.485","0.515","434","434","4.07","13629","6817"
4,"2014-12-05",11831,"train","11935","9408","10634","0.485","0.515","1197","1197","10.12","14040","7228"
4,"2014-12-06",11624,"train","12565","10045","11267","0.485","0.515","357","357","3.07","14673","7861"
4,"2014-12-08",9556,"train","13389","10874","12094","0.485","0.515","-2538","2538","26.56","15500","8688"
4,"2014-12-09",8426,"train","11873","9354","10576","0.485","0.515","-2150","2150","25.52","13982","7170"
4,"2014-12-10",8042,"train","11375","8860","10080","0.485","0.515","-2038","2038","25.34","13486","6674"
4,"2014-12-11",8522,"train","11531","9002","10229","0.485","0.515","-1707","1707","20.03","13635","6823"
4,"2014-12-12",8403,"train","11946","9408","10639","0.485","0.515","-2236","2236","26.61","14045","7233"
4,"2014-12-13",11953,"train","12576","10045","11273","0.485","0.515","680","680","5.69","14679","7867"
4,"2014-12-15",15110,"train","13400","10874","12099","0.485","0.515","3011","3011","19.93","15505","8693"
4,"2014-12-16",12776,"train","11884","9354","10581","0.485","0.515","2195","2195","17.18","13987","7175"
4,"2014-12-17",13087,"train","11386","8860","10085","0.485","0.515","3002","3002","22.94","13491","6679"
4,"2014-12-18",13183,"train","11542","9002","10234","0.485","0.515","2949","2949","22.37","13640","6828"
4,"2014-12-19",13591,"train","11957","9408","10644","0.485","0.515","2947","2947","21.68","14050","7238"
4,"2014-12-20",13884,"train","12587","10045","11278","0.485","0.515","2606","2606","18.77","14684","7872"
4,"2014-12-22",14572,"train","13411","10874","12104","0.485","0.515","2468","2468","16.94","15510","8698"
4,"2014-12-23",15839,"train","11895","9354","10586","0.485","0.515","5253","5253","33.16","13992","7180"
4,"2014-12-24",6551,"train","11397","8860","10090","0.485","0.515","-3539","3539","54.02","13496","6684"
4,"2014-12-27",12724,"train","12594","10045","11281","0.485","0.515","1443","1443","11.34","14687","7875"
4,"2014-12-29",13543,"train","13419","10874","12108","0.485","0.515","1435","1435","10.60","15514","8702"
4,"2014-12-30",16860,"train","11903","9354","10590","0.485","0.515","6270","6270","37.19","13996","7184"
4,"2014-12-31",10152,"train","11404","8860","10094","0.485","0.515","58","58","0.57","13500","6688"
4,"2015-01-02",10737,"test","9567","9408","9485","0.485","0.515","1252","1252","11.66","12891","6079"
4,"2015-01-03",9751,"test","10197","10045","10119","0.485","0.515","-368","368","3.77","13525","6713"
4,"2015-01-05",11177,"test","11022","10874","10946","0.485","0.515","231","231","2.07","14352","7540"
4,"2015-01-06",10509,"test","9506","9354","9428","0.485","0.515","1081","1081","10.29","12834","6022"
4,"2015-01-07",9024,"test","9007","8860","8931","0.485","0.515","93","93","1.03","12337","5525"
4,"2015-01-08",8257,"test","9163","9002","9080","0.485","0.515","-823","823","9.97","12486","5674"
4,"2015-01-09",8658,"test","9578","9408","9490","0.485","0.515","-832","832","9.61","12896","6084"
4,"2015-01-10",10693,"test","10208","10045","10124","0.485","0.515","569","569","5.32","13530","6718"
4,"2015-01-12",11124,"test","11033","10874","10951","0.485","0.515","173","173","1.56","14357","7545"
4,"2015-01-13",8851,"test","9517","9354","9433","0.485","0.515","-582","582","6.58","12839","6027"
4,"2015-01-14",9284,"test","9018","8860","8937","0.485","0.515","347","347","3.74","12343","5531"
4,"2015-01-15",9584,"test","9174","9002","9085","0.485","0.515","499","499","5.21","12491","5679"
4,"2015-01-16",9008,"test","9589","9408","9496","0.485","0.515","-488","488","5.42","12902","6090"
4,"2015-01-17",9655,"test","10219","10045","10129","0.485","0.515","-474","474","4.91","13535","6723"
4,"2015-01-19",8825,"test","11044","10874","10956","0.485","0.515","-2131","2131","24.15","14362","7550"
4,"2015-01-20",7308,"test","9528","9354","9438","0.485","0.515","-2130","2130","29.15","12844","6032"
4,"2015-01-21",7456,"test","9029","8860","8942","0.485","0.515","-1486","1486","19.93","12348","5536"
4,"2015-01-22",7239,"test","9185","9002","9091","0.485","0.515","-1852","1852","25.58","12497","5685"
4,"2015-01-23",7638,"test","9600","9408","9501","0.485","0.515","-1863","1863","24.39","12907","6095"
4,"2015-01-24",9401,"test","10230","10045","10135","0.485","0.515","-734","734","7.81","13541","6729"
4,"2015-01-26",10174,"test","11055","10874","10962","0.485","0.515","-788","788","7.75","14368","7556"
4,"2015-01-27",9088,"test","9539","9354","9444","0.485","0.515","-356","356","3.92","12850","6038"
4,"2015-01-28",8520,"test","9040","8860","8947","0.485","0.515","-427","427","5.01","12353","5541"
4,"2015-01-29",9614,"test","9196","9002","9096","0.485","0.515","518","518","5.39","12502","5690"
4,"2015-01-30",13307,"test","9611","9408","9506","0.485","0.515","3801","3801","28.56","12912","6100"
4,"2015-01-31",11904,"test","10241","10045","10140","0.485","0.515","1764","1764","14.82","13546","6734"
4,"2015-02-02",13120,"test","11576","10874","11214","0.485","0.515","1906","1906","14.53","14620","7808"
4,"2015-02-03",11230,"test","10059","9354","9696","0.485","0.515","1534","1534","13.66","13102","6290"
4,"2015-02-04",9571,"test","9561","8860","9200","0.485","0.515","371","371","3.88","12606","5794"
4,"2015-02-05",9882,"test","9717","9002","9349","0.485","0.515","533","533","5.39","12755","5943"
4,"2015-02-06",10985,"test","10132","9408","9759","0.485","0.515","1226","1226","11.16","13165","6353"
4,"2015-02-07",10042,"test","10762","10045","10393","0.485","0.515","-351","351","3.50","13799","6987"
4,"2015-02-09",8940,"test","11587","10874","11220","0.485","0.515","-2280","2280","25.50","14626","7814"
4,"2015-02-10",7914,"test","10070","9354","9701","0.485","0.515","-1787","1787","22.58","13107","6295"
4,"2015-02-11",7317,"test","9572","8860","9205","0.485","0.515","-1888","1888","25.80","12611","5799"
4,"2015-02-12",8239,"test","9728","9002","9354","0.485","0.515","-1115","1115","13.53","12760","5948"
4,"2015-02-13",8628,"test","10143","9408","9764","0.485","0.515","-1136","1136","13.17","13170","6358"
4,"2015-02-14",10274,"test","10773","10045","10398","0.485","0.515","-124","124","1.21","13804","6992"
4,"2015-02-16",11092,"test","11598","10874","11225","0.485","0.515","-133","133","1.20","14631","7819"
4,"2015-02-17",9657,"test","10081","9354","9707","0.485","0.515","-50","50","0.52","13113","6301"
4,"2015-02-18",8794,"test","9583","8860","9211","0.485","0.515","-417","417","4.74","12617","5805"
4,"2015-02-19",9114,"test","9739","9002","9359","0.485","0.515","-245","245","2.69","12765","5953"
4,"2015-02-20",10421,"test","10154","9408","9770","0.485","0.515","651","651","6.25","13176","6364"
4,"2015-02-21",9847,"test","10784","10045","10403","0.485","0.515","-556","556","5.65","13809","6997"
4,"2015-02-23",8328,"test","11609","10874","11230","0.485","0.515","-2902","2902","34.85","14636","7824"
4,"2015-02-24",7611,"test","10092","9354","9712","0.485","0.515","-2101","2101","27.60","13118","6306"
4,"2015-02-25",8051,"test","9594","8860","9216","0.485","0.515","-1165","1165","14.47","12622","5810"
4,"2015-02-26",8080,"test","9750","9002","9365","0.485","0.515","-1285","1285","15.90","12771","5959"
4,"2015-02-27",10243,"test","10165","9408","9775","0.485","0.515","468","468","4.57","13181","6369"
4,"2015-02-28",11487,"test","10795","10045","10409","0.485","0.515","1078","1078","9.38","13815","7003"
4,"2015-03-02",12899,"test","11757","10874","11302","0.485","0.515","1597","1597","12.38","14708","7896"
4,"2015-03-03",11093,"test","10240","9354","9784","0.485","0.515","1309","1309","11.80","13190","6378"
4,"2015-03-04",9881,"test","9742","8860","9288","0.485","0.515","593","593","6.00","12694","5882"
4,"2015-03-05",10428,"test","9898","9002","9437","0.485","0.515","991","991","9.50","12843","6031"
4,"2015-03-06",10130,"test","10313","9408","9847","0.485","0.515","283","283","2.79","13253","6441"
4,"2015-03-07",10213,"test","10943","10045","10481","0.485","0.515","-268","268","2.62","13887","7075"
4,"2015-03-09",8284,"test","11767","10874","11307","0.485","0.515","-3023","3023","36.49","14713","7901"
4,"2015-03-10",7637,"test","10251","9354","9789","0.485","0.515","-2152","2152","28.18","13195","6383"
4,"2015-03-11",7612,"test","9753","8860","9293","0.485","0.515","-1681","1681","22.08","12699","5887"
4,"2015-03-12",7046,"test","9909","9002","9442","0.485","0.515","-2396","2396","34.01","12848","6036"
4,"2015-03-13",8271,"test","10324","9408","9852","0.485","0.515","-1581","1581","19.11","13258","6446"
4,"2015-03-14",10105,"test","10954","10045","10486","0.485","0.515","-381","381","3.77","13892","7080"
4,"2015-03-16",11977,"test","11778","10874","11312","0.485","0.515","665","665","5.55","14718","7906"
4,"2015-03-17",9733,"test","10262","9354","9794","0.485","0.515","-61","61","0.63","13200","6388"
4,"2015-03-18",9074,"test","9764","8860","9298","0.485","0.515","-224","224","2.47","12704","5892"
4,"2015-03-19",9107,"test","9920","9002","9447","0.485","0.515","-340","340","3.73","12853","6041"
4,"2015-03-20",9421,"test","10335","9408","9858","0.485","0.515","-437","437","4.64","13264","6452"
4,"2015-03-21",10012,"test","10965","10045","10491","0.485","0.515","-479","479","4.78","13897","7085"
4,"2015-03-23",8823,"test","11789","10874","11318","0.485","0.515","-2495","2495","28.28","14724","7912"
4,"2015-03-24",7470,"test","10273","9354","9800","0.485","0.515","-2330","2330","31.19","13206","6394"
4,"2015-03-25",6681,"test","9775","8860","9304","0.485","0.515","-2623","2623","39.26","12710","5898"
4,"2015-03-26",7369,"test","9931","9002","9453","0.485","0.515","-2084","2084","28.28","12859","6047"
4,"2015-03-27",8210,"test","10346","9408","9863","0.485","0.515","-1653","1653","20.13","13269","6457"
4,"2015-03-28",10540,"test","10976","10045","10497","0.485","0.515","43","43","0.41","13903","7091"
4,"2015-03-30",13117,"test","11800","10874","11323","0.485","0.515","1794","1794","13.68","14729","7917"
4,"2015-03-31",14451,"test","10284","9354","9805","0.485","0.515","4646","4646","32.15","13211","6399"
4,"2015-04-01",13731,"test","9434","8860","9138","0.485","0.515","4593","4593","33.45","12544","5732"
4,"2015-04-02",17311,"test","9590","9002","9287","0.485","0.515","8024","8024","46.35","12693","5881"
4,"2015-04-04",15018,"test","10633","10045","10330","0.485","0.515","4688","4688","31.22","13736","6924"
4,"2015-04-07",11354,"test","9940","9354","9638","0.485","0.515","1716","1716","15.11","13044","6232"
4,"2015-04-08",9174,"test","9441","8860","9142","0.485","0.515","32","32","0.35","12548","5736"
4,"2015-04-09",8556,"test","9597","9002","9291","0.485","0.515","-735","735","8.59","12697","5885"
4,"2015-04-10",7944,"test","10012","9408","9701","0.485","0.515","-1757","1757","22.12","13107","6295"
4,"2015-04-11",9494,"test","10642","10045","10335","0.485","0.515","-841","841","8.86","13741","6929"
4,"2015-04-13",11303,"test","11467","10874","11162","0.485","0.515","141","141","1.25","14568","7756"
4,"2015-04-14",10050,"test","9950","9354","9643","0.485","0.515","407","407","4.05","13049","6237"
4,"2015-04-15",9130,"test","9452","8860","9147","0.485","0.515","-17","17","0.19","12553","5741"
4,"2015-04-16",9818,"test","9608","9002","9296","0.485","0.515","522","522","5.32","12702","5890"
4,"2015-04-17",10025,"test","10023","9408","9706","0.485","0.515","319","319","3.18","13112","6300"
4,"2015-04-18",11196,"test","10653","10045","10340","0.485","0.515","856","856","7.65","13746","6934"
4,"2015-04-20",8537,"test","11478","10874","11167","0.485","0.515","-2630","2630","30.81","14573","7761"
4,"2015-04-21",6791,"test","9961","9354","9648","0.485","0.515","-2857","2857","42.07","13054","6242"
4,"2015-04-22",7444,"test","9463","8860","9152","0.485","0.515","-1708","1708","22.94","12558","5746"
4,"2015-04-23",7021,"test","9619","9002","9301","0.485","0.515","-2280","2280","32.47","12707","5895"
4,"2015-04-24",7175,"test","10034","9408","9712","0.485","0.515","-2537","2537","35.36","13118","6306"
4,"2015-04-25",8571,"test","10664","10045","10345","0.485","0.515","-1774","1774","20.70","13751","6939"
4,"2015-04-27",12168,"test","11489","10874","11172","0.485","0.515","996","996","8.19","14578","7766"
4,"2015-04-28",10751,"test","9972","9354","9654","0.485","0.515","1097","1097","10.20","13060","6248"
4,"2015-04-29",9420,"test","9474","8860","9158","0.485","0.515","262","262","2.78","12564","5752"
4,"2015-04-30",16106,"test","9630","9002","9307","0.485","0.515","6799","6799","42.21","12713","5901"
4,"2015-05-02",12750,"test","10953","10045","10485","0.485","0.515","2265","2265","17.76","13891","7079"
4,"2015-05-04",11942,"test","11778","10874","11312","0.485","0.515","630","630","5.28","14718","7906"
4,"2015-05-05",9583,"test","10262","9354","9794","0.485","0.515","-211","211","2.20","13200","6388"
4,"2015-05-06",10287,"test","9763","8860","9298","0.485","0.515","989","989","9.61","12704","5892"
4,"2015-05-07",9842,"test","9919","9002","9447","0.485","0.515","395","395","4.01","12853","6041"
4,"2015-05-08",10153,"test","10334","9408","9857","0.485","0.515","296","296","2.92","13263","6451"
4,"2015-05-09",10637,"test","10964","10045","10491","0.485","0.515","146","146","1.37","13897","7085"
4,"2015-05-11",8023,"test","11789","10874","11318","0.485","0.515","-3295","3295","41.07","14724","7912"
4,"2015-05-12",7543,"test","10272","9354","9799","0.485","0.515","-2256","2256","29.91","13205","6393"
4,"2015-05-13",10041,"test","9774","8860","9303","0.485","0.515","738","738","7.35","12709","5897"
4,"2015-05-15",10705,"test","10343","9408","9861","0.485","0.515","844","844","7.88","13267","6455"
4,"2015-05-16",10957,"test","10973","10045","10495","0.485","0.515","462","462","4.22","13901","7089"
4,"2015-05-18",11421,"test","11798","10874","11322","0.485","0.515","99","99","0.87","14728","7916"
4,"2015-05-19",9930,"test","10282","9354","9804","0.485","0.515","126","126","1.27","13210","6398"
4,"2015-05-20",10393,"test","9783","8860","9308","0.485","0.515","1085","1085","10.44","12714","5902"
4,"2015-05-21",8985,"test","9939","9002","9456","0.485","0.515","-471","471","5.24","12862","6050"
4,"2015-05-22",9480,"test","10354","9408","9867","0.485","0.515","-387","387","4.08","13273","6461"
4,"2015-05-23",10118,"test","10984","10045","10500","0.485","0.515","-382","382","3.78","13906","7094"
4,"2015-05-26",10587,"test","10291","9354","9808","0.485","0.515","779","779","7.36","13214","6402"
4,"2015-05-27",8305,"test","9793","8860","9313","0.485","0.515","-1008","1008","12.14","12719","5907"
4,"2015-05-28",8550,"test","9948","9002","9461","0.485","0.515","-911","911","10.65","12867","6055"
4,"2015-05-29",10529,"test","10363","9408","9871","0.485","0.515","658","658","6.25","13277","6465"
4,"2015-05-30",12187,"test","10993","10045","10505","0.485","0.515","1682","1682","13.80","13911","7099"
4,"2015-06-01",13727,"test","11696","10874","11273","0.485","0.515","2454","2454","17.88","14679","7867"
4,"2015-06-02",11222,"test","10180","9354","9755","0.485","0.515","1467","1467","13.07","13161","6349"
4,"2015-06-03",10621,"test","9682","8860","9259","0.485","0.515","1362","1362","12.82","12665","5853"
4,"2015-06-04",10200,"test","9837","9002","9407","0.485","0.515","793","793","7.77","12813","6001"
4,"2015-06-05",10416,"test","10252","9408","9817","0.485","0.515","599","599","5.75","13223","6411"
4,"2015-06-06",8218,"test","10882","10045","10451","0.485","0.515","-2233","2233","27.17","13857","7045"
4,"2015-06-08",9640,"test","11707","10874","11278","0.485","0.515","-1638","1638","16.99","14684","7872"
4,"2015-06-09",8002,"test","10191","9354","9760","0.485","0.515","-1758","1758","21.97","13166","6354"
4,"2015-06-10",7445,"test","9693","8860","9264","0.485","0.515","-1819","1819","24.43","12670","5858"
4,"2015-06-11",7407,"test","9848","9002","9412","0.485","0.515","-2005","2005","27.07","12818","6006"
4,"2015-06-12",7889,"test","10263","9408","9823","0.485","0.515","-1934","1934","24.52","13229","6417"
4,"2015-06-13",9779,"test","10893","10045","10456","0.485","0.515","-677","677","6.92","13862","7050"
4,"2015-06-15",12398,"test","11718","10874","11283","0.485","0.515","1115","1115","8.99","14689","7877"
4,"2015-06-16",10671,"test","10202","9354","9765","0.485","0.515","906","906","8.49","13171","6359"
4,"2015-06-17",9685,"test","9703","8860","9269","0.485","0.515","416","416","4.30","12675","5863"
4,"2015-06-18",8880,"test","9859","9002","9418","0.485","0.515","-538","538","6.06","12824","6012"
4,"2015-06-19",9686,"test","10274","9408","9828","0.485","0.515","-142","142","1.47","13234","6422"
4,"2015-06-20",9374,"test","10904","10045","10462","0.485","0.515","-1088","1088","11.61","13868","7056"
4,"2015-06-22",9118,"test","11729","10874","11289","0.485","0.515","-2171","2171","23.81","14695","7883"
4,"2015-06-23",7635,"test","10213","9354","9771","0.485","0.515","-2136","2136","27.98","13177","6365"
4,"2015-06-24",8048,"test","9714","8860","9274","0.485","0.515","-1226","1226","15.23","12680","5868"
4,"2015-06-25",7111,"test","9870","9002","9423","0.485","0.515","-2312","2312","32.51","12829","6017"
4,"2015-06-26",7684,"test","10285","9408","9833","0.485","0.515","-2149","2149","27.97","13239","6427"
4,"2015-06-27",8989,"test","10915","10045","10467","0.485","0.515","-1478","1478","16.44","13873","7061"
4,"2015-06-29",11692,"test","11740","10874","11294","0.485","0.515","398","398","3.40","14700","7888"
4,"2015-06-30",13106,"test","10224","9354","9776","0.485","0.515","3330","3330","25.41","13182","6370"
4,"2015-07-01",11216,"test","9129","8860","8990","0.485","0.515","2226","2226","19.85","12396","5584"
4,"2015-07-02",10323,"test","9285","9002","9139","0.485","0.515","1184","1184","11.47","12545","5733"
4,"2015-07-03",11543,"test","9700","9408","9550","0.485","0.515","1993","1993","17.27","12956","6144"
4,"2015-07-04",9358,"test","10330","10045","10183","0.485","0.515","-825","825","8.82","13589","6777"
4,"2015-07-06",9967,"test","11155","10874","11010","0.485","0.515","-1043","1043","10.46","14416","7604"
4,"2015-07-07",8127,"test","9639","9354","9492","0.485","0.515","-1365","1365","16.80","12898","6086"
4,"2015-07-08",8620,"test","9140","8860","8996","0.485","0.515","-376","376","4.36","12402","5590"
4,"2015-07-09",9093,"test","9296","9002","9145","0.485","0.515","-52","52","0.57","12551","5739"
4,"2015-07-10",9177,"test","9711","9408","9555","0.485","0.515","-378","378","4.12","12961","6149"
4,"2015-07-11",10996,"test","10341","10045","10189","0.485","0.515","807","807","7.34","13595","6783"
4,"2015-07-13",13550,"test","11166","10874","11016","0.485","0.515","2534","2534","18.70","14422","7610"
4,"2015-07-14",12315,"test","9650","9354","9498","0.485","0.515","2817","2817","22.87","12904","6092"
4,"2015-07-15",11126,"test","9151","8860","9001","0.485","0.515","2125","2125","19.10","12407","5595"
4,"2015-07-16",11432,"test","9307","9002","9150","0.485","0.515","2282","2282","19.96","12556","5744"
4,"2015-07-17",10514,"test","9722","9408","9560","0.485","0.515","954","954","9.07","12966","6154"
4,"2015-07-18",9703,"test","10352","10045","10194","0.485","0.515","-491","491","5.06","13600","6788"
4,"2015-07-20",10283,"test","11177","10874","11021","0.485","0.515","-738","738","7.18","14427","7615"
4,"2015-07-21",9176,"test","9660","9354","9502","0.485","0.515","-326","326","3.55","12908","6096"
4,"2015-07-22",8503,"test","9162","8860","9006","0.485","0.515","-503","503","5.92","12412","5600"
4,"2015-07-23",7286,"test","9318","9002","9155","0.485","0.515","-1869","1869","25.65","12561","5749"
4,"2015-07-24",8322,"test","9733","9408","9566","0.485","0.515","-1244","1244","14.95","12972","6160"
4,"2015-07-25",9322,"test","10363","10045","10199","0.485","0.515","-877","877","9.41","13605","6793"
4,"2015-07-27",11812,"test","11188","10874","11026","0.485","0.515","786","786","6.65","14432","7620"
4,"2015-07-28",10275,"test","9671","9354","9508","0.485","0.515","767","767","7.46","12914","6102"
4,"2015-07-29",10514,"test","9173","8860","9012","0.485","0.515","1502","1502","14.29","12418","5606"
4,"2015-07-30",10387,"test","9329","9002","9161","0.485","0.515","1226","1226","11.80","12567","5755"
4,"2015-07-31",13995,"test","9744","9408","9571","0.485","0.515","4424","4424","31.61","12977","6165"
5,"2013-01-18",4227,"train","4360","4910","4647","0.478","0.522","-420","420","9.94","6981","2313"
5,"2013-01-19",1698,"train","1522","2076","1811","0.478","0.522","-113","113","6.65","4145","-523"
5,"2013-01-21",6217,"train","5628","6184","5918","0.478","0.522","299","299","4.81","8252","3584"
5,"2013-01-22",5680,"train","4534","5087","4823","0.478","0.522","857","857","15.09","7157","2489"
5,"2013-01-23",6110,"train","4686","5240","4975","0.478","0.522","1135","1135","18.58","7309","2641"
5,"2013-01-24",4397,"train","4261","4812","4549","0.478","0.522","-152","152","3.46","6883","2215"
5,"2013-01-25",4960,"train","4364","4910","4649","0.478","0.522","311","311","6.27","6983","2315"
5,"2013-01-26",1570,"train","1526","2076","1813","0.478","0.522","-243","243","15.48","4147","-521"
5,"2013-01-28",3089,"train","5632","6184","5920","0.478","0.522","-2831","2831","91.65","8254","3586"
5,"2013-01-29",3569,"train","4538","5087","4825","0.478","0.522","-1256","1256","35.19","7159","2491"
5,"2013-01-30",4273,"train","4690","5240","4977","0.478","0.522","-704","704","16.48","7311","2643"
5,"2013-01-31",4392,"train","4265","4812","4551","0.478","0.522","-159","159","3.62","6885","2217"
5,"2013-02-01",4241,"train","4459","4910","4694","0.478","0.522","-453","453","10.68","7028","2360"
5,"2013-02-02",1757,"train","1621","2076","1859","0.478","0.522","-102","102","5.81","4193","-475"
5,"2013-02-04",6846,"train","5727","6184","5966","0.478","0.522","880","880","12.85","8300","3632"
5,"2013-02-05",5662,"train","4632","5087","4870","0.478","0.522","792","792","13.99","7204","2536"
5,"2013-02-06",5724,"train","4785","5240","5023","0.478","0.522","701","701","12.25","7357","2689"
5,"2013-02-07",4889,"train","4360","4812","4596","0.478","0.522","293","293","5.99","6930","2262"
5,"2013-02-08",4764,"train","4462","4910","4696","0.478","0.522","68","68","1.43","7030","2362"
5,"2013-02-09",1709,"train","1625","2076","1860","0.478","0.522","-151","151","8.84","4194","-474"
5,"2013-02-11",3978,"train","5731","6184","5967","0.478","0.522","-1989","1989","50.00","8301","3633"
5,"2013-02-12",3178,"train","4636","5087","4871","0.478","0.522","-1693","1693","53.27","7205","2537"
5,"2013-02-13",4412,"train","4789","5240","5024","0.478","0.522","-612","612","13.87","7358","2690"
5,"2013-02-14",3908,"train","4364","4812","4598","0.478","0.522","-690","690","17.66","6932","2264"
5,"2013-02-15",3811,"train","4466","4910","4698","0.478","0.522","-887","887","23.27","7032","2364"
5,"2013-02-16",1740,"train","1629","2076","1862","0.478","0.522","-122","122","7.01","4196","-472"
5,"2013-02-18",8397,"train","5735","6184","5969","0.478","0.522","2428","2428","28.92","8303","3635"
5,"2013-02-19",3906,"train","4640","5087","4873","0.478","0.522","-967","967","24.76","7207","2539"
5,"2013-02-20",5517,"train","4793","5240","5026","0.478","0.522","491","491","8.90","7360","2692"
5,"2013-02-21",4778,"train","4367","4812","4599","0.478","0.522","179","179","3.75","6933","2265"
5,"2013-02-22",4874,"train","4470","4910","4700","0.478","0.522","174","174","3.57","7034","2366"
5,"2013-02-23",1425,"train","1633","2076","1864","0.478","0.522","-439","439","30.81","4198","-470"
5,"2013-02-25",3372,"train","5738","6184","5971","0.478","0.522","-2599","2599","77.08","8305","3637"
5,"2013-02-26",3664,"train","4644","5087","4875","0.478","0.522","-1211","1211","33.05","7209","2541"
5,"2013-02-27",3634,"train","4797","5240","5028","0.478","0.522","-1394","1394","38.36","7362","2694"
5,"2013-02-28",4940,"train","4371","4812","4601","0.478","0.522","339","339","6.86","6935","2267"
5,"2013-03-01",4082,"train","4550","4910","4738","0.478","0.522","-656","656","16.07","7072","2404"
5,"2013-03-02",1939,"train","1713","2076","1902","0.478","0.522","37","37","1.91","4236","-432"
5,"2013-03-04",7926,"train","5818","6184","6009","0.478","0.522","1917","1917","24.19","8343","3675"
5,"2013-03-05",6131,"train","4724","5087","4913","0.478","0.522","1218","1218","19.87","7247","2579"
5,"2013-03-06",6027,"train","4877","5240","5066","0.478","0.522","961","961","15.94","7400","2732"
5,"2013-03-07",4430,"train","4451","4812","4639","0.478","0.522","-209","209","4.72","6973","2305"
5,"2013-03-08",4744,"train","4554","4910","4740","0.478","0.522","4","4","0.08","7074","2406"
5,"2013-03-09",1558,"train","1716","2076","1904","0.478","0.522","-346","346","22.21","4238","-430"
5,"2013-03-11",3343,"train","5822","6184","6011","0.478","0.522","-2668","2668","79.81","8345","3677"
5,"2013-03-12",2809,"train","4728","5087","4915","0.478","0.522","-2106","2106","74.97","7249","2581"
5,"2013-03-13",3486,"train","4880","5240","5068","0.478","0.522","-1582","1582","45.38","7402","2734"
5,"2013-03-14",3488,"train","4455","4812","4641","0.478","0.522","-1153","1153","33.06","6975","2307"
5,"2013-03-15",3839,"train","4558","4910","4742","0.478","0.522","-903","903","23.52","7076","2408"
5,"2013-03-16",1717,"train","1720","2076","1906","0.478","0.522","-189","189","11.01","4240","-428"
5,"2013-03-18",7297,"train","5826","6184","6013","0.478","0.522","1284","1284","17.60","8347","3679"
5,"2013-03-19",4930,"train","4732","5087","4917","0.478","0.522","13","13","0.26","7251","2583"
5,"2013-03-20",6085,"train","4884","5240","5070","0.478","0.522","1015","1015","16.68","7404","2736"
5,"2013-03-21",5027,"train","4459","4812","4643","0.478","0.522","384","384","7.64","6977","2309"
5,"2013-03-22",4862,"train","4561","4910","4743","0.478","0.522","119","119","2.45","7077","2409"
5,"2013-03-23",2153,"train","1724","2076","1908","0.478","0.522","245","245","11.38","4242","-426"
5,"2013-03-25",7563,"train","5830","6184","6015","0.478","0.522","1548","1548","20.47","8349","3681"
5,"2013-03-26",6086,"train","4735","5087","4919","0.478","0.522","1167","1167","19.18","7253","2585"
5,"2013-03-27",6477,"train","4888","5240","5072","0.478","0.522","1405","1405","21.69","7406","2738"
5,"2013-03-28",7945,"train","4463","4812","4645","0.478","0.522","3300","3300","41.54","6979","2311"
5,"2013-03-30",2916,"train","1727","2076","1909","0.478","0.522","1007","1007","34.53","4243","-425"
5,"2013-04-02",4436,"train","4786","5087","4943","0.478","0.522","-507","507","11.43","7277","2609"
5,"2013-04-03",4247,"train","4939","5240","5096","0.478","0.522","-849","849","19.99","7430","2762"
5,"2013-04-04",3875,"train","4513","4812","4669","0.478","0.522","-794","794","20.49","7003","2335"
5,"2013-04-05",3949,"train","4616","4910","4769","0.478","0.522","-820","820","20.76","7103","2435"
5,"2013-04-06",1571,"train","1779","2076","1934","0.478","0.522","-363","363","23.11","4268","-400"
5,"2013-04-08",6817,"train","5884","6184","6041","0.478","0.522","776","776","11.38","8375","3707"
5,"2013-04-09",5204,"train","4790","5087","4945","0.478","0.522","259","259","4.98","7279","2611"
5,"2013-04-10",5698,"train","4942","5240","5098","0.478","0.522","600","600","10.53","7432","2764"
5,"2013-04-11",4509,"train","4517","4812","4671","0.478","0.522","-162","162","3.59","7005","2337"
5,"2013-04-12",4767,"train","4620","4910","4771","0.478","0.522","-4","4","0.08","7105","2437"
5,"2013-04-13",1515,"train","1782","2076","1935","0.478","0.522","-420","420","27.72","4269","-399"
5,"2013-04-15",3344,"train","5888","6184","6043","0.478","0.522","-2699","2699","80.71","8377","3709"
5,"2013-04-16",3367,"train","4794","5087","4947","0.478","0.522","-1580","1580","46.93","7281","2613"
5,"2013-04-17",3636,"train","4946","5240","5099","0.478","0.522","-1463","1463","40.24","7433","2765"
5,"2013-04-18",3280,"train","4521","4812","4673","0.478","0.522","-1393","1393","42.47","7007","2339"
5,"2013-04-19",3596,"train","4624","4910","4773","0.478","0.522","-1177","1177","32.73","7107","2439"
5,"2013-04-20",2152,"train","1786","2076","1937","0.478","0.522","215","215","9.99","4271","-397"
5,"2013-04-22",6458,"train","5892","6184","6044","0.478","0.522","414","414","6.41","8378","3710"
5,"2013-04-23",4859,"train","4798","5087","4949","0.478","0.522","-90","90","1.85","7283","2615"
5,"2013-04-24",5076,"train","4950","5240","5101","0.478","0.522","-25","25","0.49","7435","2767"
5,"2013-04-25",4775,"train","4525","4812","4675","0.478","0.522","100","100","2.09","7009","2341"
5,"2013-04-26",4228,"train","4627","4910","4775","0.478","0.522","-547","547","12.94","7109","2441"
5,"2013-04-27",1428,"train","1790","2076","1939","0.478","0.522","-511","511","35.78","4273","-395"
5,"2013-04-29",6967,"train","5896","6184","6046","0.478","0.522","921","921","13.22","8380","3712"
5,"2013-04-30",6387,"train","4801","5087","4950","0.478","0.522","1437","1437","22.50","7284","2616"
5,"2013-05-02",6347,"train","4558","4812","4691","0.478","0.522","1656","1656","26.09","7025","2357"
5,"2013-05-03",5531,"train","4661","4910","4791","0.478","0.522","740","740","13.38","7125","2457"
5,"2013-05-04",1922,"train","1823","2076","1955","0.478","0.522","-33","33","1.72","4289","-379"
5,"2013-05-06",3895,"train","5929","6184","6062","0.478","0.522","-2167","2167","55.64","8396","3728"
5,"2013-05-07",3961,"train","4835","5087","4967","0.478","0.522","-1006","1006","25.40","7301","2633"
5,"2013-05-08",4680,"train","4987","5240","5119","0.478","0.522","-439","439","9.38","7453","2785"
5,"2013-05-10",4937,"train","4664","4910","4792","0.478","0.522","145","145","2.94","7126","2458"
5,"2013-05-11",1788,"train","1827","2076","1957","0.478","0.522","-169","169","9.45","4291","-377"
5,"2013-05-13",6862,"train","5932","6184","6064","0.478","0.522","798","798","11.63","8398","3730"
5,"2013-05-14",5587,"train","4838","5087","4968","0.478","0.522","619","619","11.08","7302","2634"
5,"2013-05-15",5443,"train","4990","5240","5121","0.478","0.522","322","322","5.92","7455","2787"
5,"2013-05-16",4790,"train","4565","4812","4694","0.478","0.522","96","96","2.00","7028","2360"
5,"2013-05-17",5354,"train","4668","4910","4794","0.478","0.522","560","560","10.46","7128","2460"
5,"2013-05-18",1939,"train","1830","2076","1958","0.478","0.522","-19","19","0.98","4292","-376"
5,"2013-05-21",4495,"train","4841","5087","4969","0.478","0.522","-474","474","10.55","7303","2635"
5,"2013-05-22",4381,"train","4994","5240","5122","0.478","0.522","-741","741","16.91","7456","2788"
5,"2013-05-23",3930,"train","4568","4812","4695","0.478","0.522","-765","765","19.47","7029","2361"
5,"2013-05-24",3830,"train","4671","4910","4796","0.478","0.522","-966","966","25.22","7130","2462"
5,"2013-05-25",1668,"train","1834","2076","1960","0.478","0.522","-292","292","17.51","4294","-374"
5,"2013-05-27",6746,"train","5939","6184","6067","0.478","0.522","679","679","10.07","8401","3733"
5,"2013-05-28",5725,"train","4845","5087","4971","0.478","0.522","754","754","13.17","7305","2637"
5,"2013-05-29",5334,"train","4998","5240","5124","0.478","0.522","210","210","3.94","7458","2790"
5,"2013-05-30",5065,"train","4572","4812","4697","0.478","0.522","368","368","7.27","7031","2363"
5,"2013-05-31",6082,"train","4675","4910","4798","0.478","0.522","1284","1284","21.11","7132","2464"
5,"2013-06-01",2157,"train","1818","2076","1953","0.478","0.522","204","204","9.46","4287","-381"
5,"2013-06-04",3374,"train","4829","5087","4964","0.478","0.522","-1590","1590","47.13","7298","2630"
5,"2013-06-05",5349,"train","4982","5240","5117","0.478","0.522","232","232","4.34","7451","2783"
5,"2013-06-06",5235,"train","4556","4812","4690","0.478","0.522","545","545","10.41","7024","2356"
5,"2013-06-07",5056,"train","4659","4910","4790","0.478","0.522","266","266","5.26","7124","2456"
5,"2013-06-08",2163,"train","1822","2076","1955","0.478","0.522","208","208","9.62","4289","-379"
5,"2013-06-10",4745,"train","5927","6184","6061","0.478","0.522","-1316","1316","27.73","8395","3727"
5,"2013-06-11",4368,"train","4833","5087","4966","0.478","0.522","-598","598","13.69","7300","2632"
5,"2013-06-12",4230,"train","4986","5240","5119","0.478","0.522","-889","889","21.02","7453","2785"
5,"2013-06-13",4066,"train","4560","4812","4692","0.478","0.522","-626","626","15.40","7026","2358"
5,"2013-06-14",4487,"train","4663","4910","4792","0.478","0.522","-305","305","6.80","7126","2458"
5,"2013-06-15",1970,"train","1825","2076","1956","0.478","0.522","14","14","0.71","4290","-378"
5,"2013-06-17",8126,"train","5931","6184","6063","0.478","0.522","2063","2063","25.39","8397","3729"
5,"2013-06-18",5853,"train","4837","5087","4968","0.478","0.522","885","885","15.12","7302","2634"
5,"2013-06-19",5594,"train","4989","5240","5120","0.478","0.522","474","474","8.47","7454","2786"
5,"2013-06-20",5315,"train","4564","4812","4693","0.478","0.522","622","622","11.70","7027","2359"
5,"2013-06-21",6029,"train","4667","4910","4794","0.478","0.522","1235","1235","20.48","7128","2460"
5,"2013-06-22",2250,"train","1829","2076","1958","0.478","0.522","292","292","12.98","4292","-376"
5,"2013-06-24",4517,"train","5935","6184","6065","0.478","0.522","-1548","1548","34.27","8399","3731"
5,"2013-06-25",3476,"train","4841","5087","4969","0.478","0.522","-1493","1493","42.95","7303","2635"
5,"2013-06-26",4511,"train","4993","5240","5122","0.478","0.522","-611","611","13.54","7456","2788"
5,"2013-06-27",4646,"train","4568","4812","4695","0.478","0.522","-49","49","1.05","7029","2361"
5,"2013-06-28",5303,"train","4671","4910","4796","0.478","0.522","507","507","9.56","7130","2462"
5,"2013-06-29",2460,"train","1833","2076","1960","0.478","0.522","500","500","20.33","4294","-374"
5,"2013-07-01",9047,"train","6459","6184","6315","0.478","0.522","2732","2732","30.20","8649","3981"
5,"2013-07-02",6652,"train","5364","5087","5219","0.478","0.522","1433","1433","21.54","7553","2885"
5,"2013-07-03",7100,"train","5517","5240","5372","0.478","0.522","1728","1728","24.34","7706","3038"
5,"2013-07-04",6473,"train","5092","4812","4946","0.478","0.522","1527","1527","23.59","7280","2612"
5,"2013-07-05",7054,"train","5194","4910","5046","0.478","0.522","2008","2008","28.47","7380","2712"
5,"2013-07-06",1957,"train","2357","2076","2210","0.478","0.522","-253","253","12.93","4544","-124"
5,"2013-07-08",4896,"train","6463","6184","6317","0.478","0.522","-1421","1421","29.02","8651","3983"
5,"2013-07-09",4758,"train","5368","5087","5221","0.478","0.522","-463","463","9.73","7555","2887"
5,"2013-07-10",5038,"train","5521","5240","5374","0.478","0.522","-336","336","6.67","7708","3040"
5,"2013-07-11",4935,"train","5096","4812","4948","0.478","0.522","-13","13","0.26","7282","2614"
5,"2013-07-12",4885,"train","5198","4910","5048","0.478","0.522","-163","163","3.34","7382","2714"
5,"2013-07-13",2451,"train","2361","2076","2212","0.478","0.522","239","239","9.75","4546","-122"
5,"2013-07-15",9299,"train","6467","6184","6319","0.478","0.522","2980","2980","32.05","8653","3985"
5,"2013-07-16",6027,"train","5372","5087","5223","0.478","0.522","804","804","13.34","7557","2889"
5,"2013-07-17",7126,"train","5525","5240","5376","0.478","0.522","1750","1750","24.56","7710","3042"
5,"2013-07-18",6316,"train","5099","4812","4949","0.478","0.522","1367","1367","21.64","7283","2615"
5,"2013-07-19",6197,"train","5202","4910","5050","0.478","0.522","1147","1147","18.51","7384","2716"
5,"2013-07-20",2231,"train","2365","2076","2214","0.478","0.522","17","17","0.76","4548","-120"
5,"2013-07-22",4704,"train","6470","6184","6321","0.478","0.522","-1617","1617","34.38","8655","3987"
5,"2013-07-23",4533,"train","5376","5087","5225","0.478","0.522","-692","692","15.27","7559","2891"
5,"2013-07-24",4865,"train","5529","5240","5378","0.478","0.522","-513","513","10.54","7712","3044"
5,"2013-07-25",4616,"train","5103","4812","4951","0.478","0.522","-335","335","7.26","7285","2617"
5,"2013-07-26",4432,"train","5206","4910","5051","0.478","0.522","-619","619","13.97","7385","2717"
5,"2013-07-27",2321,"train","2369","2076","2216","0.478","0.522","105","105","4.52","4550","-118"
5,"2013-07-29",8701,"train","6474","6184","6323","0.478","0.522","2378","2378","27.33","8657","3989"
5,"2013-07-30",7217,"train","5380","5087","5227","0.478","0.522","1990","1990","27.57","7561","2893"
5,"2013-07-31",8061,"train","5533","5240","5380","0.478","0.522","2681","2681","33.26","7714","3046"
5,"2013-08-01",6373,"train","4473","4812","4650","0.478","0.522","1723","1723","27.04","6984","2316"
5,"2013-08-02",4907,"train","4576","4910","4750","0.478","0.522","157","157","3.20","7084","2416"
5,"2013-08-03",1778,"train","1738","2076","1914","0.478","0.522","-136","136","7.65","4248","-420"
5,"2013-08-05",4816,"train","5844","6184","6021","0.478","0.522","-1205","1205","25.02","8355","3687"
5,"2013-08-06",4649,"train","4750","5087","4926","0.478","0.522","-277","277","5.96","7260","2592"
5,"2013-08-07",5198,"train","4902","5240","5078","0.478","0.522","120","120","2.31","7412","2744"
5,"2013-08-08",3869,"train","4477","4812","4652","0.478","0.522","-783","783","20.24","6986","2318"
5,"2013-08-09",3932,"train","4580","4910","4752","0.478","0.522","-820","820","20.85","7086","2418"
5,"2013-08-10",2005,"train","1742","2076","1916","0.478","0.522","89","89","4.44","4250","-418"
5,"2013-08-12",7706,"train","5848","6184","6023","0.478","0.522","1683","1683","21.84","8357","3689"
5,"2013-08-13",6858,"train","4754","5087","4928","0.478","0.522","1930","1930","28.14","7262","2594"
5,"2013-08-14",6352,"train","4906","5240","5080","0.478","0.522","1272","1272","20.03","7414","2746"
5,"2013-08-15",5030,"train","4481","4812","4654","0.478","0.522","376","376","7.48","6988","2320"
5,"2013-08-16",5113,"train","4584","4910","4754","0.478","0.522","359","359","7.02","7088","2420"
5,"2013-08-17",1676,"train","1746","2076","1918","0.478","0.522","-242","242","14.44","4252","-416"
5,"2013-08-19",4225,"train","5852","6184","6025","0.478","0.522","-1800","1800","42.60","8359","3691"
5,"2013-08-20",3825,"train","4757","5087","4929","0.478","0.522","-1104","1104","28.86","7263","2595"
5,"2013-08-21",4434,"train","4910","5240","5082","0.478","0.522","-648","648","14.61","7416","2748"
5,"2013-08-22",3534,"train","4485","4812","4656","0.478","0.522","-1122","1122","31.75","6990","2322"
5,"2013-08-23",3879,"train","4587","4910","4756","0.478","0.522","-877","877","22.61","7090","2422"
5,"2013-08-24",1832,"train","1750","2076","1920","0.478","0.522","-88","88","4.80","4254","-414"
5,"2013-08-26",7457,"train","5856","6184","6027","0.478","0.522","1430","1430","19.18","8361","3693"
5,"2013-08-27",6045,"train","4761","5087","4931","0.478","0.522","1114","1114","18.43","7265","2597"
5,"2013-08-28",5919,"train","4914","5240","5084","0.478","0.522","835","835","14.11","7418","2750"
5,"2013-08-29",5720,"train","4489","4812","4658","0.478","0.522","1062","1062","18.57","6992","2324"
5,"2013-08-30",6413,"train","4591","4910","4758","0.478","0.522","1655","1655","25.81","7092","2424"
5,"2013-08-31",2424,"train","1754","2076","1922","0.478","0.522","502","502","20.71","4256","-412"
5,"2013-09-02",4598,"train","5868","6184","6033","0.478","0.522","-1435","1435","31.21","8367","3699"
5,"2013-09-03",4314,"train","4774","5087","4937","0.478","0.522","-623","623","14.44","7271","2603"
5,"2013-09-04",3996,"train","4927","5240","5090","0.478","0.522","-1094","1094","27.38","7424","2756"
5,"2013-09-05",3830,"train","4501","4812","4663","0.478","0.522","-833","833","21.75","6997","2329"
5,"2013-09-06",4242,"train","4604","4910","4764","0.478","0.522","-522","522","12.31","7098","2430"
5,"2013-09-07",1893,"train","1767","2076","1928","0.478","0.522","-35","35","1.85","4262","-406"
5,"2013-09-09",7378,"train","5872","6184","6035","0.478","0.522","1343","1343","18.20","8369","3701"
5,"2013-09-10",6222,"train","4778","5087","4939","0.478","0.522","1283","1283","20.62","7273","2605"
5,"2013-09-11",5958,"train","4931","5240","5092","0.478","0.522","866","866","14.54","7426","2758"
5,"2013-09-12",5298,"train","4505","4812","4665","0.478","0.522","633","633","11.95","6999","2331"
5,"2013-09-13",5274,"train","4608","4910","4766","0.478","0.522","508","508","9.63","7100","2432"
5,"2013-09-14",2001,"train","1771","2076","1930","0.478","0.522","71","71","3.55","4264","-404"
5,"2013-09-16",3940,"train","5876","6184","6037","0.478","0.522","-2097","2097","53.22","8371","3703"
5,"2013-09-17",3846,"train","4782","5087","4941","0.478","0.522","-1095","1095","28.47","7275","2607"
5,"2013-09-18",3753,"train","4934","5240","5094","0.478","0.522","-1341","1341","35.73","7428","2760"
5,"2013-09-19",3457,"train","4509","4812","4667","0.478","0.522","-1210","1210","35.00","7001","2333"
5,"2013-09-20",4024,"train","4612","4910","4768","0.478","0.522","-744","744","18.49","7102","2434"
5,"2013-09-21",1725,"train","1774","2076","1932","0.478","0.522","-207","207","12.00","4266","-402"
5,"2013-09-23",7486,"train","5880","6184","6039","0.478","0.522","1447","1447","19.33","8373","3705"
5,"2013-09-24",5489,"train","4786","5087","4943","0.478","0.522","546","546","9.95","7277","2609"
5,"2013-09-25",5371,"train","4938","5240","5096","0.478","0.522","275","275","5.12","7430","2762"
5,"2013-09-26",4566,"train","4513","4812","4669","0.478","0.522","-103","103","2.26","7003","2335"
5,"2013-09-27",5139,"train","4616","4910","4769","0.478","0.522","370","370","7.20","7103","2435"
5,"2013-09-28",2171,"train","1778","2076","1934","0.478","0.522","237","237","10.92","4268","-400"
5,"2013-09-30",4367,"train","5884","6184","6041","0.478","0.522","-1674","1674","38.33","8375","3707"
5,"2013-10-01",4686,"train","4864","5087","4980","0.478","0.522","-294","294","6.27","7314","2646"
5,"2013-10-02",5118,"train","5016","5240","5133","0.478","0.522","-15","15","0.29","7467","2799"
5,"2013-10-04",5108,"train","4693","4910","4806","0.478","0.522","302","302","5.91","7140","2472"
5,"2013-10-05",2041,"train","1855","2076","1970","0.478","0.522","71","71","3.48","4304","-364"
5,"2013-10-07",8319,"train","5961","6184","6077","0.478","0.522","2242","2242","26.95","8411","3743"
5,"2013-10-08",5697,"train","4867","5087","4982","0.478","0.522","715","715","12.55","7316","2648"
5,"2013-10-09",6063,"train","5019","5240","5134","0.478","0.522","929","929","15.32","7468","2800"
5,"2013-10-10",4985,"train","4594","4812","4708","0.478","0.522","277","277","5.56","7042","2374"
5,"2013-10-11",5421,"train","4697","4910","4808","0.478","0.522","613","613","11.31","7142","2474"
5,"2013-10-12",1963,"train","1859","2076","1972","0.478","0.522","-9","9","0.46","4306","-362"
5,"2013-10-14",4199,"train","5965","6184","6079","0.478","0.522","-1880","1880","44.77","8413","3745"
5,"2013-10-15",3450,"train","4871","5087","4984","0.478","0.522","-1534","1534","44.46","7318","2650"
5,"2013-10-16",4415,"train","5023","5240","5136","0.478","0.522","-721","721","16.33","7470","2802"
5,"2013-10-17",3721,"train","4598","4812","4710","0.478","0.522","-989","989","26.58","7044","2376"
5,"2013-10-18",3867,"train","4701","4910","4810","0.478","0.522","-943","943","24.39","7144","2476"
5,"2013-10-19",1938,"train","1863","2076","1974","0.478","0.522","-36","36","1.86","4308","-360"
5,"2013-10-21",7690,"train","5969","6184","6081","0.478","0.522","1609","1609","20.92","8415","3747"
5,"2013-10-22",5174,"train","4874","5087","4985","0.478","0.522","189","189","3.65","7319","2651"
5,"2013-10-23",6517,"train","5027","5240","5138","0.478","0.522","1379","1379","21.16","7472","2804"
5,"2013-10-24",5049,"train","4602","4812","4712","0.478","0.522","337","337","6.67","7046","2378"
5,"2013-10-25",5347,"train","4704","4910","4812","0.478","0.522","535","535","10.01","7146","2478"
5,"2013-10-26",1700,"train","1867","2076","1976","0.478","0.522","-276","276","16.24","4310","-358"
5,"2013-10-28",3578,"train","5973","6184","6083","0.478","0.522","-2505","2505","70.01","8417","3749"
5,"2013-10-29",3909,"train","4878","5087","4987","0.478","0.522","-1078","1078","27.58","7321","2653"
5,"2013-10-30",5850,"train","5031","5240","5140","0.478","0.522","710","710","12.14","7474","2806"
5,"2013-11-01",5076,"train","5070","4910","4986","0.478","0.522","90","90","1.77","7320","2652"
5,"2013-11-02",2190,"train","2232","2076","2151","0.478","0.522","39","39","1.78","4485","-183"
5,"2013-11-04",7030,"train","6338","6184","6258","0.478","0.522","772","772","10.98","8592","3924"
5,"2013-11-05",6228,"train","5244","5087","5162","0.478","0.522","1066","1066","17.12","7496","2828"
5,"2013-11-06",6200,"train","5396","5240","5315","0.478","0.522","885","885","14.27","7649","2981"
5,"2013-11-07",4987,"train","4971","4812","4888","0.478","0.522","99","99","1.99","7222","2554"
5,"2013-11-08",4725,"train","5073","4910","4988","0.478","0.522","-263","263","5.57","7322","2654"
5,"2013-11-09",1974,"train","2236","2076","2152","0.478","0.522","-178","178","9.02","4486","-182"
5,"2013-11-11",3866,"train","6342","6184","6260","0.478","0.522","-2394","2394","61.92","8594","3926"
5,"2013-11-12",3920,"train","5247","5087","5163","0.478","0.522","-1243","1243","31.71","7497","2829"
5,"2013-11-13",4319,"train","5400","5240","5316","0.478","0.522","-997","997","23.08","7650","2982"
5,"2013-11-14",4086,"train","4975","4812","4890","0.478","0.522","-804","804","19.68","7224","2556"
5,"2013-11-15",4613,"train","5077","4910","4990","0.478","0.522","-377","377","8.17","7324","2656"
5,"2013-11-16",1925,"train","2240","2076","2154","0.478","0.522","-229","229","11.90","4488","-180"
5,"2013-11-18",8022,"train","6346","6184","6261","0.478","0.522","1761","1761","21.95","8595","3927"
5,"2013-11-19",7632,"train","5251","5087","5165","0.478","0.522","2467","2467","32.32","7499","2831"
5,"2013-11-21",6641,"train","4978","4812","4891","0.478","0.522","1750","1750","26.35","7225","2557"
5,"2013-11-22",6198,"train","5080","4910","4991","0.478","0.522","1207","1207","19.47","7325","2657"
5,"2013-11-23",2075,"train","2243","2076","2156","0.478","0.522","-81","81","3.90","4490","-178"
5,"2013-11-25",4597,"train","6349","6184","6263","0.478","0.522","-1666","1666","36.24","8597","3929"
5,"2013-11-26",4597,"train","5254","5087","5167","0.478","0.522","-570","570","12.40","7501","2833"
5,"2013-11-27",5128,"train","5407","5240","5320","0.478","0.522","-192","192","3.74","7654","2986"
5,"2013-11-28",4676,"train","4982","4812","4893","0.478","0.522","-217","217","4.64","7227","2559"
5,"2013-11-29",6158,"train","5084","4910","4993","0.478","0.522","1165","1165","18.92","7327","2659"
5,"2013-11-30",2704,"train","2247","2076","2158","0.478","0.522","546","546","20.19","4492","-176"
5,"2013-12-02",9761,"train","7426","6184","6778","0.478","0.522","2983","2983","30.56","9112","4444"
5,"2013-12-03",7663,"train","6331","5087","5682","0.478","0.522","1981","1981","25.85","8016","3348"
5,"2013-12-04",7284,"train","6484","5240","5835","0.478","0.522","1449","1449","19.89","8169","3501"
5,"2013-12-05",7765,"train","6059","4812","5408","0.478","0.522","2357","2357","30.35","7742","3074"
5,"2013-12-06",5011,"train","6161","4910","5508","0.478","0.522","-497","497","9.92","7842","3174"
5,"2013-12-07",2228,"train","3324","2076","2673","0.478","0.522","-445","445","19.97","5007","339"
5,"2013-12-09",3879,"train","7429","6184","6779","0.478","0.522","-2900","2900","74.76","9113","4445"
5,"2013-12-10",4973,"train","6335","5087","5684","0.478","0.522","-711","711","14.30","8018","3350"
5,"2013-12-11",5517,"train","6488","5240","5837","0.478","0.522","-320","320","5.80","8171","3503"
5,"2013-12-12",5048,"train","6062","4812","5410","0.478","0.522","-362","362","7.17","7744","3076"
5,"2013-12-13",5021,"train","6165","4910","5510","0.478","0.522","-489","489","9.74","7844","3176"
5,"2013-12-14",2014,"train","3328","2076","2674","0.478","0.522","-660","660","32.77","5008","340"
5,"2013-12-16",11692,"train","7433","6184","6781","0.478","0.522","4911","4911","42.00","9115","4447"
5,"2013-12-17",9413,"train","6339","5087","5685","0.478","0.522","3728","3728","39.60","8019","3351"
5,"2013-12-18",9315,"train","6492","5240","5838","0.478","0.522","3477","3477","37.33","8172","3504"
5,"2013-12-19",8331,"train","6066","4812","5411","0.478","0.522","2920","2920","35.05","7745","3077"
5,"2013-12-20",8129,"train","6169","4910","5512","0.478","0.522","2617","2617","32.19","7846","3178"
5,"2013-12-21",3995,"train","3332","2076","2676","0.478","0.522","1319","1319","33.02","5010","342"
5,"2013-12-23",10877,"train","7437","6184","6783","0.478","0.522","4094","4094","37.64","9117","4449"
5,"2013-12-24",3091,"train","6343","5087","5687","0.478","0.522","-2596","2596","83.99","8021","3353"
5,"2013-12-27",5516,"train","6171","4910","5513","0.478","0.522","3","3","0.05","7847","3179"
5,"2013-12-28",2303,"train","3334","2076","2677","0.478","0.522","-374","374","16.24","5011","343"
5,"2013-12-30",6681,"train","7440","6184","6784","0.478","0.522","-103","103","1.54","9118","4450"
5,"2013-12-31",2009,"train","6345","5087","5688","0.478","0.522","-3679","3679","183.13","8022","3354"
5,"2014-01-02",4077,"train","4442","4812","4635","0.478","0.522","-558","558","13.69","6969","2301"
5,"2014-01-03",4414,"train","4545","4910","4736","0.478","0.522","-322","322","7.29","7070","2402"
5,"2014-01-04",1711,"train","1707","2076","1900","0.478","0.522","-189","189","11.05","4234","-434"
5,"2014-01-06",8310,"train","5813","6184","6007","0.478","0.522","2303","2303","27.71","8341","3673"
5,"2014-01-07",6280,"train","4719","5087","4911","0.478","0.522","1369","1369","21.80","7245","2577"
5,"2014-01-08",5966,"train","4871","5240","5064","0.478","0.522","902","902","15.12","7398","2730"
5,"2014-01-09",4753,"train","4446","4812","4637","0.478","0.522","116","116","2.44","6971","2303"
5,"2014-01-10",5008,"train","4549","4910","4737","0.478","0.522","271","271","5.41","7071","2403"
5,"2014-01-11",2035,"train","1711","2076","1902","0.478","0.522","133","133","6.54","4236","-432"
5,"2014-01-13",3652,"train","5817","6184","6009","0.478","0.522","-2357","2357","64.54","8343","3675"
5,"2014-01-14",3473,"train","4722","5087","4913","0.478","0.522","-1440","1440","41.46","7247","2579"
5,"2014-01-15",3837,"train","4875","5240","5066","0.478","0.522","-1229","1229","32.03","7400","2732"
5,"2014-01-16",3411,"train","4450","4812","4639","0.478","0.522","-1228","1228","36.00","6973","2305"
5,"2014-01-17",4169,"train","4552","4910","4739","0.478","0.522","-570","570","13.67","7073","2405"
5,"2014-01-18",1940,"train","1715","2076","1903","0.478","0.522","37","37","1.91","4237","-431"
5,"2014-01-20",7716,"train","5821","6184","6010","0.478","0.522","1706","1706","22.11","8344","3676"
5,"2014-01-21",5371,"train","4726","5087","4914","0.478","0.522","457","457","8.51","7248","2580"
5,"2014-01-22",5042,"train","4879","5240","5067","0.478","0.522","-25","25","0.50","7401","2733"
5,"2014-01-23",4647,"train","4454","4812","4641","0.478","0.522","6","6","0.13","6975","2307"
5,"2014-01-24",4752,"train","4556","4910","4741","0.478","0.522","11","11","0.23","7075","2407"
5,"2014-01-25",1662,"train","1719","2076","1905","0.478","0.522","-243","243","14.62","4239","-429"
5,"2014-01-27",3412,"train","5825","6184","6012","0.478","0.522","-2600","2600","76.20","8346","3678"
5,"2014-01-28",3508,"train","4730","5087","4916","0.478","0.522","-1408","1408","40.14","7250","2582"
5,"2014-01-29",4409,"train","4883","5240","5069","0.478","0.522","-660","660","14.97","7403","2735"
5,"2014-01-30",3802,"train","4457","4812","4642","0.478","0.522","-840","840","22.09","6976","2308"
5,"2014-01-31",4982,"train","4560","4910","4743","0.478","0.522","239","239","4.80","7077","2409"
5,"2014-02-01",2138,"train","1814","2076","1951","0.478","0.522","187","187","8.75","4285","-383"
5,"2014-02-03",8696,"train","5919","6184","6057","0.478","0.522","2639","2639","30.35","8391","3723"
5,"2014-02-04",6979,"train","4825","5087","4962","0.478","0.522","2017","2017","28.90","7296","2628"
5,"2014-02-05",6486,"train","4978","5240","5115","0.478","0.522","1371","1371","21.14","7449","2781"
5,"2014-02-06",5266,"train","4552","4812","4688","0.478","0.522","578","578","10.98","7022","2354"
5,"2014-02-07",5492,"train","4655","4910","4788","0.478","0.522","704","704","12.82","7122","2454"
5,"2014-02-08",1910,"train","1818","2076","1953","0.478","0.522","-43","43","2.25","4287","-381"
5,"2014-02-10",4108,"train","5923","6184","6059","0.478","0.522","-1951","1951","47.49","8393","3725"
5,"2014-02-11",3649,"train","4829","5087","4964","0.478","0.522","-1315","1315","36.04","7298","2630"
5,"2014-02-12",4475,"train","4981","5240","5116","0.478","0.522","-641","641","14.32","7450","2782"
5,"2014-02-13",3823,"train","4556","4812","4690","0.478","0.522","-867","867","22.68","7024","2356"
5,"2014-02-14",4431,"train","4659","4910","4790","0.478","0.522","-359","359","8.10","7124","2456"
5,"2014-02-15",2165,"train","1821","2076","1954","0.478","0.522","211","211","9.75","4288","-380"
5,"2014-02-17",7170,"train","5927","6184","6061","0.478","0.522","1109","1109","15.47","8395","3727"
5,"2014-02-18",5368,"train","4833","5087","4966","0.478","0.522","402","402","7.49","7300","2632"
5,"2014-02-19",5307,"train","4985","5240","5118","0.478","0.522","189","189","3.56","7452","2784"
5,"2014-02-20",5365,"train","4560","4812","4692","0.478","0.522","673","673","12.54","7026","2358"
5,"2014-02-21",4389,"train","4663","4910","4792","0.478","0.522","-403","403","9.18","7126","2458"
5,"2014-02-22",1975,"train","1825","2076","1956","0.478","0.522","19","19","0.96","4290","-378"
5,"2014-02-24",3558,"train","5931","6184","6063","0.478","0.522","-2505","2505","70.40","8397","3729"
5,"2014-02-25",3407,"train","4837","5087","4968","0.478","0.522","-1561","1561","45.82","7302","2634"
5,"2014-02-26",3568,"train","4989","5240","5120","0.478","0.522","-1552","1552","43.50","7454","2786"
5,"2014-02-27",3176,"train","4564","4812","4693","0.478","0.522","-1517","1517","47.76","7027","2359"
5,"2014-02-28",4602,"train","4666","4910","4793","0.478","0.522","-191","191","4.15","7127","2459"
5,"2014-03-01",2170,"train","1905","2076","1994","0.478","0.522","176","176","8.11","4328","-340"
5,"2014-03-03",7607,"train","6011","6184","6101","0.478","0.522","1506","1506","19.80","8435","3767"
5,"2014-03-04",5423,"train","4916","5087","5005","0.478","0.522","418","418","7.71","7339","2671"
5,"2014-03-05",6208,"train","5069","5240","5158","0.478","0.522","1050","1050","16.91","7492","2824"
5,"2014-03-06",4805,"train","4644","4812","4732","0.478","0.522","73","73","1.52","7066","2398"
5,"2014-03-07",4804,"train","4746","4910","4832","0.478","0.522","-28","28","0.58","7166","2498"
5,"2014-03-08",1991,"train","1909","2076","1996","0.478","0.522","-5","5","0.25","4330","-338"
5,"2014-03-10",3629,"train","6015","6184","6103","0.478","0.522","-2474","2474","68.17","8437","3769"
5,"2014-03-11",3643,"train","4920","5087","5007","0.478","0.522","-1364","1364","37.44","7341","2673"
5,"2014-03-12",4031,"train","5073","5240","5160","0.478","0.522","-1129","1129","28.01","7494","2826"
5,"2014-03-13",3728,"train","4648","4812","4734","0.478","0.522","-1006","1006","26.98","7068","2400"
5,"2014-03-14",3982,"train","4750","4910","4834","0.478","0.522","-852","852","21.40","7168","2500"
5,"2014-03-15",1895,"train","1913","2076","1998","0.478","0.522","-103","103","5.44","4332","-336"
5,"2014-03-17",7702,"train","6018","6184","6105","0.478","0.522","1597","1597","20.73","8439","3771"
5,"2014-03-18",5682,"train","4924","5087","5009","0.478","0.522","673","673","11.84","7343","2675"
5,"2014-03-19",5031,"train","5077","5240","5162","0.478","0.522","-131","131","2.60","7496","2828"
5,"2014-03-20",4478,"train","4651","4812","4735","0.478","0.522","-257","257","5.74","7069","2401"
5,"2014-03-21",4550,"train","4754","4910","4835","0.478","0.522","-285","285","6.26","7169","2501"
5,"2014-03-22",1740,"train","1917","2076","2000","0.478","0.522","-260","260","14.94","4334","-334"
5,"2014-03-24",3378,"train","6022","6184","6107","0.478","0.522","-2729","2729","80.79","8441","3773"
5,"2014-03-25",3535,"train","4928","5087","5011","0.478","0.522","-1476","1476","41.75","7345","2677"
5,"2014-03-26",3622,"train","5081","5240","5164","0.478","0.522","-1542","1542","42.57","7498","2830"
5,"2014-03-27",3488,"train","4655","4812","4737","0.478","0.522","-1249","1249","35.81","7071","2403"
5,"2014-03-28",3575,"train","4758","4910","4837","0.478","0.522","-1262","1262","35.30","7171","2503"
5,"2014-03-29",1747,"train","1921","2076","2002","0.478","0.522","-255","255","14.60","4336","-332"
5,"2014-03-31",7135,"train","6026","6184","6108","0.478","0.522","1027","1027","14.39","8442","3774"
5,"2014-04-01",6100,"train","4980","5087","5036","0.478","0.522","1064","1064","17.44","7370","2702"
5,"2014-04-02",6260,"train","5132","5240","5188","0.478","0.522","1072","1072","17.12","7522","2854"
5,"2014-04-03",4853,"train","4707","4812","4762","0.478","0.522","91","91","1.88","7096","2428"
5,"2014-04-04",5251,"train","4810","4910","4862","0.478","0.522","389","389","7.41","7196","2528"
5,"2014-04-05",1911,"train","1972","2076","2026","0.478","0.522","-115","115","6.02","4360","-308"
5,"2014-04-07",4014,"train","6078","6184","6133","0.478","0.522","-2119","2119","52.79","8467","3799"
5,"2014-04-08",3823,"train","4984","5087","5038","0.478","0.522","-1215","1215","31.78","7372","2704"
5,"2014-04-09",4013,"train","5136","5240","5190","0.478","0.522","-1177","1177","29.33","7524","2856"
5,"2014-04-10",3526,"train","4711","4812","4764","0.478","0.522","-1238","1238","35.11","7098","2430"
5,"2014-04-11",3623,"train","4814","4910","4864","0.478","0.522","-1241","1241","34.25","7198","2530"
5,"2014-04-12",1423,"train","1976","2076","2028","0.478","0.522","-605","605","42.52","4362","-306"
5,"2014-04-14",7980,"train","6082","6184","6135","0.478","0.522","1845","1845","23.12","8469","3801"
5,"2014-04-15",7439,"train","4988","5087","5040","0.478","0.522","2399","2399","32.25","7374","2706"
5,"2014-04-16",7722,"train","5140","5240","5192","0.478","0.522","2530","2530","32.76","7526","2858"
5,"2014-04-17",6690,"train","4715","4812","4766","0.478","0.522","1924","1924","28.76","7100","2432"
5,"2014-04-19",3153,"train","1979","2076","2030","0.478","0.522","1123","1123","35.62","4364","-304"
5,"2014-04-22",3615,"train","4990","5087","5041","0.478","0.522","-1426","1426","39.45","7375","2707"
5,"2014-04-23",3875,"train","5143","5240","5194","0.478","0.522","-1319","1319","34.04","7528","2860"
5,"2014-04-24",3661,"train","4717","4812","4767","0.478","0.522","-1106","1106","30.21","7101","2433"
5,"2014-04-25",3659,"train","4820","4910","4867","0.478","0.522","-1208","1208","33.01","7201","2533"
5,"2014-04-26",1802,"train","1983","2076","2032","0.478","0.522","-230","230","12.76","4366","-302"
5,"2014-04-28",7184,"train","6088","6184","6138","0.478","0.522","1046","1046","14.56","8472","3804"
5,"2014-04-29",6274,"train","4994","5087","5043","0.478","0.522","1231","1231","19.62","7377","2709"
5,"2014-04-30",6543,"train","5147","5240","5196","0.478","0.522","1347","1347","20.59","7530","2862"
5,"2014-05-02",6978,"train","4853","4910","4883","0.478","0.522","2095","2095","30.02","7217","2549"
5,"2014-05-03",2061,"train","2016","2076","2047","0.478","0.522","14","14","0.68","4381","-287"
5,"2014-05-05",7446,"train","6121","6184","6154","0.478","0.522","1292","1292","17.35","8488","3820"
5,"2014-05-06",5777,"train","5027","5087","5058","0.478","0.522","719","719","12.45","7392","2724"
5,"2014-05-07",5795,"train","5180","5240","5211","0.478","0.522","584","584","10.08","7545","2877"
5,"2014-05-08",5410,"train","4754","4812","4784","0.478","0.522","626","626","11.57","7118","2450"
5,"2014-05-09",5883,"train","4857","4910","4885","0.478","0.522","998","998","16.96","7219","2551"
5,"2014-05-10",2350,"train","2020","2076","2049","0.478","0.522","301","301","12.81","4383","-285"
5,"2014-05-12",4123,"train","6125","6184","6156","0.478","0.522","-2033","2033","49.31","8490","3822"
5,"2014-05-13",3710,"train","5031","5087","5060","0.478","0.522","-1350","1350","36.39","7394","2726"
5,"2014-05-14",4207,"train","5184","5240","5213","0.478","0.522","-1006","1006","23.91","7547","2879"
5,"2014-05-15",3996,"train","4758","4812","4786","0.478","0.522","-790","790","19.77","7120","2452"
5,"2014-05-16",4208,"train","4861","4910","4887","0.478","0.522","-679","679","16.14","7221","2553"
5,"2014-05-17",1698,"train","2024","2076","2051","0.478","0.522","-353","353","20.79","4385","-283"
5,"2014-05-19",7560,"train","6129","6184","6158","0.478","0.522","1402","1402","18.54","8492","3824"
5,"2014-05-20",4986,"train","5035","5087","5062","0.478","0.522","-76","76","1.52","7396","2728"
5,"2014-05-21",5035,"train","5187","5240","5215","0.478","0.522","-180","180","3.57","7549","2881"
5,"2014-05-22",4669,"train","4762","4812","4788","0.478","0.522","-119","119","2.55","7122","2454"
5,"2014-05-23",4818,"train","4865","4910","4888","0.478","0.522","-70","70","1.45","7222","2554"
5,"2014-05-24",1888,"train","2027","2076","2053","0.478","0.522","-165","165","8.74","4387","-281"
5,"2014-05-26",3736,"train","6133","6184","6160","0.478","0.522","-2424","2424","64.88","8494","3826"
5,"2014-05-27",3849,"train","5039","5087","5064","0.478","0.522","-1215","1215","31.57","7398","2730"
5,"2014-05-28",4613,"train","5191","5240","5217","0.478","0.522","-604","604","13.09","7551","2883"
5,"2014-05-30",5858,"train","4868","4910","4890","0.478","0.522","968","968","16.52","7224","2556"
5,"2014-05-31",2026,"train","2031","2076","2054","0.478","0.522","-28","28","1.38","4388","-280"
5,"2014-06-02",7860,"train","6117","6184","6152","0.478","0.522","1708","1708","21.73","8486","3818"
5,"2014-06-03",5732,"train","5023","5087","5056","0.478","0.522","676","676","11.79","7390","2722"
5,"2014-06-04",6056,"train","5176","5240","5209","0.478","0.522","847","847","13.99","7543","2875"
5,"2014-06-05",5247,"train","4750","4812","4782","0.478","0.522","465","465","8.86","7116","2448"
5,"2014-06-06",5884,"train","4853","4910","4883","0.478","0.522","1001","1001","17.01","7217","2549"
5,"2014-06-07",2461,"train","2015","2076","2047","0.478","0.522","414","414","16.82","4381","-287"
5,"2014-06-10",4196,"train","5026","5087","5058","0.478","0.522","-862","862","20.54","7392","2724"
5,"2014-06-11",3857,"train","5179","5240","5211","0.478","0.522","-1354","1354","35.11","7545","2877"
5,"2014-06-12",4585,"train","4753","4812","4784","0.478","0.522","-199","199","4.34","7118","2450"
5,"2014-06-13",4176,"train","4856","4910","4884","0.478","0.522","-708","708","16.95","7218","2550"
5,"2014-06-14",1991,"train","2019","2076","2049","0.478","0.522","-58","58","2.91","4383","-285"
5,"2014-06-16",8065,"train","6124","6184","6155","0.478","0.522","1910","1910","23.68","8489","3821"
5,"2014-06-17",6171,"train","5030","5087","5060","0.478","0.522","1111","1111","18.00","7394","2726"
5,"2014-06-18",5432,"train","5183","5240","5213","0.478","0.522","219","219","4.03","7547","2879"
5,"2014-06-19",5307,"train","4757","4812","4786","0.478","0.522","521","521","9.82","7120","2452"
5,"2014-06-20",4741,"train","4860","4910","4886","0.478","0.522","-145","145","3.06","7220","2552"
5,"2014-06-21",1816,"train","2023","2076","2051","0.478","0.522","-235","235","12.94","4385","-283"
5,"2014-06-23",3964,"train","6128","6184","6157","0.478","0.522","-2193","2193","55.32","8491","3823"
5,"2014-06-24",3748,"train","5034","5087","5062","0.478","0.522","-1314","1314","35.06","7396","2728"
5,"2014-06-25",4026,"train","5186","5240","5214","0.478","0.522","-1188","1188","29.51","7548","2880"
5,"2014-06-26",3115,"train","4761","4812","4788","0.478","0.522","-1673","1673","53.71","7122","2454"
5,"2014-06-27",4264,"train","4864","4910","4888","0.478","0.522","-624","624","14.63","7222","2554"
5,"2014-06-28",2206,"train","2026","2076","2052","0.478","0.522","154","154","6.98","4386","-282"
5,"2014-06-30",7954,"train","6132","6184","6159","0.478","0.522","1795","1795","22.57","8493","3825"
5,"2014-07-01",6407,"train","5558","5087","5312","0.478","0.522","1095","1095","17.09","7646","2978"
5,"2014-07-02",6153,"train","5710","5240","5465","0.478","0.522","688","688","11.18","7799","3131"
5,"2014-07-03",4704,"train","5285","4812","5038","0.478","0.522","-334","334","7.10","7372","2704"
5,"2014-07-04",4886,"train","5388","4910","5138","0.478","0.522","-252","252","5.16","7472","2804"
5,"2014-07-05",2207,"train","2550","2076","2303","0.478","0.522","-96","96","4.35","4637","-31"
5,"2014-07-07",4125,"train","6656","6184","6410","0.478","0.522","-2285","2285","55.39","8744","4076"
5,"2014-07-08",3704,"train","5562","5087","5314","0.478","0.522","-1610","1610","43.47","7648","2980"
5,"2014-07-09",4109,"train","5714","5240","5467","0.478","0.522","-1358","1358","33.05","7801","3133"
5,"2014-07-10",3465,"train","5289","4812","5040","0.478","0.522","-1575","1575","45.45","7374","2706"
5,"2014-07-11",3991,"train","5391","4910","5140","0.478","0.522","-1149","1149","28.79","7474","2806"
5,"2014-07-12",2340,"train","2554","2076","2304","0.478","0.522","36","36","1.54","4638","-30"
5,"2014-07-14",7096,"train","6660","6184","6412","0.478","0.522","684","684","9.64","8746","4078"
5,"2014-07-15",6197,"train","5565","5087","5315","0.478","0.522","882","882","14.23","7649","2981"
5,"2014-07-16",6106,"train","5718","5240","5468","0.478","0.522","638","638","10.45","7802","3134"
5,"2014-07-17",5421,"train","5293","4812","5042","0.478","0.522","379","379","6.99","7376","2708"
5,"2014-07-18",5480,"train","5395","4910","5142","0.478","0.522","338","338","6.17","7476","2808"
5,"2014-07-19",1897,"train","2558","2076","2306","0.478","0.522","-409","409","21.56","4640","-28"
5,"2014-07-21",3753,"train","6664","6184","6413","0.478","0.522","-2660","2660","70.88","8747","4079"
5,"2014-07-22",3537,"train","5569","5087","5317","0.478","0.522","-1780","1780","50.33","7651","2983"
5,"2014-07-23",4276,"train","5722","5240","5470","0.478","0.522","-1194","1194","27.92","7804","3136"
5,"2014-07-24",3425,"train","5296","4812","5043","0.478","0.522","-1618","1618","47.24","7377","2709"
5,"2014-07-25",3747,"train","5399","4910","5144","0.478","0.522","-1397","1397","37.28","7478","2810"
5,"2014-07-26",2200,"train","2562","2076","2308","0.478","0.522","-108","108","4.91","4642","-26"
5,"2014-07-28",6846,"train","6667","6184","6415","0.478","0.522","431","431","6.30","8749","4081"
5,"2014-07-29",5283,"train","5573","5087","5319","0.478","0.522","-36","36","0.68","7653","2985"
5,"2014-07-30",5310,"train","5726","5240","5472","0.478","0.522","-162","162","3.05","7806","3138"
5,"2014-07-31",5824,"train","5300","4812","5045","0.478","0.522","779","779","13.38","7379","2711"
5,"2014-08-01",4381,"train","4769","4910","4843","0.478","0.522","-462","462","10.55","7177","2509"
5,"2014-08-02",1593,"train","1932","2076","2007","0.478","0.522","-414","414","25.99","4341","-327"
5,"2014-08-04",5391,"train","6037","6184","6114","0.478","0.522","-723","723","13.41","8448","3780"
5,"2014-08-05",6108,"train","4943","5087","5018","0.478","0.522","1090","1090","17.85","7352","2684"
5,"2014-08-06",5711,"train","5096","5240","5171","0.478","0.522","540","540","9.46","7505","2837"
5,"2014-08-07",4940,"train","4670","4812","4744","0.478","0.522","196","196","3.97","7078","2410"
5,"2014-08-08",5051,"train","4773","4910","4845","0.478","0.522","206","206","4.08","7179","2511"
5,"2014-08-09",1711,"train","1935","2076","2009","0.478","0.522","-298","298","17.42","4343","-325"
5,"2014-08-11",4414,"train","6041","6184","6116","0.478","0.522","-1702","1702","38.56","8450","3782"
5,"2014-08-12",3831,"train","4947","5087","5020","0.478","0.522","-1189","1189","31.04","7354","2686"
5,"2014-08-13",4458,"train","5099","5240","5173","0.478","0.522","-715","715","16.04","7507","2839"
5,"2014-08-14",3790,"train","4674","4812","4746","0.478","0.522","-956","956","25.22","7080","2412"
5,"2014-08-15",3667,"train","4777","4910","4846","0.478","0.522","-1179","1179","32.15","7180","2512"
5,"2014-08-16",1998,"train","1939","2076","2011","0.478","0.522","-13","13","0.65","4345","-323"
5,"2014-08-18",7521,"train","6045","6184","6118","0.478","0.522","1403","1403","18.65","8452","3784"
5,"2014-08-19",5784,"train","4951","5087","5022","0.478","0.522","762","762","13.17","7356","2688"
5,"2014-08-20",5800,"train","5103","5240","5175","0.478","0.522","625","625","10.78","7509","2841"
5,"2014-08-21",4773,"train","4678","4812","4748","0.478","0.522","25","25","0.52","7082","2414"
5,"2014-08-22",4956,"train","4781","4910","4848","0.478","0.522","108","108","2.18","7182","2514"
5,"2014-08-23",1791,"train","1943","2076","2012","0.478","0.522","-221","221","12.34","4346","-322"
5,"2014-08-25",3693,"train","6049","6184","6119","0.478","0.522","-2426","2426","65.69","8453","3785"
5,"2014-08-26",3623,"train","4954","5087","5023","0.478","0.522","-1400","1400","38.64","7357","2689"
5,"2014-08-27",4306,"train","5107","5240","5176","0.478","0.522","-870","870","20.20","7510","2842"
5,"2014-08-28",4070,"train","4682","4812","4750","0.478","0.522","-680","680","16.71","7084","2416"
5,"2014-08-29",4860,"train","4784","4910","4850","0.478","0.522","10","10","0.21","7184","2516"
5,"2014-08-30",2315,"train","1947","2076","2014","0.478","0.522","301","301","13.00","4348","-320"
5,"2014-09-01",7786,"train","6062","6184","6126","0.478","0.522","1660","1660","21.32","8460","3792"
5,"2014-09-02",6226,"train","4967","5087","5030","0.478","0.522","1196","1196","19.21","7364","2696"
5,"2014-09-03",5884,"train","5120","5240","5183","0.478","0.522","701","701","11.91","7517","2849"
5,"2014-09-04",5380,"train","4695","4812","4756","0.478","0.522","624","624","11.60","7090","2422"
5,"2014-09-05",4686,"train","4797","4910","4856","0.478","0.522","-170","170","3.63","7190","2522"
5,"2014-09-06",2187,"train","1960","2076","2021","0.478","0.522","166","166","7.59","4355","-313"
5,"2014-09-08",3511,"train","6066","6184","6128","0.478","0.522","-2617","2617","74.54","8462","3794"
5,"2014-09-09",3624,"train","4971","5087","5032","0.478","0.522","-1408","1408","38.85","7366","2698"
5,"2014-09-10",4305,"train","5124","5240","5185","0.478","0.522","-880","880","20.44","7519","2851"
5,"2014-09-11",4557,"train","4698","4812","4758","0.478","0.522","-201","201","4.41","7092","2424"
5,"2014-09-12",3869,"train","4801","4910","4858","0.478","0.522","-989","989","25.56","7192","2524"
5,"2014-09-13",2107,"train","1964","2076","2022","0.478","0.522","85","85","4.03","4356","-312"
5,"2014-09-15",7797,"train","6069","6184","6129","0.478","0.522","1668","1668","21.39","8463","3795"
5,"2014-09-16",5438,"train","4975","5087","5033","0.478","0.522","405","405","7.45","7367","2699"
5,"2014-09-17",5685,"train","5128","5240","5186","0.478","0.522","499","499","8.78","7520","2852"
5,"2014-09-18",5003,"train","4702","4812","4759","0.478","0.522","244","244","4.88","7093","2425"
5,"2014-09-19",4899,"train","4805","4910","4860","0.478","0.522","39","39","0.80","7194","2526"
5,"2014-09-20",1946,"train","1968","2076","2024","0.478","0.522","-78","78","4.01","4358","-310"
5,"2014-09-22",4039,"train","6073","6184","6131","0.478","0.522","-2092","2092","51.79","8465","3797"
5,"2014-09-23",3338,"train","4979","5087","5035","0.478","0.522","-1697","1697","50.84","7369","2701"
5,"2014-09-24",4265,"train","5132","5240","5188","0.478","0.522","-923","923","21.64","7522","2854"
5,"2014-09-25",3629,"train","4706","4812","4761","0.478","0.522","-1132","1132","31.19","7095","2427"
5,"2014-09-26",3660,"train","4809","4910","4862","0.478","0.522","-1202","1202","32.84","7196","2528"
5,"2014-09-27",2000,"train","1971","2076","2026","0.478","0.522","-26","26","1.30","4360","-308"
5,"2014-09-29",6274,"train","6077","6184","6133","0.478","0.522","141","141","2.25","8467","3799"
5,"2014-09-30",6633,"train","4983","5087","5037","0.478","0.522","1596","1596","24.06","7371","2703"
5,"2014-10-01",6384,"train","5209","5240","5225","0.478","0.522","1159","1159","18.15","7559","2891"
5,"2014-10-02",5994,"train","4784","4812","4799","0.478","0.522","1195","1195","19.94","7133","2465"
5,"2014-10-04",2692,"train","2049","2076","2063","0.478","0.522","629","629","23.37","4397","-271"
5,"2014-10-06",7688,"train","6154","6184","6170","0.478","0.522","1518","1518","19.75","8504","3836"
5,"2014-10-07",6693,"train","5060","5087","5074","0.478","0.522","1619","1619","24.19","7408","2740"
5,"2014-10-08",5399,"train","5213","5240","5227","0.478","0.522","172","172","3.19","7561","2893"
5,"2014-10-09",5469,"train","4787","4812","4800","0.478","0.522","669","669","12.23","7134","2466"
5,"2014-10-10",5138,"train","4890","4910","4900","0.478","0.522","238","238","4.63","7234","2566"
5,"2014-10-11",1837,"train","2052","2076","2065","0.478","0.522","-228","228","12.41","4399","-269"
5,"2014-10-13",4127,"train","6158","6184","6172","0.478","0.522","-2045","2045","49.55","8506","3838"
5,"2014-10-14",3640,"train","5064","5087","5076","0.478","0.522","-1436","1436","39.45","7410","2742"
5,"2014-10-15",4486,"train","5216","5240","5229","0.478","0.522","-743","743","16.56","7563","2895"
5,"2014-10-16",3653,"train","4791","4812","4802","0.478","0.522","-1149","1149","31.45","7136","2468"
5,"2014-10-17",4499,"train","4894","4910","4902","0.478","0.522","-403","403","8.96","7236","2568"
5,"2014-10-18",2441,"train","2056","2076","2066","0.478","0.522","375","375","15.36","4400","-268"
5,"2014-10-20",6096,"train","6162","6184","6173","0.478","0.522","-77","77","1.26","8507","3839"
5,"2014-10-21",5310,"train","5068","5087","5078","0.478","0.522","232","232","4.37","7412","2744"
5,"2014-10-22",4628,"train","5220","5240","5230","0.478","0.522","-602","602","13.01","7564","2896"
5,"2014-10-23",4179,"train","4795","4812","4804","0.478","0.522","-625","625","14.96","7138","2470"
5,"2014-10-24",4878,"train","4898","4910","4904","0.478","0.522","-26","26","0.53","7238","2570"
5,"2014-10-25",1697,"train","2060","2076","2068","0.478","0.522","-371","371","21.86","4402","-266"
5,"2014-10-27",3687,"train","6166","6184","6175","0.478","0.522","-2488","2488","67.48","8509","3841"
5,"2014-10-28",3504,"train","5071","5087","5079","0.478","0.522","-1575","1575","44.95","7413","2745"
5,"2014-10-29",3944,"train","5224","5240","5232","0.478","0.522","-1288","1288","32.66","7566","2898"
5,"2014-10-30",5141,"train","4799","4812","4806","0.478","0.522","335","335","6.52","7140","2472"
5,"2014-11-01",2817,"train","2425","2076","2243","0.478","0.522","574","574","20.38","4577","-91"
5,"2014-11-03",8274,"train","6531","6184","6350","0.478","0.522","1924","1924","23.25","8684","4016"
5,"2014-11-04",6836,"train","5437","5087","5254","0.478","0.522","1582","1582","23.14","7588","2920"
5,"2014-11-05",5913,"train","5589","5240","5407","0.478","0.522","506","506","8.56","7741","3073"
5,"2014-11-06",5264,"train","5164","4812","4980","0.478","0.522","284","284","5.40","7314","2646"
5,"2014-11-07",5284,"train","5267","4910","5081","0.478","0.522","203","203","3.84","7415","2747"
5,"2014-11-08",2280,"train","2429","2076","2245","0.478","0.522","35","35","1.54","4579","-89"
5,"2014-11-10",6540,"train","6535","6184","6352","0.478","0.522","188","188","2.87","8686","4018"
5,"2014-11-11",5736,"train","5441","5087","5256","0.478","0.522","480","480","8.37","7590","2922"
5,"2014-11-12",5903,"train","5593","5240","5409","0.478","0.522","494","494","8.37","7743","3075"
5,"2014-11-13",5013,"train","5168","4812","4982","0.478","0.522","31","31","0.62","7316","2648"
5,"2014-11-14",5199,"train","5270","4910","5082","0.478","0.522","117","117","2.25","7416","2748"
5,"2014-11-15",2146,"train","2433","2076","2247","0.478","0.522","-101","101","4.71","4581","-87"
5,"2014-11-17",4564,"train","6539","6184","6354","0.478","0.522","-1790","1790","39.22","8688","4020"
5,"2014-11-18",4530,"train","5444","5087","5258","0.478","0.522","-728","728","16.07","7592","2924"
5,"2014-11-20",5291,"train","5171","4812","4984","0.478","0.522","307","307","5.80","7318","2650"
5,"2014-11-21",4456,"train","5274","4910","5084","0.478","0.522","-628","628","14.09","7418","2750"
5,"2014-11-22",2225,"train","2436","2076","2248","0.478","0.522","-23","23","1.03","4582","-86"
5,"2014-11-24",7528,"train","6542","6184","6355","0.478","0.522","1173","1173","15.58","8689","4021"
5,"2014-11-25",6338,"train","5448","5087","5260","0.478","0.522","1078","1078","17.01","7594","2926"
5,"2014-11-26",6187,"train","5600","5240","5412","0.478","0.522","775","775","12.53","7746","3078"
5,"2014-11-27",5670,"train","5175","4812","4986","0.478","0.522","684","684","12.06","7320","2652"
5,"2014-11-28",6875,"train","5278","4910","5086","0.478","0.522","1789","1789","26.02","7420","2752"
5,"2014-11-29",2435,"train","2440","2076","2250","0.478","0.522","185","185","7.60","4584","-84"
5,"2014-12-01",8580,"train","7619","6184","6870","0.478","0.522","1710","1710","19.93","9204","4536"
5,"2014-12-02",7180,"train","6524","5087","5774","0.478","0.522","1406","1406","19.58","8108","3440"
5,"2014-12-03",6096,"train","6677","5240","5927","0.478","0.522","169","169","2.77","8261","3593"
5,"2014-12-04",5792,"train","6252","4812","5500","0.478","0.522","292","292","5.04","7834","3166"
5,"2014-12-05",7606,"train","6354","4910","5600","0.478","0.522","2006","2006","26.37","7934","3266"
5,"2014-12-06",3054,"train","3517","2076","2765","0.478","0.522","289","289","9.46","5099","431"
5,"2014-12-08",4989,"train","7623","6184","6872","0.478","0.522","-1883","1883","37.74","9206","4538"
5,"2014-12-09",5183,"train","6528","5087","5776","0.478","0.522","-593","593","11.44","8110","3442"
5,"2014-12-10",5345,"train","6681","5240","5929","0.478","0.522","-584","584","10.93","8263","3595"
5,"2014-12-11",4929,"train","6256","4812","5502","0.478","0.522","-573","573","11.63","7836","3168"
5,"2014-12-12",5355,"train","6358","4910","5602","0.478","0.522","-247","247","4.61","7936","3268"
5,"2014-12-13",2572,"train","3521","2076","2767","0.478","0.522","-195","195","7.58","5101","433"
5,"2014-12-15",10870,"train","7627","6184","6874","0.478","0.522","3996","3996","36.76","9208","4540"
5,"2014-12-16",8665,"train","6532","5087","5778","0.478","0.522","2887","2887","33.32","8112","3444"
5,"2014-12-17",8758,"train","6685","5240","5931","0.478","0.522","2827","2827","32.28","8265","3597"
5,"2014-12-18",7726,"train","6259","4812","5504","0.478","0.522","2222","2222","28.76","7838","3170"
5,"2014-12-19",7085,"train","6362","4910","5604","0.478","0.522","1481","1481","20.90","7938","3270"
5,"2014-12-20",3912,"train","3525","2076","2769","0.478","0.522","1143","1143","29.22","5103","435"
5,"2014-12-22",8765,"train","7630","6184","6875","0.478","0.522","1890","1890","21.56","9209","4541"
5,"2014-12-23",9164,"train","6536","5087","5780","0.478","0.522","3384","3384","36.93","8114","3446"
5,"2014-12-24",2850,"train","6689","5240","5933","0.478","0.522","-3083","3083","108.18","8267","3599"
5,"2014-12-27",2847,"train","3527","2076","2770","0.478","0.522","77","77","2.70","5104","436"
5,"2014-12-29",4646,"train","7633","6184","6877","0.478","0.522","-2231","2231","48.02","9211","4543"
5,"2014-12-30",5056,"train","6539","5087","5781","0.478","0.522","-725","725","14.34","8115","3447"
5,"2014-12-31",1830,"train","6691","5240","5934","0.478","0.522","-4104","4104","224.26","8268","3600"
5,"2015-01-02",4773,"test","4738","4910","4828","0.478","0.522","-55","55","1.15","7162","2494"
5,"2015-01-03",2109,"test","1900","2076","1992","0.478","0.522","117","117","5.55","4326","-342"
5,"2015-01-05",7314,"test","6006","6184","6099","0.478","0.522","1215","1215","16.61","8433","3765"
5,"2015-01-06",6123,"test","4912","5087","5003","0.478","0.522","1120","1120","18.29","7337","2669"
5,"2015-01-07",5264,"test","5064","5240","5156","0.478","0.522","108","108","2.05","7490","2822"
5,"2015-01-08",4800,"test","4639","4812","4729","0.478","0.522","71","71","1.48","7063","2395"
5,"2015-01-09",4780,"test","4742","4910","4830","0.478","0.522","-50","50","1.05","7164","2496"
5,"2015-01-10",2169,"test","1904","2076","1994","0.478","0.522","175","175","8.07","4328","-340"
5,"2015-01-12",7523,"test","6010","6184","6101","0.478","0.522","1422","1422","18.90","8435","3767"
5,"2015-01-13",5748,"test","4916","5087","5005","0.478","0.522","743","743","12.93","7339","2671"
5,"2015-01-14",5219,"test","5068","5240","5158","0.478","0.522","61","61","1.17","7492","2824"
5,"2015-01-15",5101,"test","4643","4812","4731","0.478","0.522","370","370","7.25","7065","2397"
5,"2015-01-16",5177,"test","4746","4910","4832","0.478","0.522","345","345","6.66","7166","2498"
5,"2015-01-17",1743,"test","1908","2076","1996","0.478","0.522","-253","253","14.52","4330","-338"
5,"2015-01-19",4195,"test","6014","6184","6103","0.478","0.522","-1908","1908","45.48","8437","3769"
5,"2015-01-20",3701,"test","4919","5087","5007","0.478","0.522","-1306","1306","35.29","7341","2673"
5,"2015-01-21",4025,"test","5072","5240","5160","0.478","0.522","-1135","1135","28.20","7494","2826"
5,"2015-01-22",3570,"test","4647","4812","4733","0.478","0.522","-1163","1163","32.58","7067","2399"
5,"2015-01-23",3962,"test","4749","4910","4833","0.478","0.522","-871","871","21.98","7167","2499"
5,"2015-01-24",1911,"test","1912","2076","1998","0.478","0.522","-87","87","4.55","4332","-336"
5,"2015-01-26",6277,"test","6018","6184","6105","0.478","0.522","172","172","2.74","8439","3771"
5,"2015-01-27",5505,"test","4923","5087","5009","0.478","0.522","496","496","9.01","7343","2675"
5,"2015-01-28",5372,"test","5076","5240","5162","0.478","0.522","210","210","3.91","7496","2828"
5,"2015-01-29",4932,"test","4651","4812","4735","0.478","0.522","197","197","3.99","7069","2401"
5,"2015-01-30",5640,"test","4753","4910","4835","0.478","0.522","805","805","14.27","7169","2501"
5,"2015-01-31",2110,"test","1916","2076","2000","0.478","0.522","110","110","5.21","4334","-334"
5,"2015-02-02",7407,"test","6113","6184","6150","0.478","0.522","1257","1257","16.97","8484","3816"
5,"2015-02-03",6231,"test","5018","5087","5054","0.478","0.522","1177","1177","18.89","7388","2720"
5,"2015-02-04",5656,"test","5171","5240","5207","0.478","0.522","449","449","7.94","7541","2873"
5,"2015-02-05",5011,"test","4745","4812","4780","0.478","0.522","231","231","4.61","7114","2446"
5,"2015-02-06",5209,"test","4848","4910","4880","0.478","0.522","329","329","6.32","7214","2546"
5,"2015-02-07",2064,"test","2011","2076","2045","0.478","0.522","19","19","0.92","4379","-289"
5,"2015-02-09",3294,"test","6116","6184","6151","0.478","0.522","-2857","2857","86.73","8485","3817"
5,"2015-02-10",3912,"test","5022","5087","5056","0.478","0.522","-1144","1144","29.24","7390","2722"
5,"2015-02-11",3862,"test","5175","5240","5209","0.478","0.522","-1347","1347","34.88","7543","2875"
5,"2015-02-12",3852,"test","4749","4812","4782","0.478","0.522","-930","930","24.14","7116","2448"
5,"2015-02-13",4617,"test","4852","4910","4882","0.478","0.522","-265","265","5.74","7216","2548"
5,"2015-02-14",2162,"test","2015","2076","2047","0.478","0.522","115","115","5.32","4381","-287"
5,"2015-02-16",7566,"test","6120","6184","6153","0.478","0.522","1413","1413","18.68","8487","3819"
5,"2015-02-17",5433,"test","5026","5087","5058","0.478","0.522","375","375","6.90","7392","2724"
5,"2015-02-18",5389,"test","5179","5240","5211","0.478","0.522","178","178","3.30","7545","2877"
5,"2015-02-19",4839,"test","4753","4812","4784","0.478","0.522","55","55","1.14","7118","2450"
5,"2015-02-20",4658,"test","4856","4910","4884","0.478","0.522","-226","226","4.85","7218","2550"
5,"2015-02-21",1752,"test","2018","2076","2048","0.478","0.522","-296","296","16.89","4382","-286"
5,"2015-02-23",3742,"test","6124","6184","6155","0.478","0.522","-2413","2413","64.48","8489","3821"
5,"2015-02-24",3848,"test","5030","5087","5060","0.478","0.522","-1212","1212","31.50","7394","2726"
5,"2015-02-25",4179,"test","5182","5240","5212","0.478","0.522","-1033","1033","24.72","7546","2878"
5,"2015-02-26",3560,"test","4757","4812","4786","0.478","0.522","-1226","1226","34.44","7120","2452"
5,"2015-02-27",4548,"test","4860","4910","4886","0.478","0.522","-338","338","7.43","7220","2552"
5,"2015-02-28",2274,"test","2022","2076","2050","0.478","0.522","224","224","9.85","4384","-284"
5,"2015-03-02",7524,"test","6204","6184","6194","0.478","0.522","1330","1330","17.68","8528","3860"
5,"2015-03-03",6036,"test","5110","5087","5098","0.478","0.522","938","938","15.54","7432","2764"
5,"2015-03-04",6407,"test","5262","5240","5251","0.478","0.522","1156","1156","18.04","7585","2917"
5,"2015-03-05",4692,"test","4837","4812","4824","0.478","0.522","-132","132","2.81","7158","2490"
5,"2015-03-06",5221,"test","4940","4910","4924","0.478","0.522","297","297","5.69","7258","2590"
5,"2015-03-07",1689,"test","2102","2076","2088","0.478","0.522","-399","399","23.62","4422","-246"
5,"2015-03-09",4264,"test","6208","6184","6195","0.478","0.522","-1931","1931","45.29","8529","3861"
5,"2015-03-10",3935,"test","5113","5087","5099","0.478","0.522","-1164","1164","29.58","7433","2765"
5,"2015-03-11",3985,"test","5266","5240","5252","0.478","0.522","-1267","1267","31.79","7586","2918"
5,"2015-03-12",3580,"test","4841","4812","4826","0.478","0.522","-1246","1246","34.80","7160","2492"
5,"2015-03-13",4146,"test","4943","4910","4926","0.478","0.522","-780","780","18.81","7260","2592"
5,"2015-03-14",2042,"test","2106","2076","2090","0.478","0.522","-48","48","2.35","4424","-244"
5,"2015-03-16",7237,"test","6212","6184","6197","0.478","0.522","1040","1040","14.37","8531","3863"
5,"2015-03-17",5555,"test","5117","5087","5101","0.478","0.522","454","454","8.17","7435","2767"
5,"2015-03-18",5261,"test","5270","5240","5254","0.478","0.522","7","7","0.13","7588","2920"
5,"2015-03-19",4720,"test","4845","4812","4828","0.478","0.522","-108","108","2.29","7162","2494"
5,"2015-03-20",4709,"test","4947","4910","4928","0.478","0.522","-219","219","4.65","7262","2594"
5,"2015-03-21",1783,"test","2110","2076","2092","0.478","0.522","-309","309","17.33","4426","-242"
5,"2015-03-23",4028,"test","6215","6184","6199","0.478","0.522","-2171","2171","53.90","8533","3865"
5,"2015-03-24",4073,"test","5121","5087","5103","0.478","0.522","-1030","1030","25.29","7437","2769"
5,"2015-03-25",4325,"test","5274","5240","5256","0.478","0.522","-931","931","21.53","7590","2922"
5,"2015-03-26",3711,"test","4848","4812","4829","0.478","0.522","-1118","1118","30.13","7163","2495"
5,"2015-03-27",4181,"test","4951","4910","4930","0.478","0.522","-749","749","17.91","7264","2596"
5,"2015-03-28",2038,"test","2114","2076","2094","0.478","0.522","-56","56","2.75","4428","-240"
5,"2015-03-30",8847,"test","6219","6184","6201","0.478","0.522","2646","2646","29.91","8535","3867"
5,"2015-03-31",7692,"test","5125","5087","5105","0.478","0.522","2587","2587","33.63","7439","2771"
5,"2015-04-01",7720,"test","5326","5240","5281","0.478","0.522","2439","2439","31.59","7615","2947"
5,"2015-04-02",6321,"test","4900","4812","4854","0.478","0.522","1467","1467","23.21","7188","2520"
5,"2015-04-04",3248,"test","2165","2076","2119","0.478","0.522","1129","1129","34.76","4453","-215"
5,"2015-04-07",4713,"test","5176","5087","5130","0.478","0.522","-417","417","8.85","7464","2796"
5,"2015-04-08",4191,"test","5328","5240","5282","0.478","0.522","-1091","1091","26.03","7616","2948"
5,"2015-04-09",3704,"test","4903","4812","4855","0.478","0.522","-1151","1151","31.07","7189","2521"
5,"2015-04-10",4064,"test","5005","4910","4955","0.478","0.522","-891","891","21.92","7289","2621"
5,"2015-04-11",1945,"test","2168","2076","2120","0.478","0.522","-175","175","9.00","4454","-214"
5,"2015-04-13",7213,"test","6274","6184","6227","0.478","0.522","986","986","13.67","8561","3893"
5,"2015-04-14",6132,"test","5179","5087","5131","0.478","0.522","1001","1001","16.32","7465","2797"
5,"2015-04-15",6071,"test","5332","5240","5284","0.478","0.522","787","787","12.96","7618","2950"
5,"2015-04-16",5404,"test","4907","4812","4857","0.478","0.522","547","547","10.12","7191","2523"
5,"2015-04-17",5098,"test","5009","4910","4957","0.478","0.522","141","141","2.77","7291","2623"
5,"2015-04-18",1828,"test","2172","2076","2122","0.478","0.522","-294","294","16.08","4456","-212"
5,"2015-04-20",3797,"test","6278","6184","6229","0.478","0.522","-2432","2432","64.05","8563","3895"
5,"2015-04-21",3388,"test","5183","5087","5133","0.478","0.522","-1745","1745","51.51","7467","2799"
5,"2015-04-22",4121,"test","5336","5240","5286","0.478","0.522","-1165","1165","28.27","7620","2952"
5,"2015-04-23",3586,"test","4911","4812","4859","0.478","0.522","-1273","1273","35.50","7193","2525"
5,"2015-04-24",3516,"test","5013","4910","4959","0.478","0.522","-1443","1443","41.04","7293","2625"
5,"2015-04-25",2015,"test","2176","2076","2124","0.478","0.522","-109","109","5.41","4458","-210"
5,"2015-04-27",6858,"test","6281","6184","6230","0.478","0.522","628","628","9.16","8564","3896"
5,"2015-04-28",6012,"test","5187","5087","5135","0.478","0.522","877","877","14.59","7469","2801"
5,"2015-04-29",6366,"test","5340","5240","5288","0.478","0.522","1078","1078","16.93","7622","2954"
5,"2015-04-30",6598,"test","4914","4812","4861","0.478","0.522","1737","1737","26.33","7195","2527"
5,"2015-05-02",3182,"test","2209","2076","2140","0.478","0.522","1042","1042","32.75","4474","-194"
5,"2015-05-04",7503,"test","6315","6184","6247","0.478","0.522","1256","1256","16.74","8581","3913"
5,"2015-05-05",6315,"test","5220","5087","5151","0.478","0.522","1164","1164","18.43","7485","2817"
5,"2015-05-06",5795,"test","5373","5240","5304","0.478","0.522","491","491","8.47","7638","2970"
5,"2015-05-07",4897,"test","4948","4812","4877","0.478","0.522","20","20","0.41","7211","2543"
5,"2015-05-08",5301,"test","5050","4910","4977","0.478","0.522","324","324","6.11","7311","2643"
5,"2015-05-09",2354,"test","2213","2076","2141","0.478","0.522","213","213","9.05","4475","-193"
5,"2015-05-11",4305,"test","6319","6184","6249","0.478","0.522","-1944","1944","45.16","8583","3915"
5,"2015-05-12",4438,"test","5224","5087","5152","0.478","0.522","-714","714","16.09","7486","2818"
5,"2015-05-13",5414,"test","5377","5240","5305","0.478","0.522","109","109","2.01","7639","2971"
5,"2015-05-15",4746,"test","5053","4910","4978","0.478","0.522","-232","232","4.89","7312","2644"
5,"2015-05-16",1997,"test","2216","2076","2143","0.478","0.522","-146","146","7.31","4477","-191"
5,"2015-05-18",7173,"test","6322","6184","6250","0.478","0.522","923","923","12.87","8584","3916"
5,"2015-05-19",5957,"test","5227","5087","5154","0.478","0.522","803","803","13.48","7488","2820"
5,"2015-05-20",5697,"test","5380","5240","5307","0.478","0.522","390","390","6.85","7641","2973"
5,"2015-05-21",4660,"test","4955","4812","4880","0.478","0.522","-220","220","4.72","7214","2546"
5,"2015-05-22",4813,"test","5057","4910","4980","0.478","0.522","-167","167","3.47","7314","2646"
5,"2015-05-23",2151,"test","2220","2076","2145","0.478","0.522","6","6","0.28","4479","-189"
5,"2015-05-26",4567,"test","5231","5087","5156","0.478","0.522","-589","589","12.90","7490","2822"
5,"2015-05-27",4431,"test","5383","5240","5308","0.478","0.522","-877","877","19.79","7642","2974"
5,"2015-05-28",4134,"test","4958","4812","4882","0.478","0.522","-748","748","18.09","7216","2548"
5,"2015-05-29",5833,"test","5061","4910","4982","0.478","0.522","851","851","14.59","7316","2648"
5,"2015-05-30",2533,"test","2223","2076","2146","0.478","0.522","387","387","15.28","4480","-188"
5,"2015-06-01",8396,"test","6310","6184","6244","0.478","0.522","2152","2152","25.63","8578","3910"
5,"2015-06-02",6416,"test","5215","5087","5148","0.478","0.522","1268","1268","19.76","7482","2814"
5,"2015-06-03",5703,"test","5368","5240","5301","0.478","0.522","402","402","7.05","7635","2967"
5,"2015-06-04",5807,"test","4943","4812","4875","0.478","0.522","932","932","16.05","7209","2541"
5,"2015-06-05",5431,"test","5045","4910","4975","0.478","0.522","456","456","8.40","7309","2641"
5,"2015-06-06",1838,"test","2208","2076","2139","0.478","0.522","-301","301","16.38","4473","-195"
5,"2015-06-08",4260,"test","6314","6184","6246","0.478","0.522","-1986","1986","46.62","8580","3912"
5,"2015-06-09",3999,"test","5219","5087","5150","0.478","0.522","-1151","1151","28.78","7484","2816"
5,"2015-06-10",4191,"test","5372","5240","5303","0.478","0.522","-1112","1112","26.53","7637","2969"
5,"2015-06-11",4082,"test","4947","4812","4877","0.478","0.522","-795","795","19.48","7211","2543"
5,"2015-06-12",4329,"test","5049","4910","4976","0.478","0.522","-647","647","14.95","7310","2642"
5,"2015-06-13",2156,"test","2212","2076","2141","0.478","0.522","15","15","0.70","4475","-193"
5,"2015-06-15",7808,"test","6317","6184","6248","0.478","0.522","1560","1560","19.98","8582","3914"
5,"2015-06-16",6354,"test","5223","5087","5152","0.478","0.522","1202","1202","18.92","7486","2818"
5,"2015-06-17",5632,"test","5376","5240","5305","0.478","0.522","327","327","5.81","7639","2971"
5,"2015-06-18",4924,"test","4950","4812","4878","0.478","0.522","46","46","0.93","7212","2544"
5,"2015-06-19",5711,"test","5053","4910","4978","0.478","0.522","733","733","12.83","7312","2644"
5,"2015-06-20",2088,"test","2216","2076","2143","0.478","0.522","-55","55","2.63","4477","-191"
5,"2015-06-22",3827,"test","6321","6184","6249","0.478","0.522","-2422","2422","63.29","8583","3915"
5,"2015-06-23",3697,"test","5227","5087","5154","0.478","0.522","-1457","1457","39.41","7488","2820"
5,"2015-06-24",4134,"test","5380","5240","5307","0.478","0.522","-1173","1173","28.37","7641","2973"
5,"2015-06-25",3325,"test","4954","4812","4880","0.478","0.522","-1555","1555","46.77","7214","2546"
5,"2015-06-26",3799,"test","5057","4910","4980","0.478","0.522","-1181","1181","31.09","7314","2646"
5,"2015-06-27",1876,"test","2220","2076","2145","0.478","0.522","-269","269","14.34","4479","-189"
5,"2015-06-29",7623,"test","6325","6184","6251","0.478","0.522","1372","1372","18.00","8585","3917"
5,"2015-06-30",6635,"test","5231","5087","5156","0.478","0.522","1479","1479","22.29","7490","2822"
5,"2015-07-01",6253,"test","5903","5240","5557","0.478","0.522","696","696","11.13","7891","3223"
5,"2015-07-02",6035,"test","5478","4812","5130","0.478","0.522","905","905","15.00","7464","2796"
5,"2015-07-03",4475,"test","5581","4910","5231","0.478","0.522","-756","756","16.89","7565","2897"
5,"2015-07-04",2240,"test","2743","2076","2395","0.478","0.522","-155","155","6.92","4729","61"
5,"2015-07-06",4328,"test","6849","6184","6502","0.478","0.522","-2174","2174","50.23","8836","4168"
5,"2015-07-07",4036,"test","5755","5087","5406","0.478","0.522","-1370","1370","33.94","7740","3072"
5,"2015-07-08",4990,"test","5907","5240","5559","0.478","0.522","-569","569","11.40","7893","3225"
5,"2015-07-09",4601,"test","5482","4812","5132","0.478","0.522","-531","531","11.54","7466","2798"
5,"2015-07-10",4252,"test","5585","4910","5233","0.478","0.522","-981","981","23.07","7567","2899"
5,"2015-07-11",2023,"test","2747","2076","2397","0.478","0.522","-374","374","18.49","4731","63"
5,"2015-07-13",7425,"test","6853","6184","6504","0.478","0.522","921","921","12.40","8838","4170"
5,"2015-07-14",6144,"test","5759","5087","5408","0.478","0.522","736","736","11.98","7742","3074"
5,"2015-07-15",6323,"test","5911","5240","5561","0.478","0.522","762","762","12.05","7895","3227"
5,"2015-07-16",4963,"test","5486","4812","5134","0.478","0.522","-171","171","3.45","7468","2800"
5,"2015-07-17",4355,"test","5588","4910","5234","0.478","0.522","-879","879","20.18","7568","2900"
5,"2015-07-18",2108,"test","2751","2076","2399","0.478","0.522","-291","291","13.80","4733","65"
5,"2015-07-20",4183,"test","6857","6184","6506","0.478","0.522","-2323","2323","55.53","8840","4172"
5,"2015-07-21",3497,"test","5762","5087","5410","0.478","0.522","-1913","1913","54.70","7744","3076"
5,"2015-07-22",3595,"test","5915","5240","5563","0.478","0.522","-1968","1968","54.74","7897","3229"
5,"2015-07-23",3713,"test","5490","4812","5136","0.478","0.522","-1423","1423","38.32","7470","2802"
5,"2015-07-24",3815,"test","5592","4910","5236","0.478","0.522","-1421","1421","37.25","7570","2902"
5,"2015-07-25",2030,"test","2755","2076","2401","0.478","0.522","-371","371","18.28","4735","67"
5,"2015-07-27",7059,"test","6861","6184","6508","0.478","0.522","551","551","7.81","8842","4174"
5,"2015-07-28",6083,"test","5766","5087","5412","0.478","0.522","671","671","11.03","7746","3078"
5,"2015-07-29",5899,"test","5919","5240","5565","0.478","0.522","334","334","5.66","7899","3231"
5,"2015-07-30",4943,"test","5494","4812","5138","0.478","0.522","-195","195","3.94","7472","2804"
5,"2015-07-31",4822,"test","5596","4910","5238","0.478","0.522","-416","416","8.63","7572","2904"
6,"2013-01-18",5553,"train","5983","6110","6028","0.649","0.351","-475","475","8.55","8125","3931"
6,"2013-01-19",3702,"train","3551","3662","3590","0.649","0.351","112","112","3.03","5687","1493"
6,"2013-01-21",6764,"train","6771","6876","6808","0.649","0.351","-44","44","0.65","8905","4711"
6,"2013-01-22",7066,"train","6014","6125","6053","0.649","0.351","1013","1013","14.34","8150","3956"
6,"2013-01-23",7343,"train","5791","5902","5830","0.649","0.351","1513","1513","20.60","7927","3733"
6,"2013-01-24",5844,"train","5630","5753","5673","0.649","0.351","171","171","2.93","7770","3576"
6,"2013-01-25",6433,"train","5968","6110","6018","0.649","0.351","415","415","6.45","8115","3921"
6,"2013-01-26",3443,"train","3535","3662","3580","0.649","0.351","-137","137","3.98","5677","1483"
6,"2013-01-28",6209,"train","6756","6876","6798","0.649","0.351","-589","589","9.49","8895","4701"
6,"2013-01-29",5411,"train","5998","6125","6043","0.649","0.351","-632","632","11.68","8140","3946"
6,"2013-01-30",5751,"train","5776","5902","5820","0.649","0.351","-69","69","1.20","7917","3723"
6,"2013-01-31",6458,"train","5615","5753","5663","0.649","0.351","795","795","12.31","7760","3566"
6,"2013-02-01",6601,"train","6145","6110","6133","0.649","0.351","468","468","7.09","8230","4036"
6,"2013-02-02",3927,"train","3712","3662","3694","0.649","0.351","233","233","5.93","5791","1597"
6,"2013-02-04",7954,"train","6933","6876","6913","0.649","0.351","1041","1041","13.09","9010","4816"
6,"2013-02-05",7334,"train","6175","6125","6157","0.649","0.351","1177","1177","16.05","8254","4060"
6,"2013-02-06",6871,"train","5953","5902","5935","0.649","0.351","936","936","13.62","8032","3838"
6,"2013-02-07",6193,"train","5792","5753","5778","0.649","0.351","415","415","6.70","7875","3681"
6,"2013-02-08",6623,"train","6130","6110","6123","0.649","0.351","500","500","7.55","8220","4026"
6,"2013-02-09",3851,"train","3697","3662","3685","0.649","0.351","166","166","4.31","5782","1588"
6,"2013-02-11",5695,"train","6918","6876","6903","0.649","0.351","-1208","1208","21.21","9000","4806"
6,"2013-02-12",5119,"train","6160","6125","6148","0.649","0.351","-1029","1029","20.10","8245","4051"
6,"2013-02-13",4804,"train","5938","5902","5925","0.649","0.351","-1121","1121","23.33","8022","3828"
6,"2013-02-14",5056,"train","5777","5753","5769","0.649","0.351","-713","713","14.10","7866","3672"
6,"2013-02-15",5215,"train","6115","6110","6113","0.649","0.351","-898","898","17.22","8210","4016"
6,"2013-02-16",3779,"train","3682","3662","3675","0.649","0.351","104","104","2.75","5772","1578"
6,"2013-02-18",8262,"train","6903","6876","6894","0.649","0.351","1368","1368","16.56","8991","4797"
6,"2013-02-19",6450,"train","6145","6125","6138","0.649","0.351","312","312","4.84","8235","4041"
6,"2013-02-20",6535,"train","5923","5902","5916","0.649","0.351","619","619","9.47","8013","3819"
6,"2013-02-21",6252,"train","5762","5753","5759","0.649","0.351","493","493","7.89","7856","3662"
6,"2013-02-22",6796,"train","6100","6110","6104","0.649","0.351","692","692","10.18","8201","4007"
6,"2013-02-23",3403,"train","3667","3662","3665","0.649","0.351","-262","262","7.70","5762","1568"
6,"2013-02-25",5660,"train","6888","6876","6884","0.649","0.351","-1224","1224","21.63","8981","4787"
6,"2013-02-26",5471,"train","6130","6125","6128","0.649","0.351","-657","657","12.01","8225","4031"
6,"2013-02-27",5280,"train","5908","5902","5906","0.649","0.351","-626","626","11.86","8003","3809"
6,"2013-02-28",6524,"train","5747","5753","5749","0.649","0.351","775","775","11.88","7846","3652"
6,"2013-03-01",6755,"train","6555","6110","6399","0.649","0.351","356","356","5.27","8496","4302"
6,"2013-03-02",4257,"train","4122","3662","3961","0.649","0.351","296","296","6.95","6058","1864"
6,"2013-03-04",8596,"train","7343","6876","7179","0.649","0.351","1417","1417","16.48","9276","5082"
6,"2013-03-05",8057,"train","6585","6125","6424","0.649","0.351","1633","1633","20.27","8521","4327"
6,"2013-03-06",7243,"train","6363","5902","6201","0.649","0.351","1042","1042","14.39","8298","4104"
6,"2013-03-07",6867,"train","6202","5753","6044","0.649","0.351","823","823","11.98","8141","3947"
6,"2013-03-08",6630,"train","6540","6110","6389","0.649","0.351","241","241","3.63","8486","4292"
6,"2013-03-09",3450,"train","4107","3662","3951","0.649","0.351","-501","501","14.52","6048","1854"
6,"2013-03-11",5680,"train","7328","6876","7169","0.649","0.351","-1489","1489","26.21","9266","5072"
6,"2013-03-12",5579,"train","6570","6125","6414","0.649","0.351","-835","835","14.97","8511","4317"
6,"2013-03-13",5129,"train","6348","5902","6191","0.649","0.351","-1062","1062","20.71","8288","4094"
6,"2013-03-14",5697,"train","6187","5753","6035","0.649","0.351","-338","338","5.93","8132","3938"
6,"2013-03-15",5838,"train","6525","6110","6379","0.649","0.351","-541","541","9.27","8476","4282"
6,"2013-03-16",3750,"train","4092","3662","3941","0.649","0.351","-191","191","5.09","6038","1844"
6,"2013-03-18",7907,"train","7313","6876","7160","0.649","0.351","747","747","9.45","9257","5063"
6,"2013-03-19",6603,"train","6555","6125","6404","0.649","0.351","199","199","3.01","8501","4307"
6,"2013-03-20",7506,"train","6333","5902","6182","0.649","0.351","1324","1324","17.64","8279","4085"
6,"2013-03-21",6335,"train","6172","5753","6025","0.649","0.351","310","310","4.89","8122","3928"
6,"2013-03-22",6745,"train","6510","6110","6370","0.649","0.351","375","375","5.56","8467","4273"
6,"2013-03-23",3582,"train","4077","3662","3931","0.649","0.351","-349","349","9.74","6028","1834"
6,"2013-03-25",8285,"train","7298","6876","7150","0.649","0.351","1135","1135","13.70","9247","5053"
6,"2013-03-26",8286,"train","6540","6125","6394","0.649","0.351","1892","1892","22.83","8491","4297"
6,"2013-03-27",8296,"train","6318","5902","6172","0.649","0.351","2124","2124","25.60","8269","4075"
6,"2013-03-28",10228,"train","6157","5753","6015","0.649","0.351","4213","4213","41.19","8112","3918"
6,"2013-03-30",5249,"train","4065","3662","3924","0.649","0.351","1325","1325","25.24","6021","1827"
6,"2013-04-02",7028,"train","6682","6125","6486","0.649","0.351","542","542","7.71","8583","4389"
6,"2013-04-03",6066,"train","6460","5902","6264","0.649","0.351","-198","198","3.26","8361","4167"
6,"2013-04-04",5359,"train","6299","5753","6107","0.649","0.351","-748","748","13.96","8204","4010"
6,"2013-04-05",5798,"train","6637","6110","6452","0.649","0.351","-654","654","11.28","8549","4355"
6,"2013-04-06",3297,"train","4204","3662","4014","0.649","0.351","-717","717","21.75","6111","1917"
6,"2013-04-08",7883,"train","7425","6876","7232","0.649","0.351","651","651","8.26","9329","5135"
6,"2013-04-09",7676,"train","6667","6125","6477","0.649","0.351","1199","1199","15.62","8574","4380"
6,"2013-04-10",6645,"train","6445","5902","6254","0.649","0.351","391","391","5.88","8351","4157"
6,"2013-04-11",6389,"train","6284","5753","6098","0.649","0.351","291","291","4.55","8195","4001"
6,"2013-04-12",6520,"train","6622","6110","6442","0.649","0.351","78","78","1.20","8539","4345"
6,"2013-04-13",3121,"train","4189","3662","4004","0.649","0.351","-883","883","28.29","6101","1907"
6,"2013-04-15",5683,"train","7410","6876","7223","0.649","0.351","-1540","1540","27.10","9320","5126"
6,"2013-04-16",5641,"train","6652","6125","6467","0.649","0.351","-826","826","14.64","8564","4370"
6,"2013-04-17",5758,"train","6430","5902","6245","0.649","0.351","-487","487","8.46","8342","4148"
6,"2013-04-18",5156,"train","6269","5753","6088","0.649","0.351","-932","932","18.08","8185","3991"
6,"2013-04-19",5872,"train","6607","6110","6433","0.649","0.351","-561","561","9.55","8530","4336"
6,"2013-04-20",4166,"train","4174","3662","3994","0.649","0.351","172","172","4.13","6091","1897"
6,"2013-04-22",8100,"train","7395","6876","7213","0.649","0.351","887","887","10.95","9310","5116"
6,"2013-04-23",7543,"train","6637","6125","6457","0.649","0.351","1086","1086","14.40","8554","4360"
6,"2013-04-24",6514,"train","6415","5902","6235","0.649","0.351","279","279","4.28","8332","4138"
6,"2013-04-25",6212,"train","6254","5753","6078","0.649","0.351","134","134","2.16","8175","3981"
6,"2013-04-26",6598,"train","6592","6110","6423","0.649","0.351","175","175","2.65","8520","4326"
6,"2013-04-27",3346,"train","4159","3662","3985","0.649","0.351","-639","639","19.10","6082","1888"
6,"2013-04-29",8088,"train","7380","6876","7203","0.649","0.351","885","885","10.94","9300","5106"
6,"2013-04-30",9810,"train","6622","6125","6448","0.649","0.351","3362","3362","34.27","8545","4351"
6,"2013-05-02",8943,"train","6292","5753","6103","0.649","0.351","2840","2840","31.76","8200","4006"
6,"2013-05-03",8164,"train","6629","6110","6447","0.649","0.351","1717","1717","21.03","8544","4350"
6,"2013-05-04",3620,"train","4197","3662","4009","0.649","0.351","-389","389","10.75","6106","1912"
6,"2013-05-06",5918,"train","7417","6876","7227","0.649","0.351","-1309","1309","22.12","9324","5130"
6,"2013-05-07",6581,"train","6660","6125","6472","0.649","0.351","109","109","1.66","8569","4375"
6,"2013-05-08",7143,"train","6437","5902","6249","0.649","0.351","894","894","12.52","8346","4152"
6,"2013-05-10",6355,"train","6617","6110","6439","0.649","0.351","-84","84","1.32","8536","4342"
6,"2013-05-11",4094,"train","4184","3662","4001","0.649","0.351","93","93","2.27","6098","1904"
6,"2013-05-13",8389,"train","7405","6876","7219","0.649","0.351","1170","1170","13.95","9316","5122"
6,"2013-05-14",7179,"train","6647","6125","6464","0.649","0.351","715","715","9.96","8561","4367"
6,"2013-05-15",7219,"train","6425","5902","6241","0.649","0.351","978","978","13.55","8338","4144"
6,"2013-05-16",6902,"train","6264","5753","6085","0.649","0.351","817","817","11.84","8182","3988"
6,"2013-05-17",7346,"train","6602","6110","6429","0.649","0.351","917","917","12.48","8526","4332"
6,"2013-05-18",3822,"train","4169","3662","3991","0.649","0.351","-169","169","4.42","6088","1894"
6,"2013-05-21",7053,"train","6635","6125","6456","0.649","0.351","597","597","8.46","8553","4359"
6,"2013-05-22",5498,"train","6412","5902","6233","0.649","0.351","-735","735","13.37","8330","4136"
6,"2013-05-23",6249,"train","6252","5753","6077","0.649","0.351","172","172","2.75","8174","3980"
6,"2013-05-24",6397,"train","6589","6110","6421","0.649","0.351","-24","24","0.38","8518","4324"
6,"2013-05-25",4100,"train","4157","3662","3983","0.649","0.351","117","117","2.85","6080","1886"
6,"2013-05-27",7806,"train","7377","6876","7201","0.649","0.351","605","605","7.75","9298","5104"
6,"2013-05-28",6508,"train","6620","6125","6446","0.649","0.351","62","62","0.95","8543","4349"
6,"2013-05-29",6571,"train","6397","5902","6223","0.649","0.351","348","348","5.30","8320","4126"
6,"2013-05-30",6594,"train","6237","5753","6067","0.649","0.351","527","527","7.99","8164","3970"
6,"2013-05-31",9521,"train","6574","6110","6411","0.649","0.351","3110","3110","32.66","8508","4314"
6,"2013-06-01",4282,"train","4059","3662","3920","0.649","0.351","362","362","8.45","6017","1823"
6,"2013-06-03",7155,"train","7279","6876","7138","0.649","0.351","17","17","0.24","9235","5041"
6,"2013-06-04",7563,"train","6522","6125","6383","0.649","0.351","1180","1180","15.60","8480","4286"
6,"2013-06-05",7138,"train","6299","5902","6160","0.649","0.351","978","978","13.70","8257","4063"
6,"2013-06-06",6780,"train","6139","5753","6004","0.649","0.351","776","776","11.45","8101","3907"
6,"2013-06-07",7755,"train","6476","6110","6348","0.649","0.351","1407","1407","18.14","8445","4251"
6,"2013-06-08",4357,"train","4044","3662","3910","0.649","0.351","447","447","10.26","6007","1813"
6,"2013-06-10",6669,"train","7264","6876","7128","0.649","0.351","-459","459","6.88","9225","5031"
6,"2013-06-11",6184,"train","6507","6125","6373","0.649","0.351","-189","189","3.06","8470","4276"
6,"2013-06-12",6109,"train","6284","5902","6150","0.649","0.351","-41","41","0.67","8247","4053"
6,"2013-06-13",5472,"train","6124","5753","5994","0.649","0.351","-522","522","9.54","8091","3897"
6,"2013-06-14",6440,"train","6461","6110","6338","0.649","0.351","102","102","1.58","8435","4241"
6,"2013-06-15",3951,"train","4029","3662","3900","0.649","0.351","51","51","1.29","5997","1803"
6,"2013-06-17",7995,"train","7249","6876","7118","0.649","0.351","877","877","10.97","9215","5021"
6,"2013-06-18",7317,"train","6492","6125","6363","0.649","0.351","954","954","13.04","8460","4266"
6,"2013-06-19",6975,"train","6269","5902","6140","0.649","0.351","835","835","11.97","8237","4043"
6,"2013-06-20",6298,"train","6109","5753","5984","0.649","0.351","314","314","4.99","8081","3887"
6,"2013-06-21",7285,"train","6446","6110","6328","0.649","0.351","957","957","13.14","8425","4231"
6,"2013-06-22",4501,"train","4014","3662","3890","0.649","0.351","611","611","13.57","5987","1793"
6,"2013-06-24",6394,"train","7234","6876","7108","0.649","0.351","-714","714","11.17","9205","5011"
6,"2013-06-25",4942,"train","6477","6125","6353","0.649","0.351","-1411","1411","28.55","8450","4256"
6,"2013-06-26",5938,"train","6254","5902","6130","0.649","0.351","-192","192","3.23","8227","4033"
6,"2013-06-27",5988,"train","6094","5753","5974","0.649","0.351","14","14","0.23","8071","3877"
6,"2013-06-28",7437,"train","6431","6110","6318","0.649","0.351","1119","1119","15.05","8415","4221"
6,"2013-06-29",4460,"train","3999","3662","3881","0.649","0.351","579","579","12.98","5978","1784"
6,"2013-07-01",9914,"train","7294","6876","7147","0.649","0.351","2767","2767","27.91","9244","5050"
6,"2013-07-02",7909,"train","6537","6125","6392","0.649","0.351","1517","1517","19.18","8489","4295"
6,"2013-07-03",7496,"train","6314","5902","6169","0.649","0.351","1327","1327","17.70","8266","4072"
6,"2013-07-04",6871,"train","6154","5753","6013","0.649","0.351","858","858","12.49","8110","3916"
6,"2013-07-05",6723,"train","6491","6110","6357","0.649","0.351","366","366","5.44","8454","4260"
6,"2013-07-06",3912,"train","4059","3662","3920","0.649","0.351","-8","8","0.20","6017","1823"
6,"2013-07-08",7090,"train","7279","6876","7138","0.649","0.351","-48","48","0.68","9235","5041"
6,"2013-07-09",5749,"train","6521","6125","6382","0.649","0.351","-633","633","11.01","8479","4285"
6,"2013-07-10",5765,"train","6299","5902","6160","0.649","0.351","-395","395","6.85","8257","4063"
6,"2013-07-11",5796,"train","6138","5753","6003","0.649","0.351","-207","207","3.57","8100","3906"
6,"2013-07-12",6575,"train","6476","6110","6348","0.649","0.351","227","227","3.45","8445","4251"
6,"2013-07-13",4178,"train","4043","3662","3909","0.649","0.351","269","269","6.44","6006","1812"
6,"2013-07-15",8493,"train","7264","6876","7128","0.649","0.351","1365","1365","16.07","9225","5031"
6,"2013-07-16",7554,"train","6506","6125","6372","0.649","0.351","1182","1182","15.65","8469","4275"
6,"2013-07-17",6913,"train","6284","5902","6150","0.649","0.351","763","763","11.04","8247","4053"
6,"2013-07-18",6576,"train","6123","5753","5993","0.649","0.351","583","583","8.87","8090","3896"
6,"2013-07-19",7280,"train","6461","6110","6338","0.649","0.351","942","942","12.94","8435","4241"
6,"2013-07-20",3817,"train","4028","3662","3900","0.649","0.351","-83","83","2.17","5997","1803"
6,"2013-07-22",6092,"train","7249","6876","7118","0.649","0.351","-1026","1026","16.84","9215","5021"
6,"2013-07-23",5706,"train","6491","6125","6363","0.649","0.351","-657","657","11.51","8460","4266"
6,"2013-07-24",5702,"train","6269","5902","6140","0.649","0.351","-438","438","7.68","8237","4043"
6,"2013-07-25",5203,"train","6108","5753","5983","0.649","0.351","-780","780","14.99","8080","3886"
6,"2013-07-26",5370,"train","6446","6110","6328","0.649","0.351","-958","958","17.84","8425","4231"
6,"2013-07-27",3365,"train","4013","3662","3890","0.649","0.351","-525","525","15.60","5987","1793"
6,"2013-07-29",7860,"train","7234","6876","7108","0.649","0.351","752","752","9.57","9205","5011"
6,"2013-07-30",7285,"train","6476","6125","6353","0.649","0.351","932","932","12.79","8450","4256"
6,"2013-07-31",8941,"train","6254","5902","6130","0.649","0.351","2811","2811","31.44","8227","4033"
6,"2013-08-01",7614,"train","5683","5753","5708","0.649","0.351","1906","1906","25.03","7805","3611"
6,"2013-08-02",7097,"train","6021","6110","6052","0.649","0.351","1045","1045","14.72","8149","3955"
6,"2013-08-03",3869,"train","3588","3662","3614","0.649","0.351","255","255","6.59","5711","1517"
6,"2013-08-05",6104,"train","6809","6876","6833","0.649","0.351","-729","729","11.94","8930","4736"
6,"2013-08-06",5376,"train","6051","6125","6077","0.649","0.351","-701","701","13.04","8174","3980"
6,"2013-08-07",5704,"train","5829","5902","5855","0.649","0.351","-151","151","2.65","7952","3758"
6,"2013-08-08",5490,"train","5668","5753","5698","0.649","0.351","-208","208","3.79","7795","3601"
6,"2013-08-09",5659,"train","6006","6110","6043","0.649","0.351","-384","384","6.79","8140","3946"
6,"2013-08-10",3693,"train","3573","3662","3604","0.649","0.351","89","89","2.41","5701","1507"
6,"2013-08-12",7464,"train","6794","6876","6823","0.649","0.351","641","641","8.59","8920","4726"
6,"2013-08-13",6352,"train","6036","6125","6067","0.649","0.351","285","285","4.49","8164","3970"
6,"2013-08-14",7249,"train","5814","5902","5845","0.649","0.351","1404","1404","19.37","7942","3748"
6,"2013-08-15",6217,"train","5653","5753","5688","0.649","0.351","529","529","8.51","7785","3591"
6,"2013-08-16",6380,"train","5991","6110","6033","0.649","0.351","347","347","5.44","8130","3936"
6,"2013-08-17",3491,"train","3558","3662","3595","0.649","0.351","-104","104","2.98","5692","1498"
6,"2013-08-19",5933,"train","6779","6876","6813","0.649","0.351","-880","880","14.83","8910","4716"
6,"2013-08-20",5391,"train","6021","6125","6058","0.649","0.351","-667","667","12.37","8155","3961"
6,"2013-08-21",5685,"train","5799","5902","5835","0.649","0.351","-150","150","2.64","7932","3738"
6,"2013-08-22",5365,"train","5638","5753","5678","0.649","0.351","-313","313","5.83","7775","3581"
6,"2013-08-23",5853,"train","5976","6110","6023","0.649","0.351","-170","170","2.90","8120","3926"
6,"2013-08-24",3638,"train","3543","3662","3585","0.649","0.351","53","53","1.46","5682","1488"
6,"2013-08-26",7736,"train","6764","6876","6803","0.649","0.351","933","933","12.06","8900","4706"
6,"2013-08-27",7031,"train","6006","6125","6048","0.649","0.351","983","983","13.98","8145","3951"
6,"2013-08-28",6443,"train","5784","5902","5825","0.649","0.351","618","618","9.59","7922","3728"
6,"2013-08-29",6362,"train","5623","5753","5669","0.649","0.351","693","693","10.89","7766","3572"
6,"2013-08-30",8711,"train","5961","6110","6013","0.649","0.351","2698","2698","30.97","8110","3916"
6,"2013-08-31",3929,"train","3528","3662","3575","0.649","0.351","354","354","9.01","5672","1478"
6,"2013-09-02",6533,"train","7050","6876","6989","0.649","0.351","-456","456","6.98","9086","4892"
6,"2013-09-03",5940,"train","6292","6125","6233","0.649","0.351","-293","293","4.93","8330","4136"
6,"2013-09-04",6322,"train","6070","5902","6011","0.649","0.351","311","311","4.92","8108","3914"
6,"2013-09-05",5564,"train","5909","5753","5854","0.649","0.351","-290","290","5.21","7951","3757"
6,"2013-09-06",6108,"train","6247","6110","6199","0.649","0.351","-91","91","1.49","8296","4102"
6,"2013-09-07",3465,"train","3814","3662","3761","0.649","0.351","-296","296","8.54","5858","1664"
6,"2013-09-09",8207,"train","7035","6876","6979","0.649","0.351","1228","1228","14.96","9076","4882"
6,"2013-09-10",7267,"train","6277","6125","6224","0.649","0.351","1043","1043","14.35","8321","4127"
6,"2013-09-11",7434,"train","6055","5902","6001","0.649","0.351","1433","1433","19.28","8098","3904"
6,"2013-09-12",6728,"train","5894","5753","5845","0.649","0.351","883","883","13.12","7942","3748"
6,"2013-09-13",7310,"train","6232","6110","6189","0.649","0.351","1121","1121","15.34","8286","4092"
6,"2013-09-14",3408,"train","3799","3662","3751","0.649","0.351","-343","343","10.06","5848","1654"
6,"2013-09-16",5625,"train","7020","6876","6969","0.649","0.351","-1344","1344","23.89","9066","4872"
6,"2013-09-17",5448,"train","6262","6125","6214","0.649","0.351","-766","766","14.06","8311","4117"
6,"2013-09-18",5013,"train","6040","5902","5992","0.649","0.351","-979","979","19.53","8089","3895"
6,"2013-09-19",5521,"train","5879","5753","5835","0.649","0.351","-314","314","5.69","7932","3738"
6,"2013-09-20",5424,"train","6217","6110","6179","0.649","0.351","-755","755","13.92","8276","4082"
6,"2013-09-21",3601,"train","3784","3662","3741","0.649","0.351","-140","140","3.89","5838","1644"
6,"2013-09-23",8462,"train","7005","6876","6960","0.649","0.351","1502","1502","17.75","9057","4863"
6,"2013-09-24",7593,"train","6247","6125","6204","0.649","0.351","1389","1389","18.29","8301","4107"
6,"2013-09-25",6689,"train","6025","5902","5982","0.649","0.351","707","707","10.57","8079","3885"
6,"2013-09-26",5579,"train","5864","5753","5825","0.649","0.351","-246","246","4.41","7922","3728"
6,"2013-09-27",7168,"train","6202","6110","6170","0.649","0.351","998","998","13.92","8267","4073"
6,"2013-09-28",3605,"train","3769","3662","3731","0.649","0.351","-126","126","3.50","5828","1634"
6,"2013-09-30",7368,"train","6990","6876","6950","0.649","0.351","418","418","5.67","9047","4853"
6,"2013-10-01",6953,"train","6396","6125","6301","0.649","0.351","652","652","9.38","8398","4204"
6,"2013-10-02",7239,"train","6174","5902","6079","0.649","0.351","1160","1160","16.02","8176","3982"
6,"2013-10-04",7090,"train","6353","6110","6268","0.649","0.351","822","822","11.59","8365","4171"
6,"2013-10-05",4016,"train","3921","3662","3830","0.649","0.351","186","186","4.63","5927","1733"
6,"2013-10-07",9003,"train","7141","6876","7048","0.649","0.351","1955","1955","21.71","9145","4951"
6,"2013-10-08",7720,"train","6384","6125","6293","0.649","0.351","1427","1427","18.48","8390","4196"
6,"2013-10-09",7411,"train","6161","5902","6070","0.649","0.351","1341","1341","18.09","8167","3973"
6,"2013-10-10",6387,"train","6001","5753","5914","0.649","0.351","473","473","7.41","8011","3817"
6,"2013-10-11",7332,"train","6338","6110","6258","0.649","0.351","1074","1074","14.65","8355","4161"
6,"2013-10-12",4319,"train","3906","3662","3820","0.649","0.351","499","499","11.55","5917","1723"
6,"2013-10-14",6100,"train","7126","6876","7038","0.649","0.351","-938","938","15.38","9135","4941"
6,"2013-10-15",6328,"train","6369","6125","6283","0.649","0.351","45","45","0.71","8380","4186"
6,"2013-10-16",5991,"train","6146","5902","6060","0.649","0.351","-69","69","1.15","8157","3963"
6,"2013-10-17",5722,"train","5986","5753","5904","0.649","0.351","-182","182","3.18","8001","3807"
6,"2013-10-18",5646,"train","6323","6110","6248","0.649","0.351","-602","602","10.66","8345","4151"
6,"2013-10-19",3411,"train","3891","3662","3811","0.649","0.351","-400","400","11.73","5908","1714"
6,"2013-10-21",8085,"train","7111","6876","7029","0.649","0.351","1056","1056","13.06","9126","4932"
6,"2013-10-22",6422,"train","6354","6125","6274","0.649","0.351","148","148","2.30","8371","4177"
6,"2013-10-23",6275,"train","6131","5902","6051","0.649","0.351","224","224","3.57","8148","3954"
6,"2013-10-24",5975,"train","5971","5753","5894","0.649","0.351","81","81","1.36","7991","3797"
6,"2013-10-25",6390,"train","6308","6110","6239","0.649","0.351","151","151","2.36","8336","4142"
6,"2013-10-26",3155,"train","3876","3662","3801","0.649","0.351","-646","646","20.48","5898","1704"
6,"2013-10-28",5496,"train","7096","6876","7019","0.649","0.351","-1523","1523","27.71","9116","4922"
6,"2013-10-29",5396,"train","6339","6125","6264","0.649","0.351","-868","868","16.09","8361","4167"
6,"2013-10-30",7765,"train","6116","5902","6041","0.649","0.351","1724","1724","22.20","8138","3944"
6,"2013-11-01",7299,"train","7009","6110","6693","0.649","0.351","606","606","8.30","8790","4596"
6,"2013-11-02",4420,"train","4576","3662","4255","0.649","0.351","165","165","3.73","6352","2158"
6,"2013-11-04",10075,"train","7797","6876","7474","0.649","0.351","2601","2601","25.82","9571","5377"
6,"2013-11-05",8141,"train","7039","6125","6718","0.649","0.351","1423","1423","17.48","8815","4621"
6,"2013-11-06",7451,"train","6817","5902","6496","0.649","0.351","955","955","12.82","8593","4399"
6,"2013-11-07",8047,"train","6656","5753","6339","0.649","0.351","1708","1708","21.23","8436","4242"
6,"2013-11-08",6908,"train","6994","6110","6684","0.649","0.351","224","224","3.24","8781","4587"
6,"2013-11-09",4284,"train","4561","3662","4245","0.649","0.351","39","39","0.91","6342","2148"
6,"2013-11-11",6546,"train","7782","6876","7464","0.649","0.351","-918","918","14.02","9561","5367"
6,"2013-11-12",5977,"train","7024","6125","6708","0.649","0.351","-731","731","12.23","8805","4611"
6,"2013-11-13",5775,"train","6802","5902","6486","0.649","0.351","-711","711","12.31","8583","4389"
6,"2013-11-14",5595,"train","6641","5753","6329","0.649","0.351","-734","734","13.12","8426","4232"
6,"2013-11-15",6425,"train","6979","6110","6674","0.649","0.351","-249","249","3.88","8771","4577"
6,"2013-11-16",4294,"train","4546","3662","4236","0.649","0.351","58","58","1.35","6333","2139"
6,"2013-11-18",8478,"train","7767","6876","7454","0.649","0.351","1024","1024","12.08","9551","5357"
6,"2013-11-19",9154,"train","7009","6125","6699","0.649","0.351","2455","2455","26.82","8796","4602"
6,"2013-11-21",8754,"train","6629","5753","6322","0.649","0.351","2432","2432","27.78","8419","4225"
6,"2013-11-22",8195,"train","6966","6110","6666","0.649","0.351","1529","1529","18.66","8763","4569"
6,"2013-11-23",4432,"train","4534","3662","4228","0.649","0.351","204","204","4.60","6325","2131"
6,"2013-11-25",7101,"train","7754","6876","7446","0.649","0.351","-345","345","4.86","9543","5349"
6,"2013-11-26",6186,"train","6997","6125","6691","0.649","0.351","-505","505","8.16","8788","4594"
6,"2013-11-27",6467,"train","6774","5902","6468","0.649","0.351","-1","1","0.02","8565","4371"
6,"2013-11-28",6728,"train","6614","5753","6312","0.649","0.351","416","416","6.18","8409","4215"
6,"2013-11-29",8364,"train","6951","6110","6656","0.649","0.351","1708","1708","20.42","8753","4559"
6,"2013-11-30",5335,"train","4519","3662","4218","0.649","0.351","1117","1117","20.94","6315","2121"
6,"2013-12-02",10992,"train","8208","6876","7740","0.649","0.351","3252","3252","29.59","9837","5643"
6,"2013-12-03",9182,"train","7451","6125","6986","0.649","0.351","2196","2196","23.92","9083","4889"
6,"2013-12-04",8531,"train","7228","5902","6763","0.649","0.351","1768","1768","20.72","8860","4666"
6,"2013-12-05",9665,"train","7068","5753","6606","0.649","0.351","3059","3059","31.65","8703","4509"
6,"2013-12-06",7941,"train","7405","6110","6950","0.649","0.351","991","991","12.48","9047","4853"
6,"2013-12-07",4437,"train","4973","3662","4513","0.649","0.351","-76","76","1.71","6610","2416"
6,"2013-12-09",6090,"train","8193","6876","7731","0.649","0.351","-1641","1641","26.95","9828","5634"
6,"2013-12-10",7418,"train","7436","6125","6976","0.649","0.351","442","442","5.96","9073","4879"
6,"2013-12-11",6498,"train","7213","5902","6753","0.649","0.351","-255","255","3.92","8850","4656"
6,"2013-12-12",6717,"train","7053","5753","6597","0.649","0.351","120","120","1.79","8694","4500"
6,"2013-12-13",7312,"train","7390","6110","6941","0.649","0.351","371","371","5.07","9038","4844"
6,"2013-12-14",5885,"train","4958","3662","4503","0.649","0.351","1382","1382","23.48","6600","2406"
6,"2013-12-16",11139,"train","8178","6876","7721","0.649","0.351","3418","3418","30.68","9818","5624"
6,"2013-12-17",9041,"train","7421","6125","6966","0.649","0.351","2075","2075","22.95","9063","4869"
6,"2013-12-18",7958,"train","7198","5902","6743","0.649","0.351","1215","1215","15.27","8840","4646"
6,"2013-12-19",8291,"train","7037","5753","6586","0.649","0.351","1705","1705","20.56","8683","4489"
6,"2013-12-20",8857,"train","7375","6110","6931","0.649","0.351","1926","1926","21.75","9028","4834"
6,"2013-12-21",5524,"train","4942","3662","4493","0.649","0.351","1031","1031","18.66","6590","2396"
6,"2013-12-23",9914,"train","8163","6876","7711","0.649","0.351","2203","2203","22.22","9808","5614"
6,"2013-12-24",3449,"train","7405","6125","6956","0.649","0.351","-3507","3507","101.68","9053","4859"
6,"2013-12-27",4915,"train","7365","6110","6924","0.649","0.351","-2009","2009","40.87","9021","4827"
6,"2013-12-28",3717,"train","4932","3662","4486","0.649","0.351","-769","769","20.69","6583","2389"
6,"2013-12-30",6980,"train","8153","6876","7705","0.649","0.351","-725","725","10.39","9802","5608"
6,"2013-12-31",2739,"train","7395","6125","6949","0.649","0.351","-4210","4210","153.71","9046","4852"
6,"2014-01-02",4778,"train","4922","5753","5214","0.649","0.351","-436","436","9.13","7311","3117"
6,"2014-01-03",4842,"train","5259","6110","5558","0.649","0.351","-716","716","14.79","7655","3461"
6,"2014-01-04",3031,"train","2827","3662","3120","0.649","0.351","-89","89","2.94","5217","1023"
6,"2014-01-06",7703,"train","6047","6876","6338","0.649","0.351","1365","1365","17.72","8435","4241"
6,"2014-01-07",6196,"train","5290","6125","5583","0.649","0.351","613","613","9.89","7680","3486"
6,"2014-01-08",5894,"train","5067","5902","5360","0.649","0.351","534","534","9.06","7457","3263"
6,"2014-01-09",5018,"train","4907","5753","5204","0.649","0.351","-186","186","3.71","7301","3107"
6,"2014-01-10",6125,"train","5244","6110","5548","0.649","0.351","577","577","9.42","7645","3451"
6,"2014-01-11",2964,"train","2812","3662","3110","0.649","0.351","-146","146","4.93","5207","1013"
6,"2014-01-13",4574,"train","6032","6876","6328","0.649","0.351","-1754","1754","38.35","8425","4231"
6,"2014-01-14",3820,"train","5275","6125","5573","0.649","0.351","-1753","1753","45.89","7670","3476"
6,"2014-01-15",4008,"train","5052","5902","5350","0.649","0.351","-1342","1342","33.48","7447","3253"
6,"2014-01-16",4220,"train","4892","5753","5194","0.649","0.351","-974","974","23.08","7291","3097"
6,"2014-01-17",4563,"train","5229","6110","5538","0.649","0.351","-975","975","21.37","7635","3441"
6,"2014-01-18",3141,"train","2797","3662","3101","0.649","0.351","40","40","1.27","5198","1004"
6,"2014-01-20",6655,"train","6017","6876","6319","0.649","0.351","336","336","5.05","8416","4222"
6,"2014-01-21",5838,"train","5260","6125","5564","0.649","0.351","274","274","4.69","7661","3467"
6,"2014-01-22",5416,"train","5037","5902","5341","0.649","0.351","75","75","1.38","7438","3244"
6,"2014-01-23",4755,"train","4877","5753","5184","0.649","0.351","-429","429","9.02","7281","3087"
6,"2014-01-24",5716,"train","5214","6110","5528","0.649","0.351","188","188","3.29","7625","3431"
6,"2014-01-25",2721,"train","2782","3662","3091","0.649","0.351","-370","370","13.60","5188","994"
6,"2014-01-27",4048,"train","6002","6876","6309","0.649","0.351","-2261","2261","55.85","8406","4212"
6,"2014-01-28",4094,"train","5245","6125","5554","0.649","0.351","-1460","1460","35.66","7651","3457"
6,"2014-01-29",4178,"train","5022","5902","5331","0.649","0.351","-1153","1153","27.60","7428","3234"
6,"2014-01-30",4398,"train","4862","5753","5175","0.649","0.351","-777","777","17.67","7272","3078"
6,"2014-01-31",5055,"train","5199","6110","5519","0.649","0.351","-464","464","9.18","7616","3422"
6,"2014-02-01",3316,"train","2959","3662","3206","0.649","0.351","110","110","3.32","5303","1109"
6,"2014-02-03",7748,"train","6179","6876","6424","0.649","0.351","1324","1324","17.09","8521","4327"
6,"2014-02-04",6322,"train","5422","6125","5669","0.649","0.351","653","653","10.33","7766","3572"
6,"2014-02-05",6017,"train","5199","5902","5446","0.649","0.351","571","571","9.49","7543","3349"
6,"2014-02-06",5168,"train","5039","5753","5290","0.649","0.351","-122","122","2.36","7387","3193"
6,"2014-02-07",5896,"train","5376","6110","5634","0.649","0.351","262","262","4.44","7731","3537"
6,"2014-02-08",3496,"train","2944","3662","3196","0.649","0.351","300","300","8.58","5293","1099"
6,"2014-02-10",4371,"train","6164","6876","6414","0.649","0.351","-2043","2043","46.74","8511","4317"
6,"2014-02-11",4535,"train","5407","6125","5659","0.649","0.351","-1124","1124","24.79","7756","3562"
6,"2014-02-12",4605,"train","5184","5902","5436","0.649","0.351","-831","831","18.05","7533","3339"
6,"2014-02-13",4564,"train","5024","5753","5280","0.649","0.351","-716","716","15.69","7377","3183"
6,"2014-02-14",4938,"train","5361","6110","5624","0.649","0.351","-686","686","13.89","7721","3527"
6,"2014-02-15",3054,"train","2929","3662","3186","0.649","0.351","-132","132","4.32","5283","1089"
6,"2014-02-17",7218,"train","6149","6876","6404","0.649","0.351","814","814","11.28","8501","4307"
6,"2014-02-18",5867,"train","5392","6125","5649","0.649","0.351","218","218","3.72","7746","3552"
6,"2014-02-19",5552,"train","5169","5902","5426","0.649","0.351","126","126","2.27","7523","3329"
6,"2014-02-20",5352,"train","5009","5753","5270","0.649","0.351","82","82","1.53","7367","3173"
6,"2014-02-21",5097,"train","5346","6110","5614","0.649","0.351","-517","517","10.14","7711","3517"
6,"2014-02-22",2963,"train","2914","3662","3177","0.649","0.351","-214","214","7.22","5274","1080"
6,"2014-02-24",4557,"train","6134","6876","6394","0.649","0.351","-1837","1837","40.31","8491","4297"
6,"2014-02-25",4152,"train","5377","6125","5640","0.649","0.351","-1488","1488","35.84","7737","3543"
6,"2014-02-26",4111,"train","5154","5902","5417","0.649","0.351","-1306","1306","31.77","7514","3320"
6,"2014-02-27",4045,"train","4994","5753","5260","0.649","0.351","-1215","1215","30.04","7357","3163"
6,"2014-02-28",5235,"train","5331","6110","5604","0.649","0.351","-369","369","7.05","7701","3507"
6,"2014-03-01",3492,"train","3369","3662","3472","0.649","0.351","20","20","0.57","5569","1375"
6,"2014-03-03",8942,"train","6589","6876","6690","0.649","0.351","2252","2252","25.18","8787","4593"
6,"2014-03-04",6309,"train","5832","6125","5935","0.649","0.351","374","374","5.93","8032","3838"
6,"2014-03-05",6301,"train","5609","5902","5712","0.649","0.351","589","589","9.35","7809","3615"
6,"2014-03-06",5653,"train","5449","5753","5556","0.649","0.351","97","97","1.72","7653","3459"
6,"2014-03-07",5948,"train","5786","6110","5900","0.649","0.351","48","48","0.81","7997","3803"
6,"2014-03-08",3219,"train","3354","3662","3462","0.649","0.351","-243","243","7.55","5559","1365"
6,"2014-03-10",4506,"train","6574","6876","6680","0.649","0.351","-2174","2174","48.25","8777","4583"
6,"2014-03-11",4224,"train","5817","6125","5925","0.649","0.351","-1701","1701","40.27","8022","3828"
6,"2014-03-12",4806,"train","5594","5902","5702","0.649","0.351","-896","896","18.64","7799","3605"
6,"2014-03-13",4291,"train","5434","5753","5546","0.649","0.351","-1255","1255","29.25","7643","3449"
6,"2014-03-14",4669,"train","5771","6110","5890","0.649","0.351","-1221","1221","26.15","7987","3793"
6,"2014-03-15",3274,"train","3339","3662","3452","0.649","0.351","-178","178","5.44","5549","1355"
6,"2014-03-17",7302,"train","6559","6876","6670","0.649","0.351","632","632","8.66","8767","4573"
6,"2014-03-18",6933,"train","5802","6125","5915","0.649","0.351","1018","1018","14.68","8012","3818"
6,"2014-03-19",5357,"train","5579","5902","5692","0.649","0.351","-335","335","6.25","7789","3595"
6,"2014-03-20",4773,"train","5419","5753","5536","0.649","0.351","-763","763","15.99","7633","3439"
6,"2014-03-21",5517,"train","5756","6110","5880","0.649","0.351","-363","363","6.58","7977","3783"
6,"2014-03-22",2976,"train","3324","3662","3443","0.649","0.351","-467","467","15.69","5540","1346"
6,"2014-03-24",4353,"train","6544","6876","6661","0.649","0.351","-2308","2308","53.02","8758","4564"
6,"2014-03-25",4311,"train","5787","6125","5906","0.649","0.351","-1595","1595","37.00","8003","3809"
6,"2014-03-26",4463,"train","5564","5902","5683","0.649","0.351","-1220","1220","27.34","7780","3586"
6,"2014-03-27",3907,"train","5404","5753","5526","0.649","0.351","-1619","1619","41.44","7623","3429"
6,"2014-03-28",4891,"train","5741","6110","5871","0.649","0.351","-980","980","20.04","7968","3774"
6,"2014-03-29",2968,"train","3309","3662","3433","0.649","0.351","-465","465","15.67","5530","1336"
6,"2014-03-31",8488,"train","6529","6876","6651","0.649","0.351","1837","1837","21.64","8748","4554"
6,"2014-04-01",7387,"train","5924","6125","5995","0.649","0.351","1392","1392","18.84","8092","3898"
6,"2014-04-02",6685,"train","5701","5902","5772","0.649","0.351","913","913","13.66","7869","3675"
6,"2014-04-03",5790,"train","5541","5753","5615","0.649","0.351","175","175","3.02","7712","3518"
6,"2014-04-04",5834,"train","5878","6110","5959","0.649","0.351","-125","125","2.14","8056","3862"
6,"2014-04-05",3335,"train","3446","3662","3522","0.649","0.351","-187","187","5.61","5619","1425"
6,"2014-04-07",4749,"train","6666","6876","6740","0.649","0.351","-1991","1991","41.92","8837","4643"
6,"2014-04-08",4754,"train","5909","6125","5985","0.649","0.351","-1231","1231","25.89","8082","3888"
6,"2014-04-09",4196,"train","5686","5902","5762","0.649","0.351","-1566","1566","37.32","7859","3665"
6,"2014-04-10",4077,"train","5526","5753","5606","0.649","0.351","-1529","1529","37.50","7703","3509"
6,"2014-04-11",4889,"train","5863","6110","5950","0.649","0.351","-1061","1061","21.70","8047","3853"
6,"2014-04-12",3350,"train","3431","3662","3512","0.649","0.351","-162","162","4.84","5609","1415"
6,"2014-04-14",8204,"train","6651","6876","6730","0.649","0.351","1474","1474","17.97","8827","4633"
6,"2014-04-15",7890,"train","5894","6125","5975","0.649","0.351","1915","1915","24.27","8072","3878"
6,"2014-04-16",7317,"train","5671","5902","5752","0.649","0.351","1565","1565","21.39","7849","3655"
6,"2014-04-17",7618,"train","5511","5753","5596","0.649","0.351","2022","2022","26.54","7693","3499"
6,"2014-04-19",4415,"train","3418","3662","3504","0.649","0.351","911","911","20.63","5601","1407"
6,"2014-04-22",5001,"train","5884","6125","5969","0.649","0.351","-968","968","19.36","8066","3872"
6,"2014-04-23",4270,"train","5661","5902","5746","0.649","0.351","-1476","1476","34.57","7843","3649"
6,"2014-04-24",4718,"train","5501","5753","5589","0.649","0.351","-871","871","18.46","7686","3492"
6,"2014-04-25",4341,"train","5838","6110","5933","0.649","0.351","-1592","1592","36.67","8030","3836"
6,"2014-04-26",3063,"train","3406","3662","3496","0.649","0.351","-433","433","14.14","5593","1399"
6,"2014-04-28",7894,"train","6626","6876","6714","0.649","0.351","1180","1180","14.95","8811","4617"
6,"2014-04-29",6236,"train","5869","6125","5959","0.649","0.351","277","277","4.44","8056","3862"
6,"2014-04-30",7710,"train","5646","5902","5736","0.649","0.351","1974","1974","25.60","7833","3639"
6,"2014-05-02",6945,"train","5876","6110","5958","0.649","0.351","987","987","14.21","8055","3861"
6,"2014-05-03",3711,"train","3443","3662","3520","0.649","0.351","191","191","5.15","5617","1423"
6,"2014-05-05",7722,"train","6664","6876","6738","0.649","0.351","984","984","12.74","8835","4641"
6,"2014-05-06",6304,"train","5906","6125","5983","0.649","0.351","321","321","5.09","8080","3886"
6,"2014-05-07",6073,"train","5684","5902","5761","0.649","0.351","312","312","5.14","7858","3664"
6,"2014-05-08",5427,"train","5523","5753","5604","0.649","0.351","-177","177","3.26","7701","3507"
6,"2014-05-09",5534,"train","5861","6110","5948","0.649","0.351","-414","414","7.48","8045","3851"
6,"2014-05-10",3718,"train","3428","3662","3510","0.649","0.351","208","208","5.59","5607","1413"
6,"2014-05-12",4643,"train","6649","6876","6729","0.649","0.351","-2086","2086","44.93","8826","4632"
6,"2014-05-13",4166,"train","5891","6125","5973","0.649","0.351","-1807","1807","43.37","8070","3876"
6,"2014-05-14",4309,"train","5669","5902","5751","0.649","0.351","-1442","1442","33.46","7848","3654"
6,"2014-05-15",4261,"train","5508","5753","5594","0.649","0.351","-1333","1333","31.28","7691","3497"
6,"2014-05-16",4848,"train","5846","6110","5939","0.649","0.351","-1091","1091","22.50","8036","3842"
6,"2014-05-17",3045,"train","3413","3662","3500","0.649","0.351","-455","455","14.94","5597","1403"
6,"2014-05-19",7335,"train","6634","6876","6719","0.649","0.351","616","616","8.40","8816","4622"
6,"2014-05-20",6093,"train","5876","6125","5963","0.649","0.351","130","130","2.13","8060","3866"
6,"2014-05-21",5945,"train","5654","5902","5741","0.649","0.351","204","204","3.43","7838","3644"
6,"2014-05-22",6049,"train","5493","5753","5584","0.649","0.351","465","465","7.69","7681","3487"
6,"2014-05-23",5324,"train","5831","6110","5929","0.649","0.351","-605","605","11.36","8026","3832"
6,"2014-05-24",3165,"train","3398","3662","3491","0.649","0.351","-326","326","10.30","5588","1394"
6,"2014-05-26",5274,"train","6619","6876","6709","0.649","0.351","-1435","1435","27.21","8806","4612"
6,"2014-05-27",4179,"train","5861","6125","5954","0.649","0.351","-1775","1775","42.47","8051","3857"
6,"2014-05-28",5015,"train","5639","5902","5731","0.649","0.351","-716","716","14.28","7828","3634"
6,"2014-05-30",6171,"train","5818","6110","5920","0.649","0.351","251","251","4.07","8017","3823"
6,"2014-05-31",3438,"train","3386","3662","3483","0.649","0.351","-45","45","1.31","5580","1386"
6,"2014-06-02",8111,"train","6523","6876","6647","0.649","0.351","1464","1464","18.05","8744","4550"
6,"2014-06-03",6792,"train","5766","6125","5892","0.649","0.351","900","900","13.25","7989","3795"
6,"2014-06-04",5885,"train","5543","5902","5669","0.649","0.351","216","216","3.67","7766","3572"
6,"2014-06-05",5409,"train","5382","5753","5512","0.649","0.351","-103","103","1.90","7609","3415"
6,"2014-06-06",6658,"train","5720","6110","5857","0.649","0.351","801","801","12.03","7954","3760"
6,"2014-06-07",2355,"train","3287","3662","3419","0.649","0.351","-1064","1064","45.18","5516","1322"
6,"2014-06-10",5179,"train","5753","6125","5884","0.649","0.351","-705","705","13.61","7981","3787"
6,"2014-06-11",4961,"train","5530","5902","5661","0.649","0.351","-700","700","14.11","7758","3564"
6,"2014-06-12",4546,"train","5370","5753","5504","0.649","0.351","-958","958","21.07","7601","3407"
6,"2014-06-13",5461,"train","5707","6110","5848","0.649","0.351","-387","387","7.09","7945","3751"
6,"2014-06-14",3171,"train","3275","3662","3411","0.649","0.351","-240","240","7.57","5508","1314"
6,"2014-06-16",7068,"train","6495","6876","6629","0.649","0.351","439","439","6.21","8726","4532"
6,"2014-06-17",6429,"train","5738","6125","5874","0.649","0.351","555","555","8.63","7971","3777"
6,"2014-06-18",6214,"train","5515","5902","5651","0.649","0.351","563","563","9.06","7748","3554"
6,"2014-06-19",5173,"train","5355","5753","5495","0.649","0.351","-322","322","6.22","7592","3398"
6,"2014-06-20",5661,"train","5692","6110","5839","0.649","0.351","-178","178","3.14","7936","3742"
6,"2014-06-21",3093,"train","3260","3662","3401","0.649","0.351","-308","308","9.96","5498","1304"
6,"2014-06-23",4689,"train","6480","6876","6619","0.649","0.351","-1930","1930","41.16","8716","4522"
6,"2014-06-24",3938,"train","5723","6125","5864","0.649","0.351","-1926","1926","48.91","7961","3767"
6,"2014-06-25",4299,"train","5500","5902","5641","0.649","0.351","-1342","1342","31.22","7738","3544"
6,"2014-06-26",4103,"train","5340","5753","5485","0.649","0.351","-1382","1382","33.68","7582","3388"
6,"2014-06-27",4786,"train","5677","6110","5829","0.649","0.351","-1043","1043","21.79","7926","3732"
6,"2014-06-28",3343,"train","3245","3662","3391","0.649","0.351","-48","48","1.44","5488","1294"
6,"2014-06-30",7662,"train","6465","6876","6609","0.649","0.351","1053","1053","13.74","8706","4512"
6,"2014-07-01",7543,"train","5783","6125","5903","0.649","0.351","1640","1640","21.74","8000","3806"
6,"2014-07-02",6288,"train","5560","5902","5680","0.649","0.351","608","608","9.67","7777","3583"
6,"2014-07-03",6101,"train","5400","5753","5524","0.649","0.351","577","577","9.46","7621","3427"
6,"2014-07-04",5783,"train","5737","6110","5868","0.649","0.351","-85","85","1.47","7965","3771"
6,"2014-07-05",3407,"train","3305","3662","3430","0.649","0.351","-23","23","0.68","5527","1333"
6,"2014-07-07",4690,"train","6525","6876","6648","0.649","0.351","-1958","1958","41.75","8745","4551"
6,"2014-07-08",4259,"train","5768","6125","5893","0.649","0.351","-1634","1634","38.37","7990","3796"
6,"2014-07-09",4463,"train","5545","5902","5670","0.649","0.351","-1207","1207","27.04","7767","3573"
6,"2014-07-10",3883,"train","5385","5753","5514","0.649","0.351","-1631","1631","42.00","7611","3417"
6,"2014-07-11",4599,"train","5722","6110","5858","0.649","0.351","-1259","1259","27.38","7955","3761"
6,"2014-07-12",3054,"train","3290","3662","3421","0.649","0.351","-367","367","12.02","5518","1324"
6,"2014-07-14",6693,"train","6510","6876","6638","0.649","0.351","55","55","0.82","8735","4541"
6,"2014-07-15",6831,"train","5753","6125","5884","0.649","0.351","947","947","13.86","7981","3787"
6,"2014-07-16",5827,"train","5530","5902","5661","0.649","0.351","166","166","2.85","7758","3564"
6,"2014-07-17",5440,"train","5370","5753","5504","0.649","0.351","-64","64","1.18","7601","3407"
6,"2014-07-18",5582,"train","5707","6110","5848","0.649","0.351","-266","266","4.77","7945","3751"
6,"2014-07-19",3327,"train","3275","3662","3411","0.649","0.351","-84","84","2.52","5508","1314"
6,"2014-07-21",4296,"train","6495","6876","6629","0.649","0.351","-2333","2333","54.31","8726","4532"
6,"2014-07-22",4238,"train","5738","6125","5874","0.649","0.351","-1636","1636","38.60","7971","3777"
6,"2014-07-23",4275,"train","5515","5902","5651","0.649","0.351","-1376","1376","32.19","7748","3554"
6,"2014-07-24",4230,"train","5355","5753","5495","0.649","0.351","-1265","1265","29.91","7592","3398"
6,"2014-07-25",4128,"train","5692","6110","5839","0.649","0.351","-1711","1711","41.45","7936","3742"
6,"2014-07-26",2771,"train","3260","3662","3401","0.649","0.351","-630","630","22.74","5498","1304"
6,"2014-07-28",6093,"train","6480","6876","6619","0.649","0.351","-526","526","8.63","8716","4522"
6,"2014-07-29",5658,"train","5723","6125","5864","0.649","0.351","-206","206","3.64","7961","3767"
6,"2014-07-30",5589,"train","5500","5902","5641","0.649","0.351","-52","52","0.93","7738","3544"
6,"2014-07-31",5933,"train","5340","5753","5485","0.649","0.351","448","448","7.55","7582","3388"
6,"2014-08-01",5931,"train","5267","6110","5563","0.649","0.351","368","368","6.20","7660","3466"
6,"2014-08-02",3201,"train","2835","3662","3125","0.649","0.351","76","76","2.37","5222","1028"
6,"2014-08-04",6550,"train","6055","6876","6343","0.649","0.351","207","207","3.16","8440","4246"
6,"2014-08-05",5611,"train","5298","6125","5588","0.649","0.351","23","23","0.41","7685","3491"
6,"2014-08-06",5310,"train","5075","5902","5365","0.649","0.351","-55","55","1.04","7462","3268"
6,"2014-08-07",5251,"train","4915","5753","5209","0.649","0.351","42","42","0.80","7306","3112"
6,"2014-08-08",5351,"train","5252","6110","5553","0.649","0.351","-202","202","3.77","7650","3456"
6,"2014-08-09",3023,"train","2820","3662","3116","0.649","0.351","-93","93","3.08","5213","1019"
6,"2014-08-11",4552,"train","6040","6876","6333","0.649","0.351","-1781","1781","39.13","8430","4236"
6,"2014-08-12",4140,"train","5283","6125","5579","0.649","0.351","-1439","1439","34.76","7676","3482"
6,"2014-08-13",4153,"train","5060","5902","5356","0.649","0.351","-1203","1203","28.97","7453","3259"
6,"2014-08-14",3930,"train","4900","5753","5199","0.649","0.351","-1269","1269","32.29","7296","3102"
6,"2014-08-15",4115,"train","5237","6110","5543","0.649","0.351","-1428","1428","34.70","7640","3446"
6,"2014-08-16",2910,"train","2805","3662","3106","0.649","0.351","-196","196","6.74","5203","1009"
6,"2014-08-18",6426,"train","6025","6876","6324","0.649","0.351","102","102","1.59","8421","4227"
6,"2014-08-19",5209,"train","5268","6125","5569","0.649","0.351","-360","360","6.91","7666","3472"
6,"2014-08-20",5354,"train","5045","5902","5346","0.649","0.351","8","8","0.15","7443","3249"
6,"2014-08-21",4849,"train","4885","5753","5190","0.649","0.351","-341","341","7.03","7287","3093"
6,"2014-08-22",5012,"train","5222","6110","5534","0.649","0.351","-522","522","10.42","7631","3437"
6,"2014-08-23",2822,"train","2790","3662","3096","0.649","0.351","-274","274","9.71","5193","999"
6,"2014-08-25",4330,"train","6010","6876","6314","0.649","0.351","-1984","1984","45.82","8411","4217"
6,"2014-08-26",3768,"train","5253","6125","5559","0.649","0.351","-1791","1791","47.53","7656","3462"
6,"2014-08-27",4467,"train","5030","5902","5336","0.649","0.351","-869","869","19.45","7433","3239"
6,"2014-08-28",3962,"train","4870","5753","5180","0.649","0.351","-1218","1218","30.74","7277","3083"
6,"2014-08-29",5142,"train","5207","6110","5524","0.649","0.351","-382","382","7.43","7621","3427"
6,"2014-08-30",3282,"train","2775","3662","3086","0.649","0.351","196","196","5.97","5183","989"
6,"2014-09-01",7586,"train","6296","6876","6500","0.649","0.351","1086","1086","14.32","8597","4403"
6,"2014-09-02",5934,"train","5539","6125","5745","0.649","0.351","189","189","3.19","7842","3648"
6,"2014-09-03",5741,"train","5316","5902","5522","0.649","0.351","219","219","3.81","7619","3425"
6,"2014-09-04",5592,"train","5156","5753","5366","0.649","0.351","226","226","4.04","7463","3269"
6,"2014-09-05",5642,"train","5493","6110","5710","0.649","0.351","-68","68","1.21","7807","3613"
6,"2014-09-06",2962,"train","3061","3662","3272","0.649","0.351","-310","310","10.47","5369","1175"
6,"2014-09-08",4439,"train","6281","6876","6490","0.649","0.351","-2051","2051","46.20","8587","4393"
6,"2014-09-09",4277,"train","5524","6125","5735","0.649","0.351","-1458","1458","34.09","7832","3638"
6,"2014-09-10",3911,"train","5301","5902","5512","0.649","0.351","-1601","1601","40.94","7609","3415"
6,"2014-09-11",4365,"train","5141","5753","5356","0.649","0.351","-991","991","22.70","7453","3259"
6,"2014-09-12",4558,"train","5478","6110","5700","0.649","0.351","-1142","1142","25.05","7797","3603"
6,"2014-09-13",3151,"train","3046","3662","3262","0.649","0.351","-111","111","3.52","5359","1165"
6,"2014-09-15",6826,"train","6266","6876","6480","0.649","0.351","346","346","5.07","8577","4383"
6,"2014-09-16",5947,"train","5509","6125","5725","0.649","0.351","222","222","3.73","7822","3628"
6,"2014-09-17",5298,"train","5286","5902","5502","0.649","0.351","-204","204","3.85","7599","3405"
6,"2014-09-18",5372,"train","5126","5753","5346","0.649","0.351","26","26","0.48","7443","3249"
6,"2014-09-19",5151,"train","5463","6110","5690","0.649","0.351","-539","539","10.46","7787","3593"
6,"2014-09-20",3079,"train","3031","3662","3252","0.649","0.351","-173","173","5.62","5349","1155"
6,"2014-09-22",4131,"train","6251","6876","6470","0.649","0.351","-2339","2339","56.62","8567","4373"
6,"2014-09-23",4896,"train","5494","6125","5715","0.649","0.351","-819","819","16.73","7812","3618"
6,"2014-09-24",3951,"train","5271","5902","5492","0.649","0.351","-1541","1541","39.00","7589","3395"
6,"2014-09-25",3977,"train","5111","5753","5336","0.649","0.351","-1359","1359","34.17","7433","3239"
6,"2014-09-26",4521,"train","5448","6110","5680","0.649","0.351","-1159","1159","25.64","7777","3583"
6,"2014-09-27",2872,"train","3016","3662","3243","0.649","0.351","-371","371","12.92","5340","1146"
6,"2014-09-29",6397,"train","6236","6876","6461","0.649","0.351","-64","64","1.00","8558","4364"
6,"2014-09-30",7320,"train","5479","6125","5706","0.649","0.351","1614","1614","22.05","7803","3609"
6,"2014-10-01",6808,"train","5420","5902","5589","0.649","0.351","1219","1219","17.91","7686","3492"
6,"2014-10-02",6545,"train","5260","5753","5433","0.649","0.351","1112","1112","16.99","7530","3336"
6,"2014-10-04",4176,"train","3167","3662","3341","0.649","0.351","835","835","20.00","5438","1244"
6,"2014-10-06",7346,"train","6388","6876","6559","0.649","0.351","787","787","10.71","8656","4462"
6,"2014-10-07",5981,"train","5630","6125","5804","0.649","0.351","177","177","2.96","7901","3707"
6,"2014-10-08",5778,"train","5408","5902","5581","0.649","0.351","197","197","3.41","7678","3484"
6,"2014-10-09",5066,"train","5247","5753","5425","0.649","0.351","-359","359","7.09","7522","3328"
6,"2014-10-10",5824,"train","5585","6110","5769","0.649","0.351","55","55","0.94","7866","3672"
6,"2014-10-11",3269,"train","3152","3662","3331","0.649","0.351","-62","62","1.90","5428","1234"
6,"2014-10-13",4691,"train","6373","6876","6550","0.649","0.351","-1859","1859","39.63","8647","4453"
6,"2014-10-14",4597,"train","5615","6125","5794","0.649","0.351","-1197","1197","26.04","7891","3697"
6,"2014-10-15",4490,"train","5393","5902","5572","0.649","0.351","-1082","1082","24.10","7669","3475"
6,"2014-10-16",4386,"train","5232","5753","5415","0.649","0.351","-1029","1029","23.46","7512","3318"
6,"2014-10-17",4532,"train","5570","6110","5760","0.649","0.351","-1228","1228","27.10","7857","3663"
6,"2014-10-18",3346,"train","3137","3662","3321","0.649","0.351","25","25","0.75","5418","1224"
6,"2014-10-20",6329,"train","6358","6876","6540","0.649","0.351","-211","211","3.33","8637","4443"
6,"2014-10-21",5111,"train","5600","6125","5784","0.649","0.351","-673","673","13.17","7881","3687"
6,"2014-10-22",4454,"train","5378","5902","5562","0.649","0.351","-1108","1108","24.88","7659","3465"
6,"2014-10-23",4679,"train","5217","5753","5405","0.649","0.351","-726","726","15.52","7502","3308"
6,"2014-10-24",4848,"train","5555","6110","5750","0.649","0.351","-902","902","18.61","7847","3653"
6,"2014-10-25",2861,"train","3122","3662","3312","0.649","0.351","-451","451","15.76","5409","1215"
6,"2014-10-27",4200,"train","6343","6876","6530","0.649","0.351","-2330","2330","55.48","8627","4433"
6,"2014-10-28",4225,"train","5585","6125","5775","0.649","0.351","-1550","1550","36.69","7872","3678"
6,"2014-10-29",4411,"train","5363","5902","5552","0.649","0.351","-1141","1141","25.87","7649","3455"
6,"2014-10-30",5656,"train","5202","5753","5395","0.649","0.351","261","261","4.61","7492","3298"
6,"2014-11-01",3899,"train","3823","3662","3766","0.649","0.351","133","133","3.41","5863","1669"
6,"2014-11-03",7869,"train","7043","6876","6984","0.649","0.351","885","885","11.25","9081","4887"
6,"2014-11-04",6367,"train","6286","6125","6229","0.649","0.351","138","138","2.17","8326","4132"
6,"2014-11-05",6742,"train","6063","5902","6006","0.649","0.351","736","736","10.92","8103","3909"
6,"2014-11-06",5599,"train","5903","5753","5850","0.649","0.351","-251","251","4.48","7947","3753"
6,"2014-11-07",5642,"train","6240","6110","6194","0.649","0.351","-552","552","9.78","8291","4097"
6,"2014-11-08",3750,"train","3808","3662","3757","0.649","0.351","-7","7","0.19","5854","1660"
6,"2014-11-10",6107,"train","7028","6876","6975","0.649","0.351","-868","868","14.21","9072","4878"
6,"2014-11-11",6272,"train","6271","6125","6220","0.649","0.351","52","52","0.83","8317","4123"
6,"2014-11-12",5621,"train","6048","5902","5997","0.649","0.351","-376","376","6.69","8094","3900"
6,"2014-11-13",5424,"train","5888","5753","5841","0.649","0.351","-417","417","7.69","7938","3744"
6,"2014-11-14",5662,"train","6225","6110","6185","0.649","0.351","-523","523","9.24","8282","4088"
6,"2014-11-15",3460,"train","3792","3662","3746","0.649","0.351","-286","286","8.27","5843","1649"
6,"2014-11-17",5220,"train","7013","6876","6965","0.649","0.351","-1745","1745","33.43","9062","4868"
6,"2014-11-18",4747,"train","6255","6125","6209","0.649","0.351","-1462","1462","30.80","8306","4112"
6,"2014-11-20",5616,"train","5875","5753","5832","0.649","0.351","-216","216","3.85","7929","3735"
6,"2014-11-21",4561,"train","6212","6110","6176","0.649","0.351","-1615","1615","35.41","8273","4079"
6,"2014-11-22",3562,"train","3780","3662","3739","0.649","0.351","-177","177","4.97","5836","1642"
6,"2014-11-24",7877,"train","7000","6876","6956","0.649","0.351","921","921","11.69","9053","4859"
6,"2014-11-25",6974,"train","6243","6125","6202","0.649","0.351","772","772","11.07","8299","4105"
6,"2014-11-26",5855,"train","6020","5902","5979","0.649","0.351","-124","124","2.12","8076","3882"
6,"2014-11-27",6392,"train","5860","5753","5822","0.649","0.351","570","570","8.92","7919","3725"
6,"2014-11-28",7168,"train","6197","6110","6166","0.649","0.351","1002","1002","13.98","8263","4069"
6,"2014-11-29",5105,"train","3765","3662","3729","0.649","0.351","1376","1376","26.95","5826","1632"
6,"2014-12-01",7638,"train","7454","6876","7251","0.649","0.351","387","387","5.07","9348","5154"
6,"2014-12-02",7092,"train","6697","6125","6496","0.649","0.351","596","596","8.40","8593","4399"
6,"2014-12-03",6906,"train","6474","5902","6273","0.649","0.351","633","633","9.17","8370","4176"
6,"2014-12-04",6371,"train","6314","5753","6117","0.649","0.351","254","254","3.99","8214","4020"
6,"2014-12-05",8320,"train","6651","6110","6461","0.649","0.351","1859","1859","22.34","8558","4364"
6,"2014-12-06",4530,"train","4219","3662","4023","0.649","0.351","507","507","11.19","6120","1926"
6,"2014-12-08",5859,"train","7439","6876","7241","0.649","0.351","-1382","1382","23.59","9338","5144"
6,"2014-12-09",4930,"train","6682","6125","6486","0.649","0.351","-1556","1556","31.56","8583","4389"
6,"2014-12-10",4735,"train","6459","5902","6263","0.649","0.351","-1528","1528","32.27","8360","4166"
6,"2014-12-11",4394,"train","6299","5753","6107","0.649","0.351","-1713","1713","38.98","8204","4010"
6,"2014-12-12",5079,"train","6636","6110","6451","0.649","0.351","-1372","1372","27.01","8548","4354"
6,"2014-12-13",4082,"train","4204","3662","4014","0.649","0.351","68","68","1.67","6111","1917"
6,"2014-12-15",9437,"train","7424","6876","7232","0.649","0.351","2205","2205","23.37","9329","5135"
6,"2014-12-16",7723,"train","6667","6125","6477","0.649","0.351","1246","1246","16.13","8574","4380"
6,"2014-12-17",7493,"train","6444","5902","6254","0.649","0.351","1239","1239","16.54","8351","4157"
6,"2014-12-18",7131,"train","6284","5753","6098","0.649","0.351","1033","1033","14.49","8195","4001"
6,"2014-12-19",7554,"train","6621","6110","6442","0.649","0.351","1112","1112","14.72","8539","4345"
6,"2014-12-20",5142,"train","4189","3662","4004","0.649","0.351","1138","1138","22.13","6101","1907"
6,"2014-12-22",9297,"train","7409","6876","7222","0.649","0.351","2075","2075","22.32","9319","5125"
6,"2014-12-23",7982,"train","6652","6125","6467","0.649","0.351","1515","1515","18.98","8564","4370"
6,"2014-12-24",3357,"train","6429","5902","6244","0.649","0.351","-2887","2887","86.00","8341","4147"
6,"2014-12-27",3990,"train","4179","3662","3998","0.649","0.351","-8","8","0.20","6095","1901"
6,"2014-12-29",5223,"train","7399","6876","7215","0.649","0.351","-1992","1992","38.14","9312","5118"
6,"2014-12-30",5044,"train","6642","6125","6461","0.649","0.351","-1417","1417","28.09","8558","4364"
6,"2014-12-31",2604,"train","6419","5902","6238","0.649","0.351","-3634","3634","139.55","8335","4141"
6,"2015-01-02",4273,"test","4506","6110","5069","0.649","0.351","-796","796","18.63","7166","2972"
6,"2015-01-03",3477,"test","2073","3662","2631","0.649","0.351","846","846","24.33","4728","534"
6,"2015-01-05",6459,"test","5294","6876","5849","0.649","0.351","610","610","9.44","7946","3752"
6,"2015-01-06",5857,"test","4536","6125","5094","0.649","0.351","763","763","13.03","7191","2997"
6,"2015-01-07",5206,"test","4314","5902","4871","0.649","0.351","335","335","6.43","6968","2774"
6,"2015-01-08",5043,"test","4153","5753","4715","0.649","0.351","328","328","6.50","6812","2618"
6,"2015-01-09",5246,"test","4491","6110","5059","0.649","0.351","187","187","3.56","7156","2962"
6,"2015-01-10",3168,"test","2058","3662","2621","0.649","0.351","547","547","17.27","4718","524"
6,"2015-01-12",6272,"test","5279","6876","5840","0.649","0.351","432","432","6.89","7937","3743"
6,"2015-01-13",5510,"test","4521","6125","5084","0.649","0.351","426","426","7.73","7181","2987"
6,"2015-01-14",5709,"test","4299","5902","4862","0.649","0.351","847","847","14.84","6959","2765"
6,"2015-01-15",5151,"test","4138","5753","4705","0.649","0.351","446","446","8.66","6802","2608"
6,"2015-01-16",5532,"test","4476","6110","5050","0.649","0.351","482","482","8.71","7147","2953"
6,"2015-01-17",2941,"test","2043","3662","2611","0.649","0.351","330","330","11.22","4708","514"
6,"2015-01-19",4025,"test","5264","6876","5830","0.649","0.351","-1805","1805","44.84","7927","3733"
6,"2015-01-20",3620,"test","4506","6125","5074","0.649","0.351","-1454","1454","40.17","7171","2977"
6,"2015-01-21",4126,"test","4284","5902","4852","0.649","0.351","-726","726","17.60","6949","2755"
6,"2015-01-22",3670,"test","4123","5753","4695","0.649","0.351","-1025","1025","27.93","6792","2598"
6,"2015-01-23",3711,"test","4461","6110","5040","0.649","0.351","-1329","1329","35.81","7137","2943"
6,"2015-01-24",3022,"test","2028","3662","2602","0.649","0.351","420","420","13.90","4699","505"
6,"2015-01-26",6360,"test","5249","6876","5820","0.649","0.351","540","540","8.49","7917","3723"
6,"2015-01-27",5079,"test","4491","6125","5065","0.649","0.351","14","14","0.28","7162","2968"
6,"2015-01-28",6077,"test","4269","5902","4842","0.649","0.351","1235","1235","20.32","6939","2745"
6,"2015-01-29",5395,"test","4108","5753","4685","0.649","0.351","710","710","13.16","6782","2588"
6,"2015-01-30",6555,"test","4446","6110","5030","0.649","0.351","1525","1525","23.26","7127","2933"
6,"2015-01-31",3352,"test","2013","3662","2592","0.649","0.351","760","760","22.67","4689","495"
6,"2015-02-02",7413,"test","5426","6876","5935","0.649","0.351","1478","1478","19.94","8032","3838"
6,"2015-02-03",6055,"test","4668","6125","5179","0.649","0.351","876","876","14.47","7276","3082"
6,"2015-02-04",5034,"test","4446","5902","4957","0.649","0.351","77","77","1.53","7054","2860"
6,"2015-02-05",5265,"test","4285","5753","4800","0.649","0.351","465","465","8.83","6897","2703"
6,"2015-02-06",5268,"test","4623","6110","5145","0.649","0.351","123","123","2.33","7242","3048"
6,"2015-02-07",3320,"test","2190","3662","2707","0.649","0.351","613","613","18.46","4804","610"
6,"2015-02-09",3834,"test","5411","6876","5925","0.649","0.351","-2091","2091","54.54","8022","3828"
6,"2015-02-10",4076,"test","4653","6125","5170","0.649","0.351","-1094","1094","26.84","7267","3073"
6,"2015-02-11",3843,"test","4431","5902","4947","0.649","0.351","-1104","1104","28.73","7044","2850"
6,"2015-02-12",3679,"test","4270","5753","4791","0.649","0.351","-1112","1112","30.23","6888","2694"
6,"2015-02-13",4083,"test","4608","6110","5135","0.649","0.351","-1052","1052","25.77","7232","3038"
6,"2015-02-14",2905,"test","2175","3662","2697","0.649","0.351","208","208","7.16","4794","600"
6,"2015-02-16",6506,"test","5396","6876","5915","0.649","0.351","591","591","9.08","8012","3818"
6,"2015-02-17",5586,"test","4638","6125","5160","0.649","0.351","426","426","7.63","7257","3063"
6,"2015-02-18",4618,"test","4416","5902","4938","0.649","0.351","-320","320","6.93","7035","2841"
6,"2015-02-19",4911,"test","4255","5753","4781","0.649","0.351","130","130","2.65","6878","2684"
6,"2015-02-20",5314,"test","4593","6110","5125","0.649","0.351","189","189","3.56","7222","3028"
6,"2015-02-21",3086,"test","2160","3662","2687","0.649","0.351","399","399","12.93","4784","590"
6,"2015-02-23",3783,"test","5381","6876","5906","0.649","0.351","-2123","2123","56.12","8003","3809"
6,"2015-02-24",4044,"test","4623","6125","5150","0.649","0.351","-1106","1106","27.35","7247","3053"
6,"2015-02-25",3936,"test","4401","5902","4928","0.649","0.351","-992","992","25.20","7025","2831"
6,"2015-02-26",3948,"test","4240","5753","4771","0.649","0.351","-823","823","20.85","6868","2674"
6,"2015-02-27",4887,"test","4578","6110","5116","0.649","0.351","-229","229","4.69","7213","3019"
6,"2015-02-28",3320,"test","2145","3662","2677","0.649","0.351","643","643","19.37","4774","580"
6,"2015-03-02",7519,"test","5836","6876","6201","0.649","0.351","1318","1318","17.53","8298","4104"
6,"2015-03-03",5872,"test","5078","6125","5445","0.649","0.351","427","427","7.27","7542","3348"
6,"2015-03-04",5714,"test","4856","5902","5223","0.649","0.351","491","491","8.59","7320","3126"
6,"2015-03-05",4500,"test","4695","5753","5066","0.649","0.351","-566","566","12.58","7163","2969"
6,"2015-03-06",5392,"test","5033","6110","5411","0.649","0.351","-19","19","0.35","7508","3314"
6,"2015-03-07",3036,"test","2600","3662","2973","0.649","0.351","63","63","2.08","5070","876"
6,"2015-03-09",4113,"test","5821","6876","6191","0.649","0.351","-2078","2078","50.52","8288","4094"
6,"2015-03-10",4356,"test","5063","6125","5436","0.649","0.351","-1080","1080","24.79","7533","3339"
6,"2015-03-11",3904,"test","4841","5902","5213","0.649","0.351","-1309","1309","33.53","7310","3116"
6,"2015-03-12",3635,"test","4680","5753","5057","0.649","0.351","-1422","1422","39.12","7154","2960"
6,"2015-03-13",4149,"test","5018","6110","5401","0.649","0.351","-1252","1252","30.18","7498","3304"
6,"2015-03-14",3164,"test","2585","3662","2963","0.649","0.351","201","201","6.35","5060","866"
6,"2015-03-16",7358,"test","5806","6876","6182","0.649","0.351","1176","1176","15.98","8279","4085"
6,"2015-03-17",5711,"test","5048","6125","5426","0.649","0.351","285","285","4.99","7523","3329"
6,"2015-03-18",4766,"test","4826","5902","5204","0.649","0.351","-438","438","9.19","7301","3107"
6,"2015-03-19",5053,"test","4665","5753","5047","0.649","0.351","6","6","0.12","7144","2950"
6,"2015-03-20",5120,"test","5003","6110","5392","0.649","0.351","-272","272","5.31","7489","3295"
6,"2015-03-21",3121,"test","2570","3662","2953","0.649","0.351","168","168","5.38","5050","856"
6,"2015-03-23",4241,"test","5791","6876","6172","0.649","0.351","-1931","1931","45.53","8269","4075"
6,"2015-03-24",3989,"test","5033","6125","5416","0.649","0.351","-1427","1427","35.77","7513","3319"
6,"2015-03-25",4198,"test","4811","5902","5194","0.649","0.351","-996","996","23.73","7291","3097"
6,"2015-03-26",3930,"test","4650","5753","5037","0.649","0.351","-1107","1107","28.17","7134","2940"
6,"2015-03-27",4101,"test","4988","6110","5382","0.649","0.351","-1281","1281","31.24","7479","3285"
6,"2015-03-28",3134,"test","2555","3662","2944","0.649","0.351","190","190","6.06","5041","847"
6,"2015-03-30",6759,"test","5776","6876","6162","0.649","0.351","597","597","8.83","8259","4065"
6,"2015-03-31",6803,"test","5018","6125","5407","0.649","0.351","1396","1396","20.52","7504","3310"
6,"2015-04-01",7705,"test","4948","5902","5283","0.649","0.351","2422","2422","31.43","7380","3186"
6,"2015-04-02",7520,"test","4787","5753","5126","0.649","0.351","2394","2394","31.84","7223","3029"
6,"2015-04-04",3941,"test","2695","3662","3034","0.649","0.351","907","907","23.01","5131","937"
6,"2015-04-07",4770,"test","5160","6125","5499","0.649","0.351","-729","729","15.28","7596","3402"
6,"2015-04-08",4461,"test","4938","5902","5276","0.649","0.351","-815","815","18.27","7373","3179"
6,"2015-04-09",4380,"test","4777","5753","5120","0.649","0.351","-740","740","16.89","7217","3023"
6,"2015-04-10",4247,"test","5115","6110","5464","0.649","0.351","-1217","1217","28.66","7561","3367"
6,"2015-04-11",3138,"test","2682","3662","3026","0.649","0.351","112","112","3.57","5123","929"
6,"2015-04-13",7624,"test","5903","6876","6245","0.649","0.351","1379","1379","18.09","8342","4148"
6,"2015-04-14",5235,"test","5145","6125","5489","0.649","0.351","-254","254","4.85","7586","3392"
6,"2015-04-15",5364,"test","4923","5902","5267","0.649","0.351","97","97","1.81","7364","3170"
6,"2015-04-16",5734,"test","4762","5753","5110","0.649","0.351","624","624","10.88","7207","3013"
6,"2015-04-17",5862,"test","5100","6110","5455","0.649","0.351","407","407","6.94","7552","3358"
6,"2015-04-18",2937,"test","2667","3662","3016","0.649","0.351","-79","79","2.69","5113","919"
6,"2015-04-20",4347,"test","5888","6876","6235","0.649","0.351","-1888","1888","43.43","8332","4138"
6,"2015-04-21",3398,"test","5130","6125","5479","0.649","0.351","-2081","2081","61.24","7576","3382"
6,"2015-04-22",4116,"test","4908","5902","5257","0.649","0.351","-1141","1141","27.72","7354","3160"
6,"2015-04-23",3704,"test","4747","5753","5100","0.649","0.351","-1396","1396","37.69","7197","3003"
6,"2015-04-24",3209,"test","5085","6110","5445","0.649","0.351","-2236","2236","69.68","7542","3348"
6,"2015-04-25",2737,"test","2652","3662","3007","0.649","0.351","-270","270","9.86","5104","910"
6,"2015-04-27",6772,"test","5873","6876","6225","0.649","0.351","547","547","8.08","8322","4128"
6,"2015-04-28",5458,"test","5115","6125","5470","0.649","0.351","-12","12","0.22","7567","3373"
6,"2015-04-29",6682,"test","4893","5902","5247","0.649","0.351","1435","1435","21.48","7344","3150"
6,"2015-04-30",7287,"test","4732","5753","5090","0.649","0.351","2197","2197","30.15","7187","2993"
6,"2015-05-02",4033,"test","2690","3662","3031","0.649","0.351","1002","1002","24.85","5128","934"
6,"2015-05-04",7521,"test","5910","6876","6249","0.649","0.351","1272","1272","16.91","8346","4152"
6,"2015-05-05",5608,"test","5152","6125","5494","0.649","0.351","114","114","2.03","7591","3397"
6,"2015-05-06",5683,"test","4930","5902","5271","0.649","0.351","412","412","7.25","7368","3174"
6,"2015-05-07",5114,"test","4769","5753","5114","0.649","0.351","0","0","0.00","7211","3017"
6,"2015-05-08",4931,"test","5107","6110","5459","0.649","0.351","-528","528","10.71","7556","3362"
6,"2015-05-09",3034,"test","2674","3662","3021","0.649","0.351","13","13","0.43","5118","924"
6,"2015-05-11",4424,"test","5895","6876","6239","0.649","0.351","-1815","1815","41.03","8336","4142"
6,"2015-05-12",4124,"test","5137","6125","5484","0.649","0.351","-1360","1360","32.98","7581","3387"
6,"2015-05-13",5029,"test","4915","5902","5261","0.649","0.351","-232","232","4.61","7358","3164"
6,"2015-05-15",4802,"test","5094","6110","5451","0.649","0.351","-649","649","13.52","7548","3354"
6,"2015-05-16",3245,"test","2662","3662","3013","0.649","0.351","232","232","7.15","5110","916"
6,"2015-05-18",6552,"test","5882","6876","6231","0.649","0.351","321","321","4.90","8328","4134"
6,"2015-05-19",5877,"test","5125","6125","5476","0.649","0.351","401","401","6.82","7573","3379"
6,"2015-05-20",5587,"test","4902","5902","5253","0.649","0.351","334","334","5.98","7350","3156"
6,"2015-05-21",5306,"test","4742","5753","5097","0.649","0.351","209","209","3.94","7194","3000"
6,"2015-05-22",6133,"test","5079","6110","5441","0.649","0.351","692","692","11.28","7538","3344"
6,"2015-05-23",3253,"test","2647","3662","3003","0.649","0.351","250","250","7.69","5100","906"
6,"2015-05-26",4574,"test","5112","6125","5468","0.649","0.351","-894","894","19.55","7565","3371"
6,"2015-05-27",4573,"test","4890","5902","5245","0.649","0.351","-672","672","14.69","7342","3148"
6,"2015-05-28",4754,"test","4729","5753","5088","0.649","0.351","-334","334","7.03","7185","2991"
6,"2015-05-29",5435,"test","5067","6110","5433","0.649","0.351","2","2","0.04","7530","3336"
6,"2015-05-30",3756,"test","2634","3662","2995","0.649","0.351","761","761","20.26","5092","898"
6,"2015-06-01",7054,"test","5772","6876","6160","0.649","0.351","894","894","12.67","8257","4063"
6,"2015-06-02",6887,"test","5014","6125","5404","0.649","0.351","1483","1483","21.53","7501","3307"
6,"2015-06-03",5960,"test","4792","5902","5182","0.649","0.351","778","778","13.05","7279","3085"
6,"2015-06-04",5749,"test","4631","5753","5025","0.649","0.351","724","724","12.59","7122","2928"
6,"2015-06-05",5393,"test","4969","6110","5369","0.649","0.351","24","24","0.45","7466","3272"
6,"2015-06-06",2800,"test","2536","3662","2931","0.649","0.351","-131","131","4.68","5028","834"
6,"2015-06-08",4426,"test","5757","6876","6150","0.649","0.351","-1724","1724","38.95","8247","4053"
6,"2015-06-09",4223,"test","4999","6125","5394","0.649","0.351","-1171","1171","27.73","7491","3297"
6,"2015-06-10",4326,"test","4777","5902","5172","0.649","0.351","-846","846","19.56","7269","3075"
6,"2015-06-11",4047,"test","4616","5753","5015","0.649","0.351","-968","968","23.92","7112","2918"
6,"2015-06-12",4070,"test","4954","6110","5360","0.649","0.351","-1290","1290","31.70","7457","3263"
6,"2015-06-13",2812,"test","2521","3662","2921","0.649","0.351","-109","109","3.88","5018","824"
6,"2015-06-15",7147,"test","5742","6876","6140","0.649","0.351","1007","1007","14.09","8237","4043"
6,"2015-06-16",5804,"test","4984","6125","5384","0.649","0.351","420","420","7.24","7481","3287"
6,"2015-06-17",5135,"test","4762","5902","5162","0.649","0.351","-27","27","0.53","7259","3065"
6,"2015-06-18",4405,"test","4601","5753","5005","0.649","0.351","-600","600","13.62","7102","2908"
6,"2015-06-19",5464,"test","4939","6110","5350","0.649","0.351","114","114","2.09","7447","3253"
6,"2015-06-20",2793,"test","2506","3662","2912","0.649","0.351","-119","119","4.26","5009","815"
6,"2015-06-22",3641,"test","5727","6876","6130","0.649","0.351","-2489","2489","68.36","8227","4033"
6,"2015-06-23",3829,"test","4969","6125","5375","0.649","0.351","-1546","1546","40.38","7472","3278"
6,"2015-06-24",3970,"test","4747","5902","5152","0.649","0.351","-1182","1182","29.77","7249","3055"
6,"2015-06-25",3861,"test","4586","5753","4996","0.649","0.351","-1135","1135","29.40","7093","2899"
6,"2015-06-26",4215,"test","4924","6110","5340","0.649","0.351","-1125","1125","26.69","7437","3243"
6,"2015-06-27",3078,"test","2491","3662","2902","0.649","0.351","176","176","5.72","4999","805"
6,"2015-06-29",6995,"test","5712","6876","6121","0.649","0.351","874","874","12.49","8218","4024"
6,"2015-06-30",7427,"test","4954","6125","5365","0.649","0.351","2062","2062","27.76","7462","3268"
6,"2015-07-01",5804,"test","4807","5902","5191","0.649","0.351","613","613","10.56","7288","3094"
6,"2015-07-02",5335,"test","4646","5753","5035","0.649","0.351","300","300","5.62","7132","2938"
6,"2015-07-03",4594,"test","4984","6110","5379","0.649","0.351","-785","785","17.09","7476","3282"
6,"2015-07-04",2979,"test","2551","3662","2941","0.649","0.351","38","38","1.28","5038","844"
6,"2015-07-06",4508,"test","5772","6876","6160","0.649","0.351","-1652","1652","36.65","8257","4063"
6,"2015-07-07",4021,"test","5014","6125","5404","0.649","0.351","-1383","1383","34.39","7501","3307"
6,"2015-07-08",4072,"test","4792","5902","5182","0.649","0.351","-1110","1110","27.26","7279","3085"
6,"2015-07-09",4095,"test","4631","5753","5025","0.649","0.351","-930","930","22.71","7122","2928"
6,"2015-07-10",4530,"test","4969","6110","5369","0.649","0.351","-839","839","18.52","7466","3272"
6,"2015-07-11",3134,"test","2536","3662","2931","0.649","0.351","203","203","6.48","5028","834"
6,"2015-07-13",6827,"test","5757","6876","6150","0.649","0.351","677","677","9.92","8247","4053"
6,"2015-07-14",5758,"test","4999","6125","5394","0.649","0.351","364","364","6.32","7491","3297"
6,"2015-07-15",4582,"test","4777","5902","5172","0.649","0.351","-590","590","12.88","7269","3075"
6,"2015-07-16",5115,"test","4616","5753","5015","0.649","0.351","100","100","1.96","7112","2918"
6,"2015-07-17",4422,"test","4954","6110","5360","0.649","0.351","-938","938","21.21","7457","3263"
6,"2015-07-18",2915,"test","2521","3662","2921","0.649","0.351","-6","6","0.21","5018","824"
6,"2015-07-20",4301,"test","5742","6876","6140","0.649","0.351","-1839","1839","42.76","8237","4043"
6,"2015-07-21",3720,"test","4984","6125","5384","0.649","0.351","-1664","1664","44.73","7481","3287"
6,"2015-07-22",3469,"test","4762","5902","5162","0.649","0.351","-1693","1693","48.80","7259","3065"
6,"2015-07-23",3482,"test","4601","5753","5005","0.649","0.351","-1523","1523","43.74","7102","2908"
6,"2015-07-24",3804,"test","4939","6110","5350","0.649","0.351","-1546","1546","40.64","7447","3253"
6,"2015-07-25",2892,"test","2506","3662","2912","0.649","0.351","-20","20","0.69","5009","815"
6,"2015-07-27",5723,"test","5727","6876","6130","0.649","0.351","-407","407","7.11","8227","4033"
6,"2015-07-28",4839,"test","4969","6125","5375","0.649","0.351","-536","536","11.08","7472","3278"
6,"2015-07-29",5275,"test","4747","5902","5152","0.649","0.351","123","123","2.33","7249","3055"
6,"2015-07-30",4790,"test","4586","5753","4996","0.649","0.351","-206","206","4.30","7093","2899"
6,"2015-07-31",5651,"test","4924","6110","5340","0.649","0.351","311","311","5.50","7437","3243"
7,"2013-01-18",7010,"train","7486","9267","8359","0.510","0.490","-1349","1349","19.24","11936","4782"
7,"2013-01-19",4451,"train","4338","6122","5212","0.510","0.490","-761","761","17.10","8789","1635"
7,"2013-01-21",10832,"train","9048","10837","9925","0.510","0.490","907","907","8.37","13502","6348"
7,"2013-01-22",9074,"train","8010","9794","8884","0.510","0.490","190","190","2.09","12461","5307"
7,"2013-01-23",7664,"train","6609","8399","7486","0.510","0.490","178","178","2.32","11063","3909"
7,"2013-01-24",7690,"train","6700","8471","7568","0.510","0.490","122","122","1.59","11145","3991"
7,"2013-01-25",8360,"train","7500","9267","8366","0.510","0.490","-6","6","0.07","11943","4789"
7,"2013-01-26",3774,"train","4352","6122","5219","0.510","0.490","-1445","1445","38.29","8796","1642"
7,"2013-01-28",6483,"train","9062","10837","9932","0.510","0.490","-3449","3449","53.20","13509","6355"
7,"2013-01-29",6480,"train","8023","9794","8891","0.510","0.490","-2411","2411","37.21","12468","5314"
7,"2013-01-30",5401,"train","6623","8399","7493","0.510","0.490","-2092","2092","38.73","11070","3916"
7,"2013-01-31",7072,"train","6714","8471","7575","0.510","0.490","-503","503","7.11","11152","3998"
7,"2013-02-01",8721,"train","7845","9267","8542","0.510","0.490","179","179","2.05","12119","4965"
7,"2013-02-02",5752,"train","4698","6122","5396","0.510","0.490","356","356","6.19","8973","1819"
7,"2013-02-04",11182,"train","9408","10837","10108","0.510","0.490","1074","1074","9.60","13685","6531"
7,"2013-02-05",9502,"train","8369","9794","9067","0.510","0.490","435","435","4.58","12644","5490"
7,"2013-02-06",8303,"train","6969","8399","7670","0.510","0.490","633","633","7.62","11247","4093"
7,"2013-02-07",8664,"train","7060","8471","7751","0.510","0.490","913","913","10.54","11328","4174"
7,"2013-02-08",8091,"train","7859","9267","8549","0.510","0.490","-458","458","5.66","12126","4972"
7,"2013-02-09",4437,"train","4712","6122","5403","0.510","0.490","-966","966","21.77","8980","1826"
7,"2013-02-11",7457,"train","9422","10837","10115","0.510","0.490","-2658","2658","35.64","13692","6538"
7,"2013-02-12",6506,"train","8383","9794","9074","0.510","0.490","-2568","2568","39.47","12651","5497"
7,"2013-02-13",7005,"train","6982","8399","7676","0.510","0.490","-671","671","9.58","11253","4099"
7,"2013-02-14",6520,"train","7074","8471","7759","0.510","0.490","-1239","1239","19.00","11336","4182"
7,"2013-02-15",7677,"train","7873","9267","8556","0.510","0.490","-879","879","11.45","12133","4979"
7,"2013-02-16",5140,"train","4725","6122","5410","0.510","0.490","-270","270","5.25","8987","1833"
7,"2013-02-18",11148,"train","9436","10837","10122","0.510","0.490","1026","1026","9.20","13699","6545"
7,"2013-02-19",8497,"train","8397","9794","9082","0.510","0.490","-585","585","6.88","12659","5505"
7,"2013-02-20",7120,"train","6996","8399","7683","0.510","0.490","-563","563","7.91","11260","4106"
7,"2013-02-21",7735,"train","7088","8471","7766","0.510","0.490","-31","31","0.40","11343","4189"
7,"2013-02-22",8043,"train","7887","9267","8563","0.510","0.490","-520","520","6.47","12140","4986"
7,"2013-02-23",4233,"train","4739","6122","5417","0.510","0.490","-1184","1184","27.97","8994","1840"
7,"2013-02-25",6839,"train","9450","10837","10130","0.510","0.490","-3291","3291","48.12","13707","6553"
7,"2013-02-26",6464,"train","8411","9794","9089","0.510","0.490","-2625","2625","40.61","12666","5512"
7,"2013-02-27",6381,"train","7010","8399","7691","0.510","0.490","-1310","1310","20.53","11268","4114"
7,"2013-02-28",7413,"train","7101","8471","7772","0.510","0.490","-359","359","4.84","11349","4195"
7,"2013-03-01",8052,"train","8268","9267","8758","0.510","0.490","-706","706","8.77","12335","5181"
7,"2013-03-02",5240,"train","5120","6122","5611","0.510","0.490","-371","371","7.08","9188","2034"
7,"2013-03-04",11946,"train","9830","10837","10323","0.510","0.490","1623","1623","13.59","13900","6746"
7,"2013-03-05",9821,"train","8792","9794","9283","0.510","0.490","538","538","5.48","12860","5706"
7,"2013-03-06",8802,"train","7391","8399","7885","0.510","0.490","917","917","10.42","11462","4308"
7,"2013-03-07",7698,"train","7482","8471","7967","0.510","0.490","-269","269","3.49","11544","4390"
7,"2013-03-08",8322,"train","8282","9267","8765","0.510","0.490","-443","443","5.32","12342","5188"
7,"2013-03-09",5013,"train","5134","6122","5618","0.510","0.490","-605","605","12.07","9195","2041"
7,"2013-03-11",6325,"train","9844","10837","10331","0.510","0.490","-4006","4006","63.34","13908","6754"
7,"2013-03-12",7182,"train","8805","9794","9290","0.510","0.490","-2108","2108","29.35","12867","5713"
7,"2013-03-13",6538,"train","7405","8399","7892","0.510","0.490","-1354","1354","20.71","11469","4315"
7,"2013-03-14",6752,"train","7496","8471","7974","0.510","0.490","-1222","1222","18.10","11551","4397"
7,"2013-03-15",8083,"train","8295","9267","8771","0.510","0.490","-688","688","8.51","12348","5194"
7,"2013-03-16",5335,"train","5148","6122","5625","0.510","0.490","-290","290","5.44","9202","2048"
7,"2013-03-18",8415,"train","9858","10837","10338","0.510","0.490","-1923","1923","22.85","13915","6761"
7,"2013-03-19",8576,"train","8819","9794","9297","0.510","0.490","-721","721","8.41","12874","5720"
7,"2013-03-20",8934,"train","7419","8399","7899","0.510","0.490","1035","1035","11.58","11476","4322"
7,"2013-03-21",7976,"train","7510","8471","7981","0.510","0.490","-5","5","0.06","11558","4404"
7,"2013-03-22",9776,"train","8309","9267","8778","0.510","0.490","998","998","10.21","12355","5201"
7,"2013-03-23",5347,"train","5162","6122","5632","0.510","0.490","-285","285","5.33","9209","2055"
7,"2013-03-25",12717,"train","9872","10837","10345","0.510","0.490","2372","2372","18.65","13922","6768"
7,"2013-03-26",10454,"train","8833","9794","9304","0.510","0.490","1150","1150","11.00","12881","5727"
7,"2013-03-27",10734,"train","7432","8399","7906","0.510","0.490","2828","2828","26.35","11483","4329"
7,"2013-03-28",13770,"train","7524","8471","7988","0.510","0.490","5782","5782","41.99","11565","4411"
7,"2013-03-30",11274,"train","5173","6122","5638","0.510","0.490","5636","5636","49.99","9215","2061"
7,"2013-04-02",9418,"train","9160","9794","9471","0.510","0.490","-53","53","0.56","13048","5894"
7,"2013-04-03",6884,"train","7760","8399","8073","0.510","0.490","-1189","1189","17.27","11650","4496"
7,"2013-04-04",7210,"train","7851","8471","8155","0.510","0.490","-945","945","13.11","11732","4578"
7,"2013-04-05",8011,"train","8650","9267","8952","0.510","0.490","-941","941","11.75","12529","5375"
7,"2013-04-06",5276,"train","5503","6122","5806","0.510","0.490","-530","530","10.05","9383","2229"
7,"2013-04-08",11404,"train","10213","10837","10519","0.510","0.490","885","885","7.76","14096","6942"
7,"2013-04-09",10176,"train","9174","9794","9478","0.510","0.490","698","698","6.86","13055","5901"
7,"2013-04-10",7548,"train","7774","8399","8080","0.510","0.490","-532","532","7.05","11657","4503"
7,"2013-04-11",7253,"train","7865","8471","8162","0.510","0.490","-909","909","12.53","11739","4585"
7,"2013-04-12",8949,"train","8664","9267","8959","0.510","0.490","-10","10","0.11","12536","5382"
7,"2013-04-13",4887,"train","5516","6122","5813","0.510","0.490","-926","926","18.95","9390","2236"
7,"2013-04-15",6342,"train","10227","10837","10526","0.510","0.490","-4184","4184","65.97","14103","6949"
7,"2013-04-16",6747,"train","9188","9794","9485","0.510","0.490","-2738","2738","40.58","13062","5908"
7,"2013-04-17",6100,"train","7787","8399","8087","0.510","0.490","-1987","1987","32.57","11664","4510"
7,"2013-04-18",6465,"train","7879","8471","8169","0.510","0.490","-1704","1704","26.36","11746","4592"
7,"2013-04-19",7029,"train","8678","9267","8967","0.510","0.490","-1938","1938","27.57","12544","5390"
7,"2013-04-20",5128,"train","5530","6122","5820","0.510","0.490","-692","692","13.49","9397","2243"
7,"2013-04-22",10465,"train","10241","10837","10533","0.510","0.490","-68","68","0.65","14110","6956"
7,"2013-04-23",9166,"train","9202","9794","9492","0.510","0.490","-326","326","3.56","13069","5915"
7,"2013-04-24",7970,"train","7801","8399","8094","0.510","0.490","-124","124","1.56","11671","4517"
7,"2013-04-25",7960,"train","7892","8471","8176","0.510","0.490","-216","216","2.71","11753","4599"
7,"2013-04-26",8399,"train","8692","9267","8974","0.510","0.490","-575","575","6.85","12551","5397"
7,"2013-04-27",5164,"train","5544","6122","5827","0.510","0.490","-663","663","12.84","9404","2250"
7,"2013-04-29",10913,"train","10254","10837","10540","0.510","0.490","373","373","3.42","14117","6963"
7,"2013-04-30",12517,"train","9216","9794","9499","0.510","0.490","3018","3018","24.11","13076","5922"
7,"2013-05-02",12432,"train","8013","8471","8237","0.510","0.490","4195","4195","33.74","11814","4660"
7,"2013-05-03",10699,"train","8812","9267","9035","0.510","0.490","1664","1664","15.55","12612","5458"
7,"2013-05-04",6426,"train","5665","6122","5889","0.510","0.490","537","537","8.36","9466","2312"
7,"2013-05-06",8820,"train","10375","10837","10601","0.510","0.490","-1781","1781","20.19","14178","7024"
7,"2013-05-07",8039,"train","9336","9794","9560","0.510","0.490","-1521","1521","18.92","13137","5983"
7,"2013-05-08",8250,"train","7936","8399","8163","0.510","0.490","87","87","1.05","11740","4586"
7,"2013-05-10",10983,"train","8824","9267","9041","0.510","0.490","1942","1942","17.68","12618","5464"
7,"2013-05-11",6153,"train","5676","6122","5895","0.510","0.490","258","258","4.19","9472","2318"
7,"2013-05-13",11380,"train","10386","10837","10607","0.510","0.490","773","773","6.79","14184","7030"
7,"2013-05-14",10353,"train","9348","9794","9567","0.510","0.490","786","786","7.59","13144","5990"
7,"2013-05-15",9086,"train","7947","8399","8168","0.510","0.490","918","918","10.10","11745","4591"
7,"2013-05-16",8754,"train","8038","8471","8250","0.510","0.490","504","504","5.76","11827","4673"
7,"2013-05-17",8936,"train","8838","9267","9048","0.510","0.490","-112","112","1.25","12625","5471"
7,"2013-05-18",7121,"train","5690","6122","5902","0.510","0.490","1219","1219","17.12","9479","2325"
7,"2013-05-21",7332,"train","9359","9794","9572","0.510","0.490","-2240","2240","30.55","13149","5995"
7,"2013-05-22",5897,"train","7959","8399","8175","0.510","0.490","-2278","2278","38.63","11752","4598"
7,"2013-05-23",7385,"train","8050","8471","8256","0.510","0.490","-871","871","11.79","11833","4679"
7,"2013-05-24",7303,"train","8849","9267","9054","0.510","0.490","-1751","1751","23.98","12631","5477"
7,"2013-05-25",4084,"train","5702","6122","5908","0.510","0.490","-1824","1824","44.66","9485","2331"
7,"2013-05-27",11260,"train","10412","10837","10620","0.510","0.490","640","640","5.68","14197","7043"
7,"2013-05-28",10304,"train","9373","9794","9579","0.510","0.490","725","725","7.04","13156","6002"
7,"2013-05-29",8626,"train","7972","8399","8181","0.510","0.490","445","445","5.16","11758","4604"
7,"2013-05-30",9571,"train","8064","8471","8263","0.510","0.490","1308","1308","13.67","11840","4686"
7,"2013-05-31",11727,"train","8863","9267","9061","0.510","0.490","2666","2666","22.73","12638","5484"
7,"2013-06-01",7098,"train","5778","6122","5947","0.510","0.490","1151","1151","16.22","9524","2370"
7,"2013-06-03",12730,"train","10489","10837","10660","0.510","0.490","2070","2070","16.26","14237","7083"
7,"2013-06-04",10746,"train","9450","9794","9619","0.510","0.490","1127","1127","10.49","13196","6042"
7,"2013-06-05",8210,"train","8049","8399","8221","0.510","0.490","-11","11","0.13","11798","4644"
7,"2013-06-06",8535,"train","8141","8471","8303","0.510","0.490","232","232","2.72","11880","4726"
7,"2013-06-07",9231,"train","8940","9267","9100","0.510","0.490","131","131","1.42","12677","5523"
7,"2013-06-08",6334,"train","5792","6122","5954","0.510","0.490","380","380","6.00","9531","2377"
7,"2013-06-10",8153,"train","10502","10837","10666","0.510","0.490","-2513","2513","30.82","14243","7089"
7,"2013-06-11",7972,"train","9464","9794","9626","0.510","0.490","-1654","1654","20.75","13203","6049"
7,"2013-06-12",6847,"train","8063","8399","8228","0.510","0.490","-1381","1381","20.17","11805","4651"
7,"2013-06-13",7498,"train","8154","8471","8309","0.510","0.490","-811","811","10.82","11886","4732"
7,"2013-06-14",8240,"train","8954","9267","9107","0.510","0.490","-867","867","10.52","12684","5530"
7,"2013-06-15",6090,"train","5806","6122","5961","0.510","0.490","129","129","2.12","9538","2384"
7,"2013-06-17",12592,"train","10516","10837","10673","0.510","0.490","1919","1919","15.24","14250","7096"
7,"2013-06-18",10651,"train","9478","9794","9633","0.510","0.490","1018","1018","9.56","13210","6056"
7,"2013-06-19",9036,"train","8077","8399","8235","0.510","0.490","801","801","8.86","11812","4658"
7,"2013-06-20",8683,"train","8168","8471","8316","0.510","0.490","367","367","4.23","11893","4739"
7,"2013-06-21",9302,"train","8968","9267","9115","0.510","0.490","187","187","2.01","12692","5538"
7,"2013-06-22",5582,"train","5820","6122","5968","0.510","0.490","-386","386","6.92","9545","2391"
7,"2013-06-24",8499,"train","10530","10837","10680","0.510","0.490","-2181","2181","25.66","14257","7103"
7,"2013-06-25",8285,"train","9491","9794","9639","0.510","0.490","-1354","1354","16.34","13216","6062"
7,"2013-06-26",7585,"train","8091","8399","8242","0.510","0.490","-657","657","8.66","11819","4665"
7,"2013-06-27",7481,"train","8182","8471","8324","0.510","0.490","-843","843","11.27","11901","4747"
7,"2013-06-28",10324,"train","8981","9267","9121","0.510","0.490","1203","1203","11.65","12698","5544"
7,"2013-06-29",6067,"train","5834","6122","5975","0.510","0.490","92","92","1.52","9552","2398"
7,"2013-07-01",15123,"train","11713","10837","11284","0.510","0.490","3839","3839","25.39","14861","7707"
7,"2013-07-02",12421,"train","10674","9794","10243","0.510","0.490","2178","2178","17.53","13820","6666"
7,"2013-07-03",9851,"train","9274","8399","8845","0.510","0.490","1006","1006","10.21","12422","5268"
7,"2013-07-04",9256,"train","9365","8471","8927","0.510","0.490","329","329","3.55","12504","5350"
7,"2013-07-05",10005,"train","10164","9267","9724","0.510","0.490","281","281","2.81","13301","6147"
7,"2013-07-06",5608,"train","7017","6122","6578","0.510","0.490","-970","970","17.30","10155","3001"
7,"2013-07-08",8490,"train","11727","10837","11291","0.510","0.490","-2801","2801","32.99","14868","7714"
7,"2013-07-09",9463,"train","10688","9794","10250","0.510","0.490","-787","787","8.32","13827","6673"
7,"2013-07-10",8982,"train","9287","8399","8852","0.510","0.490","130","130","1.45","12429","5275"
7,"2013-07-11",8140,"train","9379","8471","8934","0.510","0.490","-794","794","9.75","12511","5357"
7,"2013-07-12",8921,"train","10178","9267","9732","0.510","0.490","-811","811","9.09","13309","6155"
7,"2013-07-13",5896,"train","7030","6122","6585","0.510","0.490","-689","689","11.69","10162","3008"
7,"2013-07-15",14636,"train","11741","10837","11298","0.510","0.490","3338","3338","22.81","14875","7721"
7,"2013-07-16",11993,"train","10702","9794","10257","0.510","0.490","1736","1736","14.48","13834","6680"
7,"2013-07-17",10133,"train","9301","8399","8859","0.510","0.490","1274","1274","12.57","12436","5282"
7,"2013-07-18",10171,"train","9393","8471","8941","0.510","0.490","1230","1230","12.09","12518","5364"
7,"2013-07-19",11476,"train","10192","9267","9739","0.510","0.490","1737","1737","15.14","13316","6162"
7,"2013-07-20",5608,"train","7044","6122","6592","0.510","0.490","-984","984","17.55","10169","3015"
7,"2013-07-22",8915,"train","11754","10837","11305","0.510","0.490","-2390","2390","26.81","14882","7728"
7,"2013-07-23",9214,"train","10716","9794","10264","0.510","0.490","-1050","1050","11.40","13841","6687"
7,"2013-07-24",9275,"train","9315","8399","8866","0.510","0.490","409","409","4.41","12443","5289"
7,"2013-07-25",9584,"train","9406","8471","8948","0.510","0.490","636","636","6.64","12525","5371"
7,"2013-07-26",8572,"train","10206","9267","9746","0.510","0.490","-1174","1174","13.70","13323","6169"
7,"2013-07-27",6469,"train","7058","6122","6599","0.510","0.490","-130","130","2.01","10176","3022"
7,"2013-07-29",17567,"train","11768","10837","11312","0.510","0.490","6255","6255","35.61","14889","7735"
7,"2013-07-30",15356,"train","10730","9794","10271","0.510","0.490","5085","5085","33.11","13848","6694"
7,"2013-07-31",15155,"train","9329","8399","8873","0.510","0.490","6282","6282","41.45","12450","5296"
7,"2013-08-01",12681,"train","9229","8471","8858","0.510","0.490","3823","3823","30.15","12435","5281"
7,"2013-08-02",10085,"train","10029","9267","9656","0.510","0.490","429","429","4.25","13233","6079"
7,"2013-08-03",7819,"train","6881","6122","6509","0.510","0.490","1310","1310","16.75","10086","2932"
7,"2013-08-05",12365,"train","11591","10837","11222","0.510","0.490","1143","1143","9.24","14799","7645"
7,"2013-08-06",11208,"train","10552","9794","10181","0.510","0.490","1027","1027","9.16","13758","6604"
7,"2013-08-07",10138,"train","9152","8399","8783","0.510","0.490","1355","1355","13.37","12360","5206"
7,"2013-08-08",9339,"train","9243","8471","8865","0.510","0.490","474","474","5.08","12442","5288"
7,"2013-08-09",9198,"train","10042","9267","9662","0.510","0.490","-464","464","5.04","13239","6085"
7,"2013-08-10",5763,"train","6895","6122","6516","0.510","0.490","-753","753","13.07","10093","2939"
7,"2013-08-12",14766,"train","11605","10837","11229","0.510","0.490","3537","3537","23.95","14806","7652"
7,"2013-08-13",12269,"train","10566","9794","10188","0.510","0.490","2081","2081","16.96","13765","6611"
7,"2013-08-14",10364,"train","9166","8399","8790","0.510","0.490","1574","1574","15.19","12367","5213"
7,"2013-08-15",9477,"train","9257","8471","8872","0.510","0.490","605","605","6.38","12449","5295"
7,"2013-08-16",10781,"train","10056","9267","9669","0.510","0.490","1112","1112","10.31","13246","6092"
7,"2013-08-17",6629,"train","6909","6122","6523","0.510","0.490","106","106","1.60","10100","2946"
7,"2013-08-19",8806,"train","11619","10837","11236","0.510","0.490","-2430","2430","27.59","14813","7659"
7,"2013-08-20",8685,"train","10580","9794","10195","0.510","0.490","-1510","1510","17.39","13772","6618"
7,"2013-08-21",7191,"train","9179","8399","8797","0.510","0.490","-1606","1606","22.33","12374","5220"
7,"2013-08-22",6934,"train","9271","8471","8879","0.510","0.490","-1945","1945","28.05","12456","5302"
7,"2013-08-23",7895,"train","10070","9267","9677","0.510","0.490","-1782","1782","22.57","13254","6100"
7,"2013-08-24",5628,"train","6922","6122","6530","0.510","0.490","-902","902","16.03","10107","2953"
7,"2013-08-26",11911,"train","11633","10837","11243","0.510","0.490","668","668","5.61","14820","7666"
7,"2013-08-27",10861,"train","10594","9794","10202","0.510","0.490","659","659","6.07","13779","6625"
7,"2013-08-28",9762,"train","9193","8399","8804","0.510","0.490","958","958","9.81","12381","5227"
7,"2013-08-29",9889,"train","9285","8471","8886","0.510","0.490","1003","1003","10.14","12463","5309"
7,"2013-08-30",11809,"train","10084","9267","9684","0.510","0.490","2125","2125","17.99","13261","6107"
7,"2013-08-31",6113,"train","6936","6122","6537","0.510","0.490","-424","424","6.94","10114","2960"
7,"2013-09-02",7650,"train","10125","10837","10474","0.510","0.490","-2824","2824","36.92","14051","6897"
7,"2013-09-03",8707,"train","9087","9794","9433","0.510","0.490","-726","726","8.34","13010","5856"
7,"2013-09-04",7850,"train","7686","8399","8035","0.510","0.490","-185","185","2.36","11612","4458"
7,"2013-09-05",7398,"train","7777","8471","8117","0.510","0.490","-719","719","9.72","11694","4540"
7,"2013-09-06",7753,"train","8577","9267","8915","0.510","0.490","-1162","1162","14.99","12492","5338"
7,"2013-09-07",5166,"train","5429","6122","5769","0.510","0.490","-603","603","11.67","9346","2192"
7,"2013-09-09",10694,"train","10139","10837","10481","0.510","0.490","213","213","1.99","14058","6904"
7,"2013-09-10",11072,"train","9101","9794","9441","0.510","0.490","1631","1631","14.73","13018","5864"
7,"2013-09-11",8808,"train","7700","8399","8043","0.510","0.490","765","765","8.69","11620","4466"
7,"2013-09-12",9066,"train","7791","8471","8124","0.510","0.490","942","942","10.39","11701","4547"
7,"2013-09-13",9977,"train","8591","9267","8922","0.510","0.490","1055","1055","10.57","12499","5345"
7,"2013-09-14",5383,"train","5443","6122","5776","0.510","0.490","-393","393","7.30","9353","2199"
7,"2013-09-16",7562,"train","10153","10837","10488","0.510","0.490","-2926","2926","38.69","14065","6911"
7,"2013-09-17",7767,"train","9114","9794","9447","0.510","0.490","-1680","1680","21.63","13024","5870"
7,"2013-09-18",6845,"train","7714","8399","8050","0.510","0.490","-1205","1205","17.60","11627","4473"
7,"2013-09-19",6859,"train","7805","8471","8131","0.510","0.490","-1272","1272","18.54","11708","4554"
7,"2013-09-20",7630,"train","8604","9267","8929","0.510","0.490","-1299","1299","17.02","12506","5352"
7,"2013-09-21",4729,"train","5457","6122","5783","0.510","0.490","-1054","1054","22.29","9360","2206"
7,"2013-09-23",9480,"train","10167","10837","10495","0.510","0.490","-1015","1015","10.71","14072","6918"
7,"2013-09-24",10012,"train","9128","9794","9454","0.510","0.490","558","558","5.57","13031","5877"
7,"2013-09-25",8023,"train","7728","8399","8057","0.510","0.490","-34","34","0.42","11634","4480"
7,"2013-09-26",8371,"train","7819","8471","8138","0.510","0.490","233","233","2.78","11715","4561"
7,"2013-09-27",9740,"train","8618","9267","8936","0.510","0.490","804","804","8.25","12513","5359"
7,"2013-09-28",5818,"train","5471","6122","5790","0.510","0.490","28","28","0.48","9367","2213"
7,"2013-09-30",9018,"train","10181","10837","10502","0.510","0.490","-1484","1484","16.46","14079","6925"
7,"2013-10-01",9316,"train","8506","9794","9137","0.510","0.490","179","179","1.92","12714","5560"
7,"2013-10-02",8004,"train","7105","8399","7739","0.510","0.490","265","265","3.31","11316","4162"
7,"2013-10-03",3020,"train","7197","8471","7821","0.510","0.490","-4801","4801","158.97","11398","4244"
7,"2013-10-04",9332,"train","7996","9267","8619","0.510","0.490","713","713","7.64","12196","5042"
7,"2013-10-05",5807,"train","4848","6122","5472","0.510","0.490","335","335","5.77","9049","1895"
7,"2013-10-07",12712,"train","9559","10837","10185","0.510","0.490","2527","2527","19.88","13762","6608"
7,"2013-10-08",10319,"train","8520","9794","9144","0.510","0.490","1175","1175","11.39","12721","5567"
7,"2013-10-09",7977,"train","7119","8399","7746","0.510","0.490","231","231","2.90","11323","4169"
7,"2013-10-10",8835,"train","7211","8471","7828","0.510","0.490","1007","1007","11.40","11405","4251"
7,"2013-10-11",8831,"train","8010","9267","8626","0.510","0.490","205","205","2.32","12203","5049"
7,"2013-10-12",4345,"train","4862","6122","5479","0.510","0.490","-1134","1134","26.10","9056","1902"
7,"2013-10-14",7861,"train","9572","10837","10192","0.510","0.490","-2331","2331","29.65","13769","6615"
7,"2013-10-15",6355,"train","8534","9794","9151","0.510","0.490","-2796","2796","44.00","12728","5574"
7,"2013-10-16",6774,"train","7133","8399","7753","0.510","0.490","-979","979","14.45","11330","4176"
7,"2013-10-17",5568,"train","7224","8471","7835","0.510","0.490","-2267","2267","40.71","11412","4258"
7,"2013-10-18",7870,"train","8024","9267","8633","0.510","0.490","-763","763","9.70","12210","5056"
7,"2013-10-19",4686,"train","4876","6122","5487","0.510","0.490","-801","801","17.09","9064","1910"
7,"2013-10-21",11300,"train","9586","10837","10199","0.510","0.490","1101","1101","9.74","13776","6622"
7,"2013-10-22",10298,"train","8548","9794","9159","0.510","0.490","1139","1139","11.06","12736","5582"
7,"2013-10-23",7828,"train","7147","8399","7760","0.510","0.490","68","68","0.87","11337","4183"
7,"2013-10-24",8238,"train","7238","8471","7842","0.510","0.490","396","396","4.81","11419","4265"
7,"2013-10-25",8430,"train","8038","9267","8640","0.510","0.490","-210","210","2.49","12217","5063"
7,"2013-10-26",4773,"train","4890","6122","5494","0.510","0.490","-721","721","15.11","9071","1917"
7,"2013-10-28",5971,"train","9600","10837","10206","0.510","0.490","-4235","4235","70.93","13783","6629"
7,"2013-10-29",6875,"train","8561","9794","9165","0.510","0.490","-2290","2290","33.31","12742","5588"
7,"2013-10-30",7816,"train","7161","8399","7768","0.510","0.490","48","48","0.61","11345","4191"
7,"2013-10-31",8646,"train","7252","8471","7849","0.510","0.490","797","797","9.22","11426","4272"
7,"2013-11-01",8652,"train","8869","9267","9064","0.510","0.490","-412","412","4.76","12641","5487"
7,"2013-11-02",6251,"train","5722","6122","5918","0.510","0.490","333","333","5.33","9495","2341"
7,"2013-11-04",9665,"train","10432","10837","10630","0.510","0.490","-965","965","9.98","14207","7053"
7,"2013-11-05",12011,"train","9393","9794","9589","0.510","0.490","2422","2422","20.16","13166","6012"
7,"2013-11-06",9340,"train","7993","8399","8192","0.510","0.490","1148","1148","12.29","11769","4615"
7,"2013-11-07",8461,"train","8084","8471","8274","0.510","0.490","187","187","2.21","11851","4697"
7,"2013-11-08",9374,"train","8883","9267","9071","0.510","0.490","303","303","3.23","12648","5494"
7,"2013-11-09",4664,"train","5736","6122","5925","0.510","0.490","-1261","1261","27.04","9502","2348"
7,"2013-11-11",7930,"train","10446","10837","10638","0.510","0.490","-2708","2708","34.15","14215","7061"
7,"2013-11-12",6477,"train","9407","9794","9597","0.510","0.490","-3120","3120","48.17","13174","6020"
7,"2013-11-13",7529,"train","8006","8399","8199","0.510","0.490","-670","670","8.90","11776","4622"
7,"2013-11-14",6974,"train","8098","8471","8281","0.510","0.490","-1307","1307","18.74","11858","4704"
7,"2013-11-15",7373,"train","8897","9267","9078","0.510","0.490","-1705","1705","23.12","12655","5501"
7,"2013-11-16",5693,"train","5749","6122","5932","0.510","0.490","-239","239","4.20","9509","2355"
7,"2013-11-18",11140,"train","10460","10837","10645","0.510","0.490","495","495","4.44","14222","7068"
7,"2013-11-19",10974,"train","9421","9794","9604","0.510","0.490","1370","1370","12.48","13181","6027"
7,"2013-11-20",8531,"train","8020","8399","8206","0.510","0.490","325","325","3.81","11783","4629"
7,"2013-11-21",8852,"train","8112","8471","8288","0.510","0.490","564","564","6.37","11865","4711"
7,"2013-11-22",9642,"train","8911","9267","9085","0.510","0.490","557","557","5.78","12662","5508"
7,"2013-11-23",5610,"train","5763","6122","5939","0.510","0.490","-329","329","5.86","9516","2362"
7,"2013-11-25",9950,"train","10473","10837","10651","0.510","0.490","-701","701","7.05","14228","7074"
7,"2013-11-26",8696,"train","9435","9794","9611","0.510","0.490","-915","915","10.52","13188","6034"
7,"2013-11-27",6783,"train","8034","8399","8213","0.510","0.490","-1430","1430","21.08","11790","4636"
7,"2013-11-28",8860,"train","8125","8471","8295","0.510","0.490","565","565","6.38","11872","4718"
7,"2013-11-29",10301,"train","8925","9267","9093","0.510","0.490","1208","1208","11.73","12670","5516"
7,"2013-11-30",8442,"train","5777","6122","5946","0.510","0.490","2496","2496","29.57","9523","2369"
7,"2013-12-02",15705,"train","12202","10837","11533","0.510","0.490","4172","4172","26.56","15110","7956"
7,"2013-12-03",12132,"train","11164","9794","10493","0.510","0.490","1639","1639","13.51","14070","6916"
7,"2013-12-04",11853,"train","9763","8399","9095","0.510","0.490","2758","2758","23.27","12672","5518"
7,"2013-12-05",9398,"train","9854","8471","9176","0.510","0.490","222","222","2.36","12753","5599"
7,"2013-12-06",7938,"train","10654","9267","9974","0.510","0.490","-2036","2036","25.65","13551","6397"
7,"2013-12-07",6733,"train","7506","6122","6828","0.510","0.490","-95","95","1.41","10405","3251"
7,"2013-12-09",10010,"train","12216","10837","11540","0.510","0.490","-1530","1530","15.28","15117","7963"
7,"2013-12-10",9551,"train","11177","9794","10499","0.510","0.490","-948","948","9.93","14076","6922"
7,"2013-12-11",8632,"train","9777","8399","9102","0.510","0.490","-470","470","5.44","12679","5525"
7,"2013-12-12",8491,"train","9868","8471","9183","0.510","0.490","-692","692","8.15","12760","5606"
7,"2013-12-13",8140,"train","10667","9267","9981","0.510","0.490","-1841","1841","22.62","13558","6404"
7,"2013-12-14",7511,"train","7520","6122","6835","0.510","0.490","676","676","9.00","10412","3258"
7,"2013-12-16",18413,"train","12230","10837","11547","0.510","0.490","6866","6866","37.29","15124","7970"
7,"2013-12-17",14900,"train","11191","9794","10506","0.510","0.490","4394","4394","29.49","14083","6929"
7,"2013-12-18",12917,"train","9791","8399","9109","0.510","0.490","3808","3808","29.48","12686","5532"
7,"2013-12-19",12051,"train","9882","8471","9191","0.510","0.490","2860","2860","23.73","12768","5614"
7,"2013-12-20",14451,"train","10681","9267","9988","0.510","0.490","4463","4463","30.88","13565","6411"
7,"2013-12-21",8942,"train","7534","6122","6842","0.510","0.490","2100","2100","23.48","10419","3265"
7,"2013-12-23",16186,"train","12244","10837","11555","0.510","0.490","4631","4631","28.61","15132","7978"
7,"2013-12-24",5003,"train","11205","9794","10514","0.510","0.490","-5511","5511","110.15","14091","6937"
7,"2013-12-27",9408,"train","10690","9267","9993","0.510","0.490","-585","585","6.22","13570","6416"
7,"2013-12-28",6003,"train","7543","6122","6847","0.510","0.490","-844","844","14.06","10424","3270"
7,"2013-12-30",11852,"train","12253","10837","11559","0.510","0.490","293","293","2.47","15136","7982"
7,"2013-12-31",5708,"train","11214","9794","10518","0.510","0.490","-4810","4810","84.27","14095","6941"
7,"2014-01-02",8634,"train","7360","8471","7904","0.510","0.490","730","730","8.45","11481","4327"
7,"2014-01-03",8389,"train","8159","9267","8702","0.510","0.490","-313","313","3.73","12279","5125"
7,"2014-01-04",6103,"train","5011","6122","5555","0.510","0.490","548","548","8.98","9132","1978"
7,"2014-01-06",12065,"train","9722","10837","10268","0.510","0.490","1797","1797","14.89","13845","6691"
7,"2014-01-07",11096,"train","8683","9794","9227","0.510","0.490","1869","1869","16.84","12804","5650"
7,"2014-01-08",7957,"train","7282","8399","7829","0.510","0.490","128","128","1.61","11406","4252"
7,"2014-01-09",8171,"train","7373","8471","7911","0.510","0.490","260","260","3.18","11488","4334"
7,"2014-01-10",8530,"train","8173","9267","8709","0.510","0.490","-179","179","2.10","12286","5132"
7,"2014-01-11",4971,"train","5025","6122","5563","0.510","0.490","-592","592","11.91","9140","1986"
7,"2014-01-13",7353,"train","9735","10837","10275","0.510","0.490","-2922","2922","39.74","13852","6698"
7,"2014-01-14",7525,"train","8697","9794","9235","0.510","0.490","-1710","1710","22.72","12812","5658"
7,"2014-01-15",6360,"train","7296","8399","7836","0.510","0.490","-1476","1476","23.21","11413","4259"
7,"2014-01-16",5681,"train","7387","8471","7918","0.510","0.490","-2237","2237","39.38","11495","4341"
7,"2014-01-17",7980,"train","8187","9267","8716","0.510","0.490","-736","736","9.22","12293","5139"
7,"2014-01-18",4786,"train","5039","6122","5570","0.510","0.490","-784","784","16.38","9147","1993"
7,"2014-01-20",11706,"train","9749","10837","10282","0.510","0.490","1424","1424","12.16","13859","6705"
7,"2014-01-21",9105,"train","8711","9794","9242","0.510","0.490","-137","137","1.50","12819","5665"
7,"2014-01-22",8118,"train","7310","8399","7844","0.510","0.490","274","274","3.38","11421","4267"
7,"2014-01-23",8137,"train","7401","8471","7925","0.510","0.490","212","212","2.61","11502","4348"
7,"2014-01-24",8387,"train","8200","9267","8723","0.510","0.490","-336","336","4.01","12300","5146"
7,"2014-01-25",4817,"train","5053","6122","5577","0.510","0.490","-760","760","15.78","9154","2000"
7,"2014-01-27",6153,"train","9763","10837","10289","0.510","0.490","-4136","4136","67.22","13866","6712"
7,"2014-01-28",6728,"train","8724","9794","9248","0.510","0.490","-2520","2520","37.46","12825","5671"
7,"2014-01-29",5954,"train","7324","8399","7851","0.510","0.490","-1897","1897","31.86","11428","4274"
7,"2014-01-30",6498,"train","7415","8471","7932","0.510","0.490","-1434","1434","22.07","11509","4355"
7,"2014-01-31",9454,"train","8214","9267","8730","0.510","0.490","724","724","7.66","12307","5153"
7,"2014-02-01",6762,"train","5399","6122","5753","0.510","0.490","1009","1009","14.92","9330","2176"
7,"2014-02-03",14237,"train","10109","10837","10466","0.510","0.490","3771","3771","26.49","14043","6889"
7,"2014-02-04",11358,"train","9070","9794","9425","0.510","0.490","1933","1933","17.02","13002","5848"
7,"2014-02-05",8998,"train","7670","8399","8027","0.510","0.490","971","971","10.79","11604","4450"
7,"2014-02-06",8461,"train","7761","8471","8109","0.510","0.490","352","352","4.16","11686","4532"
7,"2014-02-07",8305,"train","8560","9267","8906","0.510","0.490","-601","601","7.24","12483","5329"
7,"2014-02-08",5425,"train","5412","6122","5760","0.510","0.490","-335","335","6.18","9337","2183"
7,"2014-02-10",7601,"train","10123","10837","10473","0.510","0.490","-2872","2872","37.78","14050","6896"
7,"2014-02-11",7386,"train","9084","9794","9432","0.510","0.490","-2046","2046","27.70","13009","5855"
7,"2014-02-12",6626,"train","7683","8399","8034","0.510","0.490","-1408","1408","21.25","11611","4457"
7,"2014-02-13",7203,"train","7775","8471","8116","0.510","0.490","-913","913","12.68","11693","4539"
7,"2014-02-14",7808,"train","8574","9267","8914","0.510","0.490","-1106","1106","14.16","12491","5337"
7,"2014-02-15",4985,"train","5426","6122","5767","0.510","0.490","-782","782","15.69","9344","2190"
7,"2014-02-17",12728,"train","10137","10837","10480","0.510","0.490","2248","2248","17.66","14057","6903"
7,"2014-02-18",10408,"train","9098","9794","9439","0.510","0.490","969","969","9.31","13016","5862"
7,"2014-02-19",7834,"train","7697","8399","8041","0.510","0.490","-207","207","2.64","11618","4464"
7,"2014-02-20",7758,"train","7789","8471","8123","0.510","0.490","-365","365","4.70","11700","4546"
7,"2014-02-21",8676,"train","8588","9267","8921","0.510","0.490","-245","245","2.82","12498","5344"
7,"2014-02-22",5192,"train","5440","6122","5774","0.510","0.490","-582","582","11.21","9351","2197"
7,"2014-02-24",7311,"train","10150","10837","10487","0.510","0.490","-3176","3176","43.44","14064","6910"
7,"2014-02-25",6168,"train","9112","9794","9446","0.510","0.490","-3278","3278","53.15","13023","5869"
7,"2014-02-26",5812,"train","7711","8399","8048","0.510","0.490","-2236","2236","38.47","11625","4471"
7,"2014-02-27",7079,"train","7802","8471","8130","0.510","0.490","-1051","1051","14.85","11707","4553"
7,"2014-02-28",9221,"train","8602","9267","8928","0.510","0.490","293","293","3.18","12505","5351"
7,"2014-03-01",6369,"train","5821","6122","5968","0.510","0.490","401","401","6.30","9545","2391"
7,"2014-03-03",12998,"train","10531","10837","10681","0.510","0.490","2317","2317","17.83","14258","7104"
7,"2014-03-04",10595,"train","9493","9794","9640","0.510","0.490","955","955","9.01","13217","6063"
7,"2014-03-05",9010,"train","8092","8399","8242","0.510","0.490","768","768","8.52","11819","4665"
7,"2014-03-06",8225,"train","8183","8471","8324","0.510","0.490","-99","99","1.20","11901","4747"
7,"2014-03-07",9385,"train","8982","9267","9122","0.510","0.490","263","263","2.80","12699","5545"
7,"2014-03-08",5738,"train","5835","6122","5976","0.510","0.490","-238","238","4.15","9553","2399"
7,"2014-03-10",7259,"train","10545","10837","10688","0.510","0.490","-3429","3429","47.24","14265","7111"
7,"2014-03-11",6997,"train","9506","9794","9647","0.510","0.490","-2650","2650","37.87","13224","6070"
7,"2014-03-12",5856,"train","8106","8399","8250","0.510","0.490","-2394","2394","40.88","11827","4673"
7,"2014-03-13",6373,"train","8197","8471","8331","0.510","0.490","-1958","1958","30.72","11908","4754"
7,"2014-03-14",7964,"train","8996","9267","9129","0.510","0.490","-1165","1165","14.63","12706","5552"
7,"2014-03-15",4641,"train","5849","6122","5983","0.510","0.490","-1342","1342","28.92","9560","2406"
7,"2014-03-17",11479,"train","10559","10837","10695","0.510","0.490","784","784","6.83","14272","7118"
7,"2014-03-18",9392,"train","9520","9794","9654","0.510","0.490","-262","262","2.79","13231","6077"
7,"2014-03-19",7762,"train","8120","8399","8257","0.510","0.490","-495","495","6.38","11834","4680"
7,"2014-03-20",7386,"train","8211","8471","8338","0.510","0.490","-952","952","12.89","11915","4761"
7,"2014-03-21",7297,"train","9010","9267","9136","0.510","0.490","-1839","1839","25.20","12713","5559"
7,"2014-03-22",5644,"train","5862","6122","5989","0.510","0.490","-345","345","6.11","9566","2412"
7,"2014-03-24",7098,"train","10573","10837","10702","0.510","0.490","-3604","3604","50.77","14279","7125"
7,"2014-03-25",7088,"train","9534","9794","9661","0.510","0.490","-2573","2573","36.30","13238","6084"
7,"2014-03-26",6266,"train","8133","8399","8263","0.510","0.490","-1997","1997","31.87","11840","4686"
7,"2014-03-27",6763,"train","8225","8471","8346","0.510","0.490","-1583","1583","23.41","11923","4769"
7,"2014-03-28",7886,"train","9024","9267","9143","0.510","0.490","-1257","1257","15.94","12720","5566"
7,"2014-03-29",5693,"train","5876","6122","5997","0.510","0.490","-304","304","5.34","9574","2420"
7,"2014-03-31",13165,"train","10587","10837","10710","0.510","0.490","2455","2455","18.65","14287","7133"
7,"2014-04-01",11435,"train","9866","9794","9831","0.510","0.490","1604","1604","14.03","13408","6254"
7,"2014-04-02",9083,"train","8465","8399","8433","0.510","0.490","650","650","7.16","12010","4856"
7,"2014-04-03",9195,"train","8557","8471","8515","0.510","0.490","680","680","7.40","12092","4938"
7,"2014-04-04",9611,"train","9356","9267","9312","0.510","0.490","299","299","3.11","12889","5735"
7,"2014-04-05",4586,"train","6208","6122","6166","0.510","0.490","-1580","1580","34.45","9743","2589"
7,"2014-04-07",7377,"train","10918","10837","10878","0.510","0.490","-3501","3501","47.46","14455","7301"
7,"2014-04-08",7048,"train","9880","9794","9838","0.510","0.490","-2790","2790","39.59","13415","6261"
7,"2014-04-09",6923,"train","8479","8399","8440","0.510","0.490","-1517","1517","21.91","12017","4863"
7,"2014-04-10",7443,"train","8570","8471","8521","0.510","0.490","-1078","1078","14.48","12098","4944"
7,"2014-04-11",7861,"train","9370","9267","9320","0.510","0.490","-1459","1459","18.56","12897","5743"
7,"2014-04-12",6407,"train","6222","6122","6173","0.510","0.490","234","234","3.65","9750","2596"
7,"2014-04-14",13875,"train","10932","10837","10885","0.510","0.490","2990","2990","21.55","14462","7308"
7,"2014-04-15",14230,"train","9894","9794","9845","0.510","0.490","4385","4385","30.82","13422","6268"
7,"2014-04-16",10740,"train","8493","8399","8447","0.510","0.490","2293","2293","21.35","12024","4870"
7,"2014-04-17",12195,"train","8584","8471","8529","0.510","0.490","3666","3666","30.06","12106","4952"
7,"2014-04-19",11203,"train","6233","6122","6179","0.510","0.490","5024","5024","44.85","9756","2602"
7,"2014-04-22",9538,"train","9903","9794","9850","0.510","0.490","-312","312","3.27","13427","6273"
7,"2014-04-23",6942,"train","8502","8399","8452","0.510","0.490","-1510","1510","21.75","12029","4875"
7,"2014-04-24",7252,"train","8593","8471","8533","0.510","0.490","-1281","1281","17.66","12110","4956"
7,"2014-04-25",7418,"train","9393","9267","9331","0.510","0.490","-1913","1913","25.79","12908","5754"
7,"2014-04-26",5553,"train","6245","6122","6185","0.510","0.490","-632","632","11.38","9762","2608"
7,"2014-04-28",11295,"train","10955","10837","10897","0.510","0.490","398","398","3.52","14474","7320"
7,"2014-04-29",11787,"train","9917","9794","9857","0.510","0.490","1930","1930","16.37","13434","6280"
7,"2014-04-30",12397,"train","8516","8399","8459","0.510","0.490","3938","3938","31.77","12036","4882"
7,"2014-05-02",16037,"train","9513","9267","9392","0.510","0.490","6645","6645","41.44","12969","5815"
7,"2014-05-03",6696,"train","6366","6122","6246","0.510","0.490","450","450","6.72","9823","2669"
7,"2014-05-05",13594,"train","11076","10837","10959","0.510","0.490","2635","2635","19.38","14536","7382"
7,"2014-05-06",11540,"train","10037","9794","9918","0.510","0.490","1622","1622","14.06","13495","6341"
7,"2014-05-07",8654,"train","8636","8399","8520","0.510","0.490","134","134","1.55","12097","4943"
7,"2014-05-08",7583,"train","8728","8471","8602","0.510","0.490","-1019","1019","13.44","12179","5025"
7,"2014-05-09",9399,"train","9527","9267","9400","0.510","0.490","-1","1","0.01","12977","5823"
7,"2014-05-10",6518,"train","6379","6122","6253","0.510","0.490","265","265","4.07","9830","2676"
7,"2014-05-12",7233,"train","11090","10837","10966","0.510","0.490","-3733","3733","51.61","14543","7389"
7,"2014-05-13",7974,"train","10051","9794","9925","0.510","0.490","-1951","1951","24.47","13502","6348"
7,"2014-05-14",6696,"train","8650","8399","8527","0.510","0.490","-1831","1831","27.34","12104","4950"
7,"2014-05-15",6722,"train","8742","8471","8609","0.510","0.490","-1887","1887","28.07","12186","5032"
7,"2014-05-16",7111,"train","9541","9267","9407","0.510","0.490","-2296","2296","32.29","12984","5830"
7,"2014-05-17",5486,"train","6393","6122","6260","0.510","0.490","-774","774","14.11","9837","2683"
7,"2014-05-19",11953,"train","11104","10837","10973","0.510","0.490","980","980","8.20","14550","7396"
7,"2014-05-20",8857,"train","10065","9794","9932","0.510","0.490","-1075","1075","12.14","13509","6355"
7,"2014-05-21",8214,"train","8664","8399","8534","0.510","0.490","-320","320","3.90","12111","4957"
7,"2014-05-22",7348,"train","8755","8471","8616","0.510","0.490","-1268","1268","17.26","12193","5039"
7,"2014-05-23",8719,"train","9555","9267","9414","0.510","0.490","-695","695","7.97","12991","5837"
7,"2014-05-24",5452,"train","6407","6122","6267","0.510","0.490","-815","815","14.95","9844","2690"
7,"2014-05-26",7687,"train","11117","10837","10980","0.510","0.490","-3293","3293","42.84","14557","7403"
7,"2014-05-27",7925,"train","10079","9794","9939","0.510","0.490","-2014","2014","25.41","13516","6362"
7,"2014-05-28",8845,"train","8678","8399","8541","0.510","0.490","304","304","3.44","12118","4964"
7,"2014-05-30",12695,"train","9566","9267","9419","0.510","0.490","3276","3276","25.81","12996","5842"
7,"2014-05-31",7692,"train","6419","6122","6273","0.510","0.490","1419","1419","18.45","9850","2696"
7,"2014-06-02",13694,"train","11192","10837","11018","0.510","0.490","2676","2676","19.54","14595","7441"
7,"2014-06-03",11509,"train","10153","9794","9977","0.510","0.490","1532","1532","13.31","13554","6400"
7,"2014-06-04",8848,"train","8752","8399","8579","0.510","0.490","269","269","3.04","12156","5002"
7,"2014-06-05",9786,"train","8844","8471","8661","0.510","0.490","1125","1125","11.50","12238","5084"
7,"2014-06-06",11061,"train","9643","9267","9459","0.510","0.490","1602","1602","14.48","13036","5882"
7,"2014-06-07",6822,"train","6495","6122","6312","0.510","0.490","510","510","7.48","9889","2735"
7,"2014-06-10",10432,"train","10165","9794","9983","0.510","0.490","449","449","4.30","13560","6406"
7,"2014-06-11",8592,"train","8764","8399","8585","0.510","0.490","7","7","0.08","12162","5008"
7,"2014-06-12",8160,"train","8855","8471","8667","0.510","0.490","-507","507","6.21","12244","5090"
7,"2014-06-13",9202,"train","9655","9267","9465","0.510","0.490","-263","263","2.86","13042","5888"
7,"2014-06-14",7753,"train","6507","6122","6318","0.510","0.490","1435","1435","18.51","9895","2741"
7,"2014-06-16",11289,"train","11217","10837","11031","0.510","0.490","258","258","2.29","14608","7454"
7,"2014-06-17",10319,"train","10179","9794","9990","0.510","0.490","329","329","3.19","13567","6413"
7,"2014-06-18",9435,"train","8778","8399","8592","0.510","0.490","843","843","8.93","12169","5015"
7,"2014-06-19",8992,"train","8869","8471","8674","0.510","0.490","318","318","3.54","12251","5097"
7,"2014-06-20",9885,"train","9668","9267","9472","0.510","0.490","413","413","4.18","13049","5895"
7,"2014-06-21",5278,"train","6521","6122","6325","0.510","0.490","-1047","1047","19.84","9902","2748"
7,"2014-06-23",9151,"train","11231","10837","11038","0.510","0.490","-1887","1887","20.62","14615","7461"
7,"2014-06-24",7980,"train","10192","9794","9997","0.510","0.490","-2017","2017","25.28","13574","6420"
7,"2014-06-25",6372,"train","8792","8399","8599","0.510","0.490","-2227","2227","34.95","12176","5022"
7,"2014-06-26",7129,"train","8883","8471","8681","0.510","0.490","-1552","1552","21.77","12258","5104"
7,"2014-06-27",8138,"train","9682","9267","9479","0.510","0.490","-1341","1341","16.48","13056","5902"
7,"2014-06-28",6696,"train","6535","6122","6333","0.510","0.490","363","363","5.42","9910","2756"
7,"2014-06-30",14428,"train","11245","10837","11045","0.510","0.490","3383","3383","23.45","14622","7468"
7,"2014-07-01",13249,"train","11375","9794","10600","0.510","0.490","2649","2649","19.99","14177","7023"
7,"2014-07-02",10483,"train","9975","8399","9203","0.510","0.490","1280","1280","12.21","12780","5626"
7,"2014-07-03",9955,"train","10066","8471","9284","0.510","0.490","671","671","6.74","12861","5707"
7,"2014-07-04",9588,"train","10865","9267","10082","0.510","0.490","-494","494","5.15","13659","6505"
7,"2014-07-05",5909,"train","7717","6122","6935","0.510","0.490","-1026","1026","17.36","10512","3358"
7,"2014-07-07",9567,"train","12428","10837","11648","0.510","0.490","-2081","2081","21.75","15225","8071"
7,"2014-07-08",8876,"train","11389","9794","10607","0.510","0.490","-1731","1731","19.50","14184","7030"
7,"2014-07-09",8095,"train","9988","8399","9209","0.510","0.490","-1114","1114","13.76","12786","5632"
7,"2014-07-10",7713,"train","10080","8471","9292","0.510","0.490","-1579","1579","20.47","12869","5715"
7,"2014-07-11",9687,"train","10879","9267","10089","0.510","0.490","-402","402","4.15","13666","6512"
7,"2014-07-12",6767,"train","7731","6122","6943","0.510","0.490","-176","176","2.60","10520","3366"
7,"2014-07-14",13336,"train","12442","10837","11656","0.510","0.490","1680","1680","12.60","15233","8079"
7,"2014-07-15",11693,"train","11403","9794","10615","0.510","0.490","1078","1078","9.22","14192","7038"
7,"2014-07-16",10249,"train","10002","8399","9217","0.510","0.490","1032","1032","10.07","12794","5640"
7,"2014-07-17",8914,"train","10093","8471","9298","0.510","0.490","-384","384","4.31","12875","5721"
7,"2014-07-18",10461,"train","10893","9267","10096","0.510","0.490","365","365","3.49","13673","6519"
7,"2014-07-19",5975,"train","7745","6122","6950","0.510","0.490","-975","975","16.32","10527","3373"
7,"2014-07-21",10712,"train","12455","10837","11662","0.510","0.490","-950","950","8.87","15239","8085"
7,"2014-07-22",10015,"train","11417","9794","10622","0.510","0.490","-607","607","6.06","14199","7045"
7,"2014-07-23",8880,"train","10016","8399","9224","0.510","0.490","-344","344","3.87","12801","5647"
7,"2014-07-24",8219,"train","10107","8471","9305","0.510","0.490","-1086","1086","13.21","12882","5728"
7,"2014-07-25",9406,"train","10907","9267","10103","0.510","0.490","-697","697","7.41","13680","6526"
7,"2014-07-26",6671,"train","7759","6122","6957","0.510","0.490","-286","286","4.29","10534","3380"
7,"2014-07-28",13561,"train","12469","10837","11669","0.510","0.490","1892","1892","13.95","15246","8092"
7,"2014-07-29",12603,"train","11431","9794","10629","0.510","0.490","1974","1974","15.66","14206","7052"
7,"2014-07-30",13568,"train","10030","8399","9231","0.510","0.490","4337","4337","31.96","12808","5654"
7,"2014-07-31",13183,"train","10121","8471","9313","0.510","0.490","3870","3870","29.36","12890","5736"
7,"2014-08-01",11885,"train","10729","9267","10013","0.510","0.490","1872","1872","15.75","13590","6436"
7,"2014-08-02",7956,"train","7582","6122","6867","0.510","0.490","1089","1089","13.69","10444","3290"
7,"2014-08-04",15399,"train","12292","10837","11579","0.510","0.490","3820","3820","24.81","15156","8002"
7,"2014-08-05",13813,"train","11253","9794","10538","0.510","0.490","3275","3275","23.71","14115","6961"
7,"2014-08-06",9952,"train","9853","8399","9141","0.510","0.490","811","811","8.15","12718","5564"
7,"2014-08-07",11960,"train","9944","8471","9222","0.510","0.490","2738","2738","22.89","12799","5645"
7,"2014-08-08",10040,"train","10743","9267","10020","0.510","0.490","20","20","0.20","13597","6443"
7,"2014-08-09",7815,"train","7596","6122","6874","0.510","0.490","941","941","12.04","10451","3297"
7,"2014-08-11",10864,"train","12306","10837","11586","0.510","0.490","-722","722","6.65","15163","8009"
7,"2014-08-12",11089,"train","11267","9794","10545","0.510","0.490","544","544","4.91","14122","6968"
7,"2014-08-13",9134,"train","9867","8399","9148","0.510","0.490","-14","14","0.15","12725","5571"
7,"2014-08-14",9091,"train","9958","8471","9229","0.510","0.490","-138","138","1.52","12806","5652"
7,"2014-08-15",10659,"train","10757","9267","10027","0.510","0.490","632","632","5.93","13604","6450"
7,"2014-08-16",6991,"train","7609","6122","6880","0.510","0.490","111","111","1.59","10457","3303"
7,"2014-08-18",13814,"train","12320","10837","11593","0.510","0.490","2221","2221","16.08","15170","8016"
7,"2014-08-19",12348,"train","11281","9794","10552","0.510","0.490","1796","1796","14.54","14129","6975"
7,"2014-08-20",10262,"train","9880","8399","9154","0.510","0.490","1108","1108","10.80","12731","5577"
7,"2014-08-21",10789,"train","9972","8471","9237","0.510","0.490","1552","1552","14.39","12814","5660"
7,"2014-08-22",11115,"train","10771","9267","10034","0.510","0.490","1081","1081","9.73","13611","6457"
7,"2014-08-23",6881,"train","7623","6122","6888","0.510","0.490","-7","7","0.10","10465","3311"
7,"2014-08-25",11405,"train","12334","10837","11600","0.510","0.490","-195","195","1.71","15177","8023"
7,"2014-08-26",10029,"train","11295","9794","10560","0.510","0.490","-531","531","5.29","14137","6983"
7,"2014-08-27",8038,"train","9894","8399","9161","0.510","0.490","-1123","1123","13.97","12738","5584"
7,"2014-08-28",8414,"train","9985","8471","9243","0.510","0.490","-829","829","9.85","12820","5666"
7,"2014-08-29",10951,"train","10785","9267","10041","0.510","0.490","910","910","8.31","13618","6464"
7,"2014-08-30",7271,"train","7637","6122","6895","0.510","0.490","376","376","5.17","10472","3318"
7,"2014-09-01",15349,"train","10826","10837","10831","0.510","0.490","4518","4518","29.44","14408","7254"
7,"2014-09-02",12542,"train","9788","9794","9791","0.510","0.490","2751","2751","21.93","13368","6214"
7,"2014-09-03",10774,"train","8387","8399","8393","0.510","0.490","2381","2381","22.10","11970","4816"
7,"2014-09-04",9839,"train","8478","8471","8475","0.510","0.490","1364","1364","13.86","12052","4898"
7,"2014-09-05",10543,"train","9278","9267","9273","0.510","0.490","1270","1270","12.05","12850","5696"
7,"2014-09-06",6500,"train","6130","6122","6126","0.510","0.490","374","374","5.75","9703","2549"
7,"2014-09-08",9155,"train","10840","10837","10839","0.510","0.490","-1684","1684","18.39","14416","7262"
7,"2014-09-09",8109,"train","9802","9794","9798","0.510","0.490","-1689","1689","20.83","13375","6221"
7,"2014-09-10",7551,"train","8401","8399","8400","0.510","0.490","-849","849","11.24","11977","4823"
7,"2014-09-11",7518,"train","8492","8471","8482","0.510","0.490","-964","964","12.82","12059","4905"
7,"2014-09-12",7968,"train","9291","9267","9279","0.510","0.490","-1311","1311","16.45","12856","5702"
7,"2014-09-13",5890,"train","6144","6122","6133","0.510","0.490","-243","243","4.13","9710","2556"
7,"2014-09-15",11534,"train","10854","10837","10846","0.510","0.490","688","688","5.96","14423","7269"
7,"2014-09-16",11201,"train","9815","9794","9805","0.510","0.490","1396","1396","12.46","13382","6228"
7,"2014-09-17",8614,"train","8415","8399","8407","0.510","0.490","207","207","2.40","11984","4830"
7,"2014-09-18",8645,"train","8506","8471","8489","0.510","0.490","156","156","1.80","12066","4912"
7,"2014-09-19",9661,"train","9305","9267","9286","0.510","0.490","375","375","3.88","12863","5709"
7,"2014-09-20",5582,"train","6158","6122","6140","0.510","0.490","-558","558","10.00","9717","2563"
7,"2014-09-22",6562,"train","10868","10837","10853","0.510","0.490","-4291","4291","65.39","14430","7276"
7,"2014-09-23",7698,"train","9829","9794","9812","0.510","0.490","-2114","2114","27.46","13389","6235"
7,"2014-09-24",6814,"train","8429","8399","8414","0.510","0.490","-1600","1600","23.48","11991","4837"
7,"2014-09-25",6444,"train","8520","8471","8496","0.510","0.490","-2052","2052","31.84","12073","4919"
7,"2014-09-26",6956,"train","9319","9267","9294","0.510","0.490","-2338","2338","33.61","12871","5717"
7,"2014-09-27",5945,"train","6171","6122","6147","0.510","0.490","-202","202","3.40","9724","2570"
7,"2014-09-29",11224,"train","10882","10837","10860","0.510","0.490","364","364","3.24","14437","7283"
7,"2014-09-30",12636,"train","9843","9794","9819","0.510","0.490","2817","2817","22.29","13396","6242"
7,"2014-10-01",9547,"train","7806","8399","8097","0.510","0.490","1450","1450","15.19","11674","4520"
7,"2014-10-02",10196,"train","7898","8471","8179","0.510","0.490","2017","2017","19.78","11756","4602"
7,"2014-10-03",3335,"train","8697","9267","8976","0.510","0.490","-5641","5641","169.15","12553","5399"
7,"2014-10-04",7678,"train","5549","6122","5830","0.510","0.490","1848","1848","24.07","9407","2253"
7,"2014-10-06",12601,"train","10260","10837","10543","0.510","0.490","2058","2058","16.33","14120","6966"
7,"2014-10-07",10890,"train","9221","9794","9502","0.510","0.490","1388","1388","12.75","13079","5925"
7,"2014-10-08",9482,"train","7820","8399","8104","0.510","0.490","1378","1378","14.53","11681","4527"
7,"2014-10-09",9132,"train","7911","8471","8185","0.510","0.490","947","947","10.37","11762","4608"
7,"2014-10-10",10191,"train","8711","9267","8983","0.510","0.490","1208","1208","11.85","12560","5406"
7,"2014-10-11",5585,"train","5563","6122","5837","0.510","0.490","-252","252","4.51","9414","2260"
7,"2014-10-13",7752,"train","10273","10837","10549","0.510","0.490","-2797","2797","36.08","14126","6972"
7,"2014-10-14",6897,"train","9235","9794","9509","0.510","0.490","-2612","2612","37.87","13086","5932"
7,"2014-10-15",6913,"train","7834","8399","8111","0.510","0.490","-1198","1198","17.33","11688","4534"
7,"2014-10-16",6394,"train","7925","8471","8193","0.510","0.490","-1799","1799","28.14","11770","4616"
7,"2014-10-17",7895,"train","8725","9267","8991","0.510","0.490","-1096","1096","13.88","12568","5414"
7,"2014-10-18",5810,"train","5577","6122","5844","0.510","0.490","-34","34","0.59","9421","2267"
7,"2014-10-20",10681,"train","10287","10837","10557","0.510","0.490","124","124","1.16","14134","6980"
7,"2014-10-21",8801,"train","9249","9794","9516","0.510","0.490","-715","715","8.12","13093","5939"
7,"2014-10-22",7589,"train","7848","8399","8118","0.510","0.490","-529","529","6.97","11695","4541"
7,"2014-10-23",7376,"train","7939","8471","8200","0.510","0.490","-824","824","11.17","11777","4623"
7,"2014-10-24",8601,"train","8738","9267","8997","0.510","0.490","-396","396","4.60","12574","5420"
7,"2014-10-25",5106,"train","5591","6122","5851","0.510","0.490","-745","745","14.59","9428","2274"
7,"2014-10-27",7226,"train","10301","10837","10564","0.510","0.490","-3338","3338","46.19","14141","6987"
7,"2014-10-28",7681,"train","9262","9794","9523","0.510","0.490","-1842","1842","23.98","13100","5946"
7,"2014-10-29",6747,"train","7862","8399","8125","0.510","0.490","-1378","1378","20.42","11702","4548"
7,"2014-10-30",8530,"train","7953","8471","8207","0.510","0.490","323","323","3.79","11784","4630"
7,"2014-10-31",10213,"train","8752","9267","9004","0.510","0.490","1209","1209","11.84","12581","5427"
7,"2014-11-01",6093,"train","6423","6122","6276","0.510","0.490","-183","183","3.00","9853","2699"
7,"2014-11-03",12623,"train","11133","10837","10988","0.510","0.490","1635","1635","12.95","14565","7411"
7,"2014-11-04",11121,"train","10094","9794","9947","0.510","0.490","1174","1174","10.56","13524","6370"
7,"2014-11-05",8842,"train","8694","8399","8549","0.510","0.490","293","293","3.31","12126","4972"
7,"2014-11-06",9743,"train","8785","8471","8631","0.510","0.490","1112","1112","11.41","12208","5054"
7,"2014-11-07",10087,"train","9584","9267","9429","0.510","0.490","658","658","6.52","13006","5852"
7,"2014-11-08",6506,"train","6436","6122","6282","0.510","0.490","224","224","3.44","9859","2705"
7,"2014-11-10",10223,"train","11147","10837","10995","0.510","0.490","-772","772","7.55","14572","7418"
7,"2014-11-11",9776,"train","10108","9794","9954","0.510","0.490","-178","178","1.82","13531","6377"
7,"2014-11-12",8169,"train","8707","8399","8556","0.510","0.490","-387","387","4.74","12133","4979"
7,"2014-11-13",7935,"train","8799","8471","8638","0.510","0.490","-703","703","8.86","12215","5061"
7,"2014-11-14",9936,"train","9598","9267","9436","0.510","0.490","500","500","5.03","13013","5859"
7,"2014-11-15",6225,"train","6450","6122","6289","0.510","0.490","-64","64","1.03","9866","2712"
7,"2014-11-17",8561,"train","11161","10837","11002","0.510","0.490","-2441","2441","28.51","14579","7425"
7,"2014-11-18",8339,"train","10122","9794","9961","0.510","0.490","-1622","1622","19.45","13538","6384"
7,"2014-11-19",7300,"train","8721","8399","8563","0.510","0.490","-1263","1263","17.30","12140","4986"
7,"2014-11-20",7272,"train","8812","8471","8645","0.510","0.490","-1373","1373","18.88","12222","5068"
7,"2014-11-21",7806,"train","9612","9267","9443","0.510","0.490","-1637","1637","20.97","13020","5866"
7,"2014-11-22",6059,"train","6464","6122","6296","0.510","0.490","-237","237","3.91","9873","2719"
7,"2014-11-24",11482,"train","11174","10837","11009","0.510","0.490","473","473","4.12","14586","7432"
7,"2014-11-25",11391,"train","10136","9794","9968","0.510","0.490","1423","1423","12.49","13545","6391"
7,"2014-11-26",10756,"train","8735","8399","8570","0.510","0.490","2186","2186","20.32","12147","4993"
7,"2014-11-27",10409,"train","8826","8471","8652","0.510","0.490","1757","1757","16.88","12229","5075"
7,"2014-11-28",13668,"train","9626","9267","9450","0.510","0.490","4218","4218","30.86","13027","5873"
7,"2014-11-29",8884,"train","6478","6122","6304","0.510","0.490","2580","2580","29.04","9881","2727"
7,"2014-12-01",14130,"train","12903","10837","11891","0.510","0.490","2239","2239","15.85","15468","8314"
7,"2014-12-02",13115,"train","11865","9794","10850","0.510","0.490","2265","2265","17.27","14427","7273"
7,"2014-12-03",10229,"train","10464","8399","9452","0.510","0.490","777","777","7.60","13029","5875"
7,"2014-12-04",11994,"train","10555","8471","9534","0.510","0.490","2460","2460","20.51","13111","5957"
7,"2014-12-05",15268,"train","11354","9267","10331","0.510","0.490","4937","4937","32.34","13908","6754"
7,"2014-12-06",7000,"train","8207","6122","7185","0.510","0.490","-185","185","2.64","10762","3608"
7,"2014-12-08",9558,"train","12917","10837","11898","0.510","0.490","-2340","2340","24.48","15475","8321"
7,"2014-12-09",8891,"train","11878","9794","10857","0.510","0.490","-1966","1966","22.11","14434","7280"
7,"2014-12-10",7521,"train","10478","8399","9459","0.510","0.490","-1938","1938","25.77","13036","5882"
7,"2014-12-11",7826,"train","10569","8471","9541","0.510","0.490","-1715","1715","21.91","13118","5964"
7,"2014-12-12",8593,"train","11368","9267","10339","0.510","0.490","-1746","1746","20.32","13916","6762"
7,"2014-12-13",7776,"train","8221","6122","7192","0.510","0.490","584","584","7.51","10769","3615"
7,"2014-12-15",16763,"train","12931","10837","11905","0.510","0.490","4858","4858","28.98","15482","8328"
7,"2014-12-16",14580,"train","11892","9794","10864","0.510","0.490","3716","3716","25.49","14441","7287"
7,"2014-12-17",11707,"train","10492","8399","9466","0.510","0.490","2241","2241","19.14","13043","5889"
7,"2014-12-18",12483,"train","10583","8471","9548","0.510","0.490","2935","2935","23.51","13125","5971"
7,"2014-12-19",11603,"train","11382","9267","10346","0.510","0.490","1257","1257","10.83","13923","6769"
7,"2014-12-20",7921,"train","8234","6122","7199","0.510","0.490","722","722","9.12","10776","3622"
7,"2014-12-22",12528,"train","12945","10837","11912","0.510","0.490","616","616","4.92","15489","8335"
7,"2014-12-23",14590,"train","11906","9794","10871","0.510","0.490","3719","3719","25.49","14448","7294"
7,"2014-12-24",5458,"train","10505","8399","9473","0.510","0.490","-4015","4015","73.56","13050","5896"
7,"2014-12-27",8882,"train","8244","6122","7204","0.510","0.490","1678","1678","18.89","10781","3627"
7,"2014-12-29",11145,"train","12954","10837","11917","0.510","0.490","-772","772","6.93","15494","8340"
7,"2014-12-30",10690,"train","11915","9794","10876","0.510","0.490","-186","186","1.74","14453","7299"
7,"2014-12-31",5219,"train","10515","8399","9478","0.510","0.490","-4259","4259","81.61","13055","5901"
7,"2015-01-02",9434,"test","8860","9267","9059","0.510","0.490","375","375","3.97","12636","5482"
7,"2015-01-03",4960,"test","5712","6122","5913","0.510","0.490","-953","953","19.21","9490","2336"
7,"2015-01-05",13086,"test","10422","10837","10625","0.510","0.490","2461","2461","18.81","14202","7048"
7,"2015-01-06",11736,"test","9384","9794","9585","0.510","0.490","2151","2151","18.33","13162","6008"
7,"2015-01-07",9377,"test","7983","8399","8187","0.510","0.490","1190","1190","12.69","11764","4610"
7,"2015-01-08",7352,"test","8074","8471","8269","0.510","0.490","-917","917","12.47","11846","4692"
7,"2015-01-09",7623,"test","8874","9267","9067","0.510","0.490","-1444","1444","18.94","12644","5490"
7,"2015-01-10",4761,"test","5726","6122","5920","0.510","0.490","-1159","1159","24.34","9497","2343"
7,"2015-01-12",11019,"test","10436","10837","10632","0.510","0.490","387","387","3.51","14209","7055"
7,"2015-01-13",9066,"test","9398","9794","9592","0.510","0.490","-526","526","5.80","13169","6015"
7,"2015-01-14",9051,"test","7997","8399","8194","0.510","0.490","857","857","9.47","11771","4617"
7,"2015-01-15",7721,"test","8088","8471","8276","0.510","0.490","-555","555","7.19","11853","4699"
7,"2015-01-16",9627,"test","8888","9267","9074","0.510","0.490","553","553","5.74","12651","5497"
7,"2015-01-17",5307,"test","5740","6122","5927","0.510","0.490","-620","620","11.68","9504","2350"
7,"2015-01-19",7072,"test","10450","10837","10640","0.510","0.490","-3568","3568","50.45","14217","7063"
7,"2015-01-20",6604,"test","9411","9794","9599","0.510","0.490","-2995","2995","45.35","13176","6022"
7,"2015-01-21",6292,"test","8011","8399","8201","0.510","0.490","-1909","1909","30.34","11778","4624"
7,"2015-01-22",6125,"test","8102","8471","8283","0.510","0.490","-2158","2158","35.23","11860","4706"
7,"2015-01-23",7167,"test","8901","9267","9080","0.510","0.490","-1913","1913","26.69","12657","5503"
7,"2015-01-24",5218,"test","5754","6122","5934","0.510","0.490","-716","716","13.72","9511","2357"
7,"2015-01-26",9418,"test","10464","10837","10647","0.510","0.490","-1229","1229","13.05","14224","7070"
7,"2015-01-27",9877,"test","9425","9794","9606","0.510","0.490","271","271","2.74","13183","6029"
7,"2015-01-28",7992,"test","8025","8399","8208","0.510","0.490","-216","216","2.70","11785","4631"
7,"2015-01-29",9163,"test","8116","8471","8290","0.510","0.490","873","873","9.53","11867","4713"
7,"2015-01-30",11430,"test","8915","9267","9087","0.510","0.490","2343","2343","20.50","12664","5510"
7,"2015-01-31",6240,"test","5768","6122","5941","0.510","0.490","299","299","4.79","9518","2364"
7,"2015-02-02",11970,"test","10810","10837","10823","0.510","0.490","1147","1147","9.58","14400","7246"
7,"2015-02-03",10481,"test","9771","9794","9782","0.510","0.490","699","699","6.67","13359","6205"
7,"2015-02-04",9566,"test","8370","8399","8384","0.510","0.490","1182","1182","12.36","11961","4807"
7,"2015-02-05",8692,"test","8462","8471","8466","0.510","0.490","226","226","2.60","12043","4889"
7,"2015-02-06",9570,"test","9261","9267","9264","0.510","0.490","306","306","3.20","12841","5687"
7,"2015-02-07",6172,"test","6113","6122","6117","0.510","0.490","55","55","0.89","9694","2540"
7,"2015-02-09",8215,"test","10824","10837","10830","0.510","0.490","-2615","2615","31.83","14407","7253"
7,"2015-02-10",7397,"test","9785","9794","9789","0.510","0.490","-2392","2392","32.34","13366","6212"
7,"2015-02-11",7346,"test","8384","8399","8391","0.510","0.490","-1045","1045","14.23","11968","4814"
7,"2015-02-12",7296,"test","8476","8471","8474","0.510","0.490","-1178","1178","16.15","12051","4897"
7,"2015-02-13",8623,"test","9275","9267","9271","0.510","0.490","-648","648","7.51","12848","5694"
7,"2015-02-14",6312,"test","6127","6122","6125","0.510","0.490","187","187","2.96","9702","2548"
7,"2015-02-16",11966,"test","10837","10837","10837","0.510","0.490","1129","1129","9.44","14414","7260"
7,"2015-02-17",10521,"test","9799","9794","9797","0.510","0.490","724","724","6.88","13374","6220"
7,"2015-02-18",8775,"test","8398","8399","8398","0.510","0.490","377","377","4.30","11975","4821"
7,"2015-02-19",8565,"test","8489","8471","8480","0.510","0.490","85","85","0.99","12057","4903"
7,"2015-02-20",9063,"test","9289","9267","9278","0.510","0.490","-215","215","2.37","12855","5701"
7,"2015-02-21",4775,"test","6141","6122","6132","0.510","0.490","-1357","1357","28.42","9709","2555"
7,"2015-02-23",7055,"test","10851","10837","10844","0.510","0.490","-3789","3789","53.71","14421","7267"
7,"2015-02-24",6904,"test","9813","9794","9804","0.510","0.490","-2900","2900","42.00","13381","6227"
7,"2015-02-25",6084,"test","8412","8399","8406","0.510","0.490","-2322","2322","38.17","11983","4829"
7,"2015-02-26",7817,"test","8503","8471","8487","0.510","0.490","-670","670","8.57","12064","4910"
7,"2015-02-27",8929,"test","9303","9267","9285","0.510","0.490","-356","356","3.99","12862","5708"
7,"2015-02-28",6933,"test","6155","6122","6139","0.510","0.490","794","794","11.45","9716","2562"
7,"2015-03-02",11387,"test","11232","10837","11038","0.510","0.490","349","349","3.06","14615","7461"
7,"2015-03-03",11404,"test","10193","9794","9997","0.510","0.490","1407","1407","12.34","13574","6420"
7,"2015-03-04",9155,"test","8793","8399","8600","0.510","0.490","555","555","6.06","12177","5023"
7,"2015-03-05",7927,"test","8884","8471","8682","0.510","0.490","-755","755","9.52","12259","5105"
7,"2015-03-06",9785,"test","9683","9267","9479","0.510","0.490","306","306","3.13","13056","5902"
7,"2015-03-07",6173,"test","6536","6122","6333","0.510","0.490","-160","160","2.59","9910","2756"
7,"2015-03-09",7840,"test","11246","10837","11046","0.510","0.490","-3206","3206","40.89","14623","7469"
7,"2015-03-10",8002,"test","10207","9794","10005","0.510","0.490","-2003","2003","25.03","13582","6428"
7,"2015-03-11",6497,"test","8807","8399","8607","0.510","0.490","-2110","2110","32.48","12184","5030"
7,"2015-03-12",7113,"test","8898","8471","8689","0.510","0.490","-1576","1576","22.16","12266","5112"
7,"2015-03-13",8025,"test","9697","9267","9486","0.510","0.490","-1461","1461","18.21","13063","5909"
7,"2015-03-14",5549,"test","6550","6122","6340","0.510","0.490","-791","791","14.25","9917","2763"
7,"2015-03-16",11551,"test","11260","10837","11053","0.510","0.490","498","498","4.31","14630","7476"
7,"2015-03-17",10180,"test","10221","9794","10012","0.510","0.490","168","168","1.65","13589","6435"
7,"2015-03-18",8236,"test","8820","8399","8614","0.510","0.490","-378","378","4.59","12191","5037"
7,"2015-03-19",7834,"test","8912","8471","8696","0.510","0.490","-862","862","11.00","12273","5119"
7,"2015-03-20",8293,"test","9711","9267","9493","0.510","0.490","-1200","1200","14.47","13070","5916"
7,"2015-03-21",5085,"test","6563","6122","6347","0.510","0.490","-1262","1262","24.82","9924","2770"
7,"2015-03-23",6907,"test","11274","10837","11060","0.510","0.490","-4153","4153","60.13","14637","7483"
7,"2015-03-24",7353,"test","10235","9794","10019","0.510","0.490","-2666","2666","36.26","13596","6442"
7,"2015-03-25",5977,"test","8834","8399","8621","0.510","0.490","-2644","2644","44.24","12198","5044"
7,"2015-03-26",7158,"test","8926","8471","8703","0.510","0.490","-1545","1545","21.58","12280","5126"
7,"2015-03-27",7534,"test","9725","9267","9501","0.510","0.490","-1967","1967","26.11","13078","5924"
7,"2015-03-28",6041,"test","6577","6122","6354","0.510","0.490","-313","313","5.18","9931","2777"
7,"2015-03-30",12595,"test","11287","10837","11067","0.510","0.490","1528","1528","12.13","14644","7490"
7,"2015-03-31",11956,"test","10249","9794","10026","0.510","0.490","1930","1930","16.14","13603","6449"
7,"2015-04-01",13381,"test","9166","8399","8790","0.510","0.490","4591","4591","34.31","12367","5213"
7,"2015-04-02",14335,"test","9257","8471","8872","0.510","0.490","5463","5463","38.11","12449","5295"
7,"2015-04-04",13089,"test","6907","6122","6522","0.510","0.490","6567","6567","50.17","10099","2945"
7,"2015-04-07",10208,"test","10576","9794","10193","0.510","0.490","15","15","0.15","13770","6616"
7,"2015-04-08",8449,"test","9175","8399","8795","0.510","0.490","-346","346","4.10","12372","5218"
7,"2015-04-09",7985,"test","9267","8471","8877","0.510","0.490","-892","892","11.17","12454","5300"
7,"2015-04-10",8028,"test","10066","9267","9674","0.510","0.490","-1646","1646","20.50","13251","6097"
7,"2015-04-11",5479,"test","6918","6122","6528","0.510","0.490","-1049","1049","19.15","10105","2951"
7,"2015-04-13",11693,"test","11629","10837","11241","0.510","0.490","452","452","3.87","14818","7664"
7,"2015-04-14",11185,"test","10590","9794","10200","0.510","0.490","985","985","8.81","13777","6623"
7,"2015-04-15",9020,"test","9189","8399","8802","0.510","0.490","218","218","2.42","12379","5225"
7,"2015-04-16",8168,"test","9280","8471","8884","0.510","0.490","-716","716","8.77","12461","5307"
7,"2015-04-17",9300,"test","10080","9267","9682","0.510","0.490","-382","382","4.11","13259","6105"
7,"2015-04-18",5534,"test","6932","6122","6535","0.510","0.490","-1001","1001","18.09","10112","2958"
7,"2015-04-20",7587,"test","11642","10837","11248","0.510","0.490","-3661","3661","48.25","14825","7671"
7,"2015-04-21",7248,"test","10604","9794","10207","0.510","0.490","-2959","2959","40.83","13784","6630"
7,"2015-04-22",7392,"test","9203","8399","8809","0.510","0.490","-1417","1417","19.17","12386","5232"
7,"2015-04-23",6585,"test","9294","8471","8891","0.510","0.490","-2306","2306","35.02","12468","5314"
7,"2015-04-24",7519,"test","10094","9267","9689","0.510","0.490","-2170","2170","28.86","13266","6112"
7,"2015-04-25",5404,"test","6946","6122","6542","0.510","0.490","-1138","1138","21.06","10119","2965"
7,"2015-04-27",11101,"test","11656","10837","11255","0.510","0.490","-154","154","1.39","14832","7678"
7,"2015-04-28",11849,"test","10618","9794","10214","0.510","0.490","1635","1635","13.80","13791","6637"
7,"2015-04-29",10699,"test","9217","8399","8816","0.510","0.490","1883","1883","17.60","12393","5239"
7,"2015-04-30",12603,"test","9308","8471","8898","0.510","0.490","3705","3705","29.40","12475","5321"
7,"2015-05-02",10015,"test","7066","6122","6603","0.510","0.490","3412","3412","34.07","10180","3026"
7,"2015-05-04",12935,"test","11777","10837","11316","0.510","0.490","1619","1619","12.52","14893","7739"
7,"2015-05-05",9939,"test","10738","9794","10275","0.510","0.490","-336","336","3.38","13852","6698"
7,"2015-05-06",10194,"test","9337","8399","8877","0.510","0.490","1317","1317","12.92","12454","5300"
7,"2015-05-07",8989,"test","9429","8471","8960","0.510","0.490","29","29","0.32","12537","5383"
7,"2015-05-08",9550,"test","10228","9267","9757","0.510","0.490","-207","207","2.17","13334","6180"
7,"2015-05-09",6699,"test","7080","6122","6611","0.510","0.490","88","88","1.31","10188","3034"
7,"2015-05-11",7558,"test","11791","10837","11324","0.510","0.490","-3766","3766","49.83","14901","7747"
7,"2015-05-12",8310,"test","10752","9794","10283","0.510","0.490","-1973","1973","23.74","13860","6706"
7,"2015-05-13",9169,"test","9351","8399","8885","0.510","0.490","284","284","3.10","12462","5308"
7,"2015-05-15",11017,"test","10239","9267","9763","0.510","0.490","1254","1254","11.38","13340","6186"
7,"2015-05-16",7222,"test","7092","6122","6617","0.510","0.490","605","605","8.38","10194","3040"
7,"2015-05-18",12321,"test","11802","10837","11329","0.510","0.490","992","992","8.05","14906","7752"
7,"2015-05-19",11266,"test","10763","9794","10288","0.510","0.490","978","978","8.68","13865","6711"
7,"2015-05-20",8990,"test","9363","8399","8891","0.510","0.490","99","99","1.10","12468","5314"
7,"2015-05-21",9027,"test","9454","8471","8972","0.510","0.490","55","55","0.61","12549","5395"
7,"2015-05-22",9488,"test","10253","9267","9770","0.510","0.490","-282","282","2.97","13347","6193"
7,"2015-05-23",7434,"test","7106","6122","6624","0.510","0.490","810","810","10.90","10201","3047"
7,"2015-05-26",8671,"test","10775","9794","10294","0.510","0.490","-1623","1623","18.72","13871","6717"
7,"2015-05-27",8567,"test","9374","8399","8896","0.510","0.490","-329","329","3.84","12473","5319"
7,"2015-05-28",7984,"test","9466","8471","8978","0.510","0.490","-994","994","12.45","12555","5401"
7,"2015-05-29",10618,"test","10265","9267","9776","0.510","0.490","842","842","7.93","13353","6199"
7,"2015-05-30",6428,"test","7117","6122","6629","0.510","0.490","-201","201","3.13","10206","3052"
7,"2015-06-01",14160,"test","11890","10837","11374","0.510","0.490","2786","2786","19.68","14951","7797"
7,"2015-06-02",12486,"test","10852","9794","10334","0.510","0.490","2152","2152","17.24","13911","6757"
7,"2015-06-03",9541,"test","9451","8399","8936","0.510","0.490","605","605","6.34","12513","5359"
7,"2015-06-04",9696,"test","9542","8471","9017","0.510","0.490","679","679","7.00","12594","5440"
7,"2015-06-05",9689,"test","10342","9267","9815","0.510","0.490","-126","126","1.30","13392","6238"
7,"2015-06-06",6508,"test","7194","6122","6669","0.510","0.490","-161","161","2.47","10246","3092"
7,"2015-06-08",8409,"test","11904","10837","11381","0.510","0.490","-2972","2972","35.34","14958","7804"
7,"2015-06-09",8439,"test","10866","9794","10341","0.510","0.490","-1902","1902","22.54","13918","6764"
7,"2015-06-10",6746,"test","9465","8399","8943","0.510","0.490","-2197","2197","32.57","12520","5366"
7,"2015-06-11",7106,"test","9556","8471","9024","0.510","0.490","-1918","1918","26.99","12601","5447"
7,"2015-06-12",8490,"test","10356","9267","9822","0.510","0.490","-1332","1332","15.69","13399","6245"
7,"2015-06-13",6590,"test","7208","6122","6676","0.510","0.490","-86","86","1.31","10253","3099"
7,"2015-06-15",13175,"test","11918","10837","11388","0.510","0.490","1787","1787","13.56","14965","7811"
7,"2015-06-16",11151,"test","10879","9794","10347","0.510","0.490","804","804","7.21","13924","6770"
7,"2015-06-17",9041,"test","9479","8399","8950","0.510","0.490","91","91","1.01","12527","5373"
7,"2015-06-18",8955,"test","9570","8471","9031","0.510","0.490","-76","76","0.85","12608","5454"
7,"2015-06-19",9677,"test","10369","9267","9829","0.510","0.490","-152","152","1.57","13406","6252"
7,"2015-06-20",5572,"test","7222","6122","6683","0.510","0.490","-1111","1111","19.94","10260","3106"
7,"2015-06-22",7917,"test","11932","10837","11395","0.510","0.490","-3478","3478","43.93","14972","7818"
7,"2015-06-23",7861,"test","10893","9794","10354","0.510","0.490","-2493","2493","31.71","13931","6777"
7,"2015-06-24",6913,"test","9493","8399","8957","0.510","0.490","-2044","2044","29.57","12534","5380"
7,"2015-06-25",6875,"test","9584","8471","9039","0.510","0.490","-2164","2164","31.48","12616","5462"
7,"2015-06-26",7352,"test","10383","9267","9836","0.510","0.490","-2484","2484","33.79","13413","6259"
7,"2015-06-27",6519,"test","7236","6122","6690","0.510","0.490","-171","171","2.62","10267","3113"
7,"2015-06-29",13689,"test","11946","10837","11403","0.510","0.490","2286","2286","16.70","14980","7826"
7,"2015-06-30",14838,"test","10907","9794","10362","0.510","0.490","4476","4476","30.17","13939","6785"
7,"2015-07-01",11024,"test","10675","8399","9560","0.510","0.490","1464","1464","13.28","13137","5983"
7,"2015-07-02",10996,"test","10767","8471","9642","0.510","0.490","1354","1354","12.31","13219","6065"
7,"2015-07-03",11976,"test","11566","9267","10439","0.510","0.490","1537","1537","12.83","14016","6862"
7,"2015-07-04",6559,"test","8418","6122","7293","0.510","0.490","-734","734","11.19","10870","3716"
7,"2015-07-06",10790,"test","13129","10837","12006","0.510","0.490","-1216","1216","11.27","15583","8429"
7,"2015-07-07",9207,"test","12090","9794","10965","0.510","0.490","-1758","1758","19.09","14542","7388"
7,"2015-07-08",9204,"test","10689","8399","9567","0.510","0.490","-363","363","3.94","13144","5990"
7,"2015-07-09",9608,"test","10781","8471","9649","0.510","0.490","-41","41","0.43","13226","6072"
7,"2015-07-10",9499,"test","11580","9267","10447","0.510","0.490","-948","948","9.98","14024","6870"
7,"2015-07-11",6425,"test","8432","6122","7300","0.510","0.490","-875","875","13.62","10877","3723"
7,"2015-07-13",13250,"test","13142","10837","12013","0.510","0.490","1237","1237","9.34","15590","8436"
7,"2015-07-14",12294,"test","12104","9794","10972","0.510","0.490","1322","1322","10.75","14549","7395"
7,"2015-07-15",10095,"test","10703","8399","9574","0.510","0.490","521","521","5.16","13151","5997"
7,"2015-07-16",10774,"test","10794","8471","9656","0.510","0.490","1118","1118","10.38","13233","6079"
7,"2015-07-17",10339,"test","11594","9267","10454","0.510","0.490","-115","115","1.11","14031","6877"
7,"2015-07-18",6861,"test","8446","6122","7307","0.510","0.490","-446","446","6.50","10884","3730"
7,"2015-07-20",10159,"test","13156","10837","12020","0.510","0.490","-1861","1861","18.32","15597","8443"
7,"2015-07-21",9169,"test","12118","9794","10979","0.510","0.490","-1810","1810","19.74","14556","7402"
7,"2015-07-22",8214,"test","10717","8399","9581","0.510","0.490","-1367","1367","16.64","13158","6004"
7,"2015-07-23",9550,"test","10808","8471","9663","0.510","0.490","-113","113","1.18","13240","6086"
7,"2015-07-24",9203,"test","11608","9267","10461","0.510","0.490","-1258","1258","13.67","14038","6884"
7,"2015-07-25",6574,"test","8460","6122","7314","0.510","0.490","-740","740","11.26","10891","3737"
7,"2015-07-27",14869,"test","13170","10837","12027","0.510","0.490","2842","2842","19.11","15604","8450"
7,"2015-07-28",12342,"test","12131","9794","10986","0.510","0.490","1356","1356","10.99","14563","7409"
7,"2015-07-29",12074,"test","10731","8399","9588","0.510","0.490","2486","2486","20.59","13165","6011"
7,"2015-07-30",11560,"test","10822","8471","9670","0.510","0.490","1890","1890","16.35","13247","6093"
7,"2015-07-31",15344,"test","11621","9267","10468","0.510","0.490","4876","4876","31.78","14045","6891"
8,"2013-01-18",3619,"train","4048","5010","4426","0.607","0.393","-807","807","22.30","6934","1918"
8,"2013-01-19",2357,"train","1863","2832","2244","0.607","0.393","113","113","4.79","4752","-264"
8,"2013-01-21",7589,"train","5862","6835","6244","0.607","0.393","1345","1345","17.72","8752","3736"
8,"2013-01-22",5893,"train","5010","5979","5391","0.607","0.393","502","502","8.52","7899","2883"
8,"2013-01-23",6469,"train","4339","5312","4721","0.607","0.393","1748","1748","27.02","7229","2213"
8,"2013-01-24",6114,"train","5154","6112","5530","0.607","0.393","584","584","9.55","8038","3022"
8,"2013-01-25",5251,"train","4061","5010","4434","0.607","0.393","817","817","15.56","6942","1926"
8,"2013-01-26",2366,"train","1876","2832","2252","0.607","0.393","114","114","4.82","4760","-256"
8,"2013-01-28",3459,"train","5874","6835","6252","0.607","0.393","-2793","2793","80.75","8760","3744"
8,"2013-01-29",3846,"train","5022","5979","5398","0.607","0.393","-1552","1552","40.35","7906","2890"
8,"2013-01-30",3638,"train","4351","5312","4729","0.607","0.393","-1091","1091","29.99","7237","2221"
8,"2013-01-31",5680,"train","5166","6112","5538","0.607","0.393","142","142","2.50","8046","3030"
8,"2013-02-01",4406,"train","4429","5010","4657","0.607","0.393","-251","251","5.70","7165","2149"
8,"2013-02-02",2399,"train","2244","2832","2475","0.607","0.393","-76","76","3.17","4983","-33"
8,"2013-02-04",8273,"train","6242","6835","6475","0.607","0.393","1798","1798","21.73","8983","3967"
8,"2013-02-05",6901,"train","5390","5979","5621","0.607","0.393","1280","1280","18.55","8129","3113"
8,"2013-02-06",6237,"train","4719","5312","4952","0.607","0.393","1285","1285","20.60","7460","2444"
8,"2013-02-07",6833,"train","5534","6112","5761","0.607","0.393","1072","1072","15.69","8269","3253"
8,"2013-02-08",6035,"train","4441","5010","4665","0.607","0.393","1370","1370","22.70","7173","2157"
8,"2013-02-09",2487,"train","2256","2832","2482","0.607","0.393","5","5","0.20","4990","-26"
8,"2013-02-11",4215,"train","6254","6835","6482","0.607","0.393","-2267","2267","53.78","8990","3974"
8,"2013-02-12",3503,"train","5402","5979","5629","0.607","0.393","-2126","2126","60.69","8137","3121"
8,"2013-02-13",3993,"train","4731","5312","4959","0.607","0.393","-966","966","24.19","7467","2451"
8,"2013-02-14",5316,"train","5546","6112","5768","0.607","0.393","-452","452","8.50","8276","3260"
8,"2013-02-15",3737,"train","4453","5010","4672","0.607","0.393","-935","935","25.02","7180","2164"
8,"2013-02-16",2488,"train","2268","2832","2490","0.607","0.393","-2","2","0.08","4998","-18"
8,"2013-02-18",8184,"train","6266","6835","6490","0.607","0.393","1694","1694","20.70","8998","3982"
8,"2013-02-19",6351,"train","5414","5979","5636","0.607","0.393","715","715","11.26","8144","3128"
8,"2013-02-20",6324,"train","4743","5312","4967","0.607","0.393","1357","1357","21.46","7475","2459"
8,"2013-02-21",6562,"train","5558","6112","5776","0.607","0.393","786","786","11.98","8284","3268"
8,"2013-02-22",5493,"train","4465","5010","4679","0.607","0.393","814","814","14.82","7187","2171"
8,"2013-02-23",2122,"train","2280","2832","2497","0.607","0.393","-375","375","17.67","5005","-11"
8,"2013-02-25",4241,"train","6278","6835","6497","0.607","0.393","-2256","2256","53.20","9005","3989"
8,"2013-02-26",4031,"train","5427","5979","5644","0.607","0.393","-1613","1613","40.01","8152","3136"
8,"2013-02-27",4152,"train","4756","5312","4975","0.607","0.393","-823","823","19.82","7483","2467"
8,"2013-02-28",5545,"train","5571","6112","5784","0.607","0.393","-239","239","4.31","8292","3276"
8,"2013-03-01",4465,"train","4620","5010","4773","0.607","0.393","-308","308","6.90","7281","2265"
8,"2013-03-02",2574,"train","2435","2832","2591","0.607","0.393","-17","17","0.66","5099","83"
8,"2013-03-04",8279,"train","6433","6835","6591","0.607","0.393","1688","1688","20.39","9099","4083"
8,"2013-03-05",7947,"train","5581","5979","5737","0.607","0.393","2210","2210","27.81","8245","3229"
8,"2013-03-06",5977,"train","4910","5312","5068","0.607","0.393","909","909","15.21","7576","2560"
8,"2013-03-07",6875,"train","5725","6112","5877","0.607","0.393","998","998","14.52","8385","3369"
8,"2013-03-08",5223,"train","4632","5010","4781","0.607","0.393","442","442","8.46","7289","2273"
8,"2013-03-09",2263,"train","2447","2832","2598","0.607","0.393","-335","335","14.80","5106","90"
8,"2013-03-11",3641,"train","6445","6835","6598","0.607","0.393","-2957","2957","81.21","9106","4090"
8,"2013-03-12",3729,"train","5593","5979","5745","0.607","0.393","-2016","2016","54.06","8253","3237"
8,"2013-03-13",3973,"train","4922","5312","5075","0.607","0.393","-1102","1102","27.74","7583","2567"
8,"2013-03-14",4878,"train","5737","6112","5884","0.607","0.393","-1006","1006","20.62","8392","3376"
8,"2013-03-15",4424,"train","4644","5010","4788","0.607","0.393","-364","364","8.23","7296","2280"
8,"2013-03-16",2512,"train","2459","2832","2606","0.607","0.393","-94","94","3.74","5114","98"
8,"2013-03-18",7418,"train","6457","6835","6606","0.607","0.393","812","812","10.95","9114","4098"
8,"2013-03-19",6587,"train","5605","5979","5752","0.607","0.393","835","835","12.68","8260","3244"
8,"2013-03-20",7031,"train","4934","5312","5083","0.607","0.393","1948","1948","27.71","7591","2575"
8,"2013-03-21",6808,"train","5749","6112","5892","0.607","0.393","916","916","13.45","8400","3384"
8,"2013-03-22",4778,"train","4656","5010","4795","0.607","0.393","-17","17","0.36","7303","2287"
8,"2013-03-23",2284,"train","2471","2832","2613","0.607","0.393","-329","329","14.40","5121","105"
8,"2013-03-25",7724,"train","6469","6835","6613","0.607","0.393","1111","1111","14.38","9121","4105"
8,"2013-03-26",7070,"train","5617","5979","5759","0.607","0.393","1311","1311","18.54","8267","3251"
8,"2013-03-27",6482,"train","4946","5312","5090","0.607","0.393","1392","1392","21.47","7598","2582"
8,"2013-03-28",8966,"train","5761","6112","5899","0.607","0.393","3067","3067","34.21","8407","3391"
8,"2013-03-30",3500,"train","2481","2832","2619","0.607","0.393","881","881","25.17","5127","111"
8,"2013-04-02",5409,"train","5614","5979","5757","0.607","0.393","-348","348","6.43","8265","3249"
8,"2013-04-03",4358,"train","4943","5312","5088","0.607","0.393","-730","730","16.75","7596","2580"
8,"2013-04-04",4649,"train","5758","6112","5897","0.607","0.393","-1248","1248","26.84","8405","3389"
8,"2013-04-05",4100,"train","4666","5010","4801","0.607","0.393","-701","701","17.10","7309","2293"
8,"2013-04-06",2646,"train","2481","2832","2619","0.607","0.393","27","27","1.02","5127","111"
8,"2013-04-08",8004,"train","6479","6835","6619","0.607","0.393","1385","1385","17.30","9127","4111"
8,"2013-04-09",6875,"train","5627","5979","5765","0.607","0.393","1110","1110","16.15","8273","3257"
8,"2013-04-10",5239,"train","4956","5312","5096","0.607","0.393","143","143","2.73","7604","2588"
8,"2013-04-11",6009,"train","5771","6112","5905","0.607","0.393","104","104","1.73","8413","3397"
8,"2013-04-12",5379,"train","4678","5010","4808","0.607","0.393","571","571","10.62","7316","2300"
8,"2013-04-13",2202,"train","2493","2832","2626","0.607","0.393","-424","424","19.26","5134","118"
8,"2013-04-15",3837,"train","6491","6835","6626","0.607","0.393","-2789","2789","72.69","9134","4118"
8,"2013-04-16",4346,"train","5639","5979","5773","0.607","0.393","-1427","1427","32.83","8281","3265"
8,"2013-04-17",3825,"train","4968","5312","5103","0.607","0.393","-1278","1278","33.41","7611","2595"
8,"2013-04-18",5039,"train","5783","6112","5912","0.607","0.393","-873","873","17.32","8420","3404"
8,"2013-04-19",3739,"train","4690","5010","4816","0.607","0.393","-1077","1077","28.80","7324","2308"
8,"2013-04-20",2562,"train","2505","2832","2634","0.607","0.393","-72","72","2.81","5142","126"
8,"2013-04-22",7436,"train","6503","6835","6633","0.607","0.393","803","803","10.80","9141","4125"
8,"2013-04-23",6195,"train","5651","5979","5780","0.607","0.393","415","415","6.70","8288","3272"
8,"2013-04-24",5061,"train","4980","5312","5110","0.607","0.393","-49","49","0.97","7618","2602"
8,"2013-04-25",6315,"train","5795","6112","5920","0.607","0.393","395","395","6.25","8428","3412"
8,"2013-04-26",4663,"train","4702","5010","4823","0.607","0.393","-160","160","3.43","7331","2315"
8,"2013-04-27",2471,"train","2517","2832","2641","0.607","0.393","-170","170","6.88","5149","133"
8,"2013-04-29",8005,"train","6515","6835","6641","0.607","0.393","1364","1364","17.04","9149","4133"
8,"2013-04-30",8872,"train","5663","5979","5787","0.607","0.393","3085","3085","34.77","8295","3279"
8,"2013-05-02",7765,"train","5666","6112","5841","0.607","0.393","1924","1924","24.78","8349","3333"
8,"2013-05-03",5790,"train","4573","5010","4745","0.607","0.393","1045","1045","18.05","7253","2237"
8,"2013-05-04",2517,"train","2388","2832","2562","0.607","0.393","-45","45","1.79","5070","54"
8,"2013-05-06",5090,"train","6386","6835","6562","0.607","0.393","-1472","1472","28.92","9070","4054"
8,"2013-05-07",4271,"train","5534","5979","5709","0.607","0.393","-1438","1438","33.67","8217","3201"
8,"2013-05-08",4797,"train","4863","5312","5039","0.607","0.393","-242","242","5.04","7547","2531"
8,"2013-05-10",4974,"train","4583","5010","4751","0.607","0.393","223","223","4.48","7259","2243"
8,"2013-05-11",2552,"train","2398","2832","2569","0.607","0.393","-17","17","0.67","5077","61"
8,"2013-05-13",7419,"train","6396","6835","6569","0.607","0.393","850","850","11.46","9077","4061"
8,"2013-05-14",7531,"train","5544","5979","5715","0.607","0.393","1816","1816","24.11","8223","3207"
8,"2013-05-15",5857,"train","4874","5312","5046","0.607","0.393","811","811","13.85","7554","2538"
8,"2013-05-16",6893,"train","5689","6112","5855","0.607","0.393","1038","1038","15.06","8363","3347"
8,"2013-05-17",5413,"train","4596","5010","4759","0.607","0.393","654","654","12.08","7267","2251"
8,"2013-05-18",2549,"train","2411","2832","2576","0.607","0.393","-27","27","1.06","5084","68"
8,"2013-05-21",4675,"train","5555","5979","5722","0.607","0.393","-1047","1047","22.40","8230","3214"
8,"2013-05-22",4062,"train","4884","5312","5052","0.607","0.393","-990","990","24.37","7560","2544"
8,"2013-05-23",4726,"train","5699","6112","5861","0.607","0.393","-1135","1135","24.02","8369","3353"
8,"2013-05-24",3944,"train","4606","5010","4765","0.607","0.393","-821","821","20.82","7273","2257"
8,"2013-05-25",2064,"train","2421","2832","2583","0.607","0.393","-519","519","25.15","5091","75"
8,"2013-05-27",8313,"train","6419","6835","6582","0.607","0.393","1731","1731","20.82","9090","4074"
8,"2013-05-28",6662,"train","5567","5979","5729","0.607","0.393","933","933","14.00","8237","3221"
8,"2013-05-29",6244,"train","4896","5312","5059","0.607","0.393","1185","1185","18.98","7567","2551"
8,"2013-05-30",7077,"train","5711","6112","5869","0.607","0.393","1208","1208","17.07","8377","3361"
8,"2013-05-31",5701,"train","4618","5010","4772","0.607","0.393","929","929","16.30","7280","2264"
8,"2013-06-01",2678,"train","2369","2832","2551","0.607","0.393","127","127","4.74","5059","43"
8,"2013-06-03",7562,"train","6367","6835","6551","0.607","0.393","1011","1011","13.37","9059","4043"
8,"2013-06-04",7059,"train","5515","5979","5697","0.607","0.393","1362","1362","19.29","8205","3189"
8,"2013-06-05",5549,"train","4844","5312","5028","0.607","0.393","521","521","9.39","7536","2520"
8,"2013-06-06",6312,"train","5659","6112","5837","0.607","0.393","475","475","7.53","8345","3329"
8,"2013-06-07",5273,"train","4566","5010","4740","0.607","0.393","533","533","10.11","7248","2232"
8,"2013-06-08",2791,"train","2381","2832","2558","0.607","0.393","233","233","8.35","5066","50"
8,"2013-06-10",4942,"train","6379","6835","6558","0.607","0.393","-1616","1616","32.70","9066","4050"
8,"2013-06-11",4875,"train","5527","5979","5705","0.607","0.393","-830","830","17.03","8213","3197"
8,"2013-06-12",4295,"train","4856","5312","5035","0.607","0.393","-740","740","17.23","7543","2527"
8,"2013-06-13",4608,"train","5671","6112","5844","0.607","0.393","-1236","1236","26.82","8352","3336"
8,"2013-06-14",3828,"train","4578","5010","4748","0.607","0.393","-920","920","24.03","7256","2240"
8,"2013-06-15",2653,"train","2393","2832","2566","0.607","0.393","87","87","3.28","5074","58"
8,"2013-06-17",8248,"train","6391","6835","6565","0.607","0.393","1683","1683","20.40","9073","4057"
8,"2013-06-18",7131,"train","5539","5979","5712","0.607","0.393","1419","1419","19.90","8220","3204"
8,"2013-06-19",5355,"train","4868","5312","5042","0.607","0.393","313","313","5.85","7550","2534"
8,"2013-06-20",6645,"train","5683","6112","5852","0.607","0.393","793","793","11.93","8360","3344"
8,"2013-06-21",5986,"train","4591","5010","4756","0.607","0.393","1230","1230","20.55","7264","2248"
8,"2013-06-22",2326,"train","2406","2832","2573","0.607","0.393","-247","247","10.62","5081","65"
8,"2013-06-24",4572,"train","6404","6835","6573","0.607","0.393","-2001","2001","43.77","9081","4065"
8,"2013-06-25",4090,"train","5552","5979","5720","0.607","0.393","-1630","1630","39.85","8228","3212"
8,"2013-06-26",3794,"train","4881","5312","5050","0.607","0.393","-1256","1256","33.10","7558","2542"
8,"2013-06-27",4961,"train","5696","6112","5859","0.607","0.393","-898","898","18.10","8367","3351"
8,"2013-06-28",4293,"train","4603","5010","4763","0.607","0.393","-470","470","10.95","7271","2255"
8,"2013-06-29",2468,"train","2418","2832","2581","0.607","0.393","-113","113","4.58","5089","73"
8,"2013-07-01",7771,"train","6263","6835","6488","0.607","0.393","1283","1283","16.51","8996","3980"
8,"2013-07-02",6558,"train","5411","5979","5634","0.607","0.393","924","924","14.09","8142","3126"
8,"2013-07-03",5081,"train","4740","5312","4965","0.607","0.393","116","116","2.28","7473","2457"
8,"2013-07-04",6368,"train","5555","6112","5774","0.607","0.393","594","594","9.33","8282","3266"
8,"2013-07-05",4959,"train","4462","5010","4677","0.607","0.393","282","282","5.69","7185","2169"
8,"2013-07-06",2612,"train","2277","2832","2495","0.607","0.393","117","117","4.48","5003","-13"
8,"2013-07-08",3960,"train","6275","6835","6495","0.607","0.393","-2535","2535","64.02","9003","3987"
8,"2013-07-09",4513,"train","5423","5979","5642","0.607","0.393","-1129","1129","25.02","8150","3134"
8,"2013-07-10",3668,"train","4752","5312","4972","0.607","0.393","-1304","1304","35.55","7480","2464"
8,"2013-07-11",4399,"train","5567","6112","5781","0.607","0.393","-1382","1382","31.42","8289","3273"
8,"2013-07-12",3881,"train","4474","5010","4685","0.607","0.393","-804","804","20.72","7193","2177"
8,"2013-07-13",2335,"train","2289","2832","2502","0.607","0.393","-167","167","7.15","5010","-6"
8,"2013-07-15",7751,"train","6287","6835","6502","0.607","0.393","1249","1249","16.11","9010","3994"
8,"2013-07-16",6908,"train","5435","5979","5649","0.607","0.393","1259","1259","18.23","8157","3141"
8,"2013-07-17",5267,"train","4764","5312","4979","0.607","0.393","288","288","5.47","7487","2471"
8,"2013-07-18",5928,"train","5579","6112","5788","0.607","0.393","140","140","2.36","8296","3280"
8,"2013-07-19",5194,"train","4486","5010","4692","0.607","0.393","502","502","9.66","7200","2184"
8,"2013-07-20",1949,"train","2301","2832","2510","0.607","0.393","-561","561","28.78","5018","2"
8,"2013-07-22",3989,"train","6299","6835","6510","0.607","0.393","-2521","2521","63.20","9018","4002"
8,"2013-07-23",3462,"train","5447","5979","5656","0.607","0.393","-2194","2194","63.37","8164","3148"
8,"2013-07-24",3689,"train","4776","5312","4987","0.607","0.393","-1298","1298","35.19","7495","2479"
8,"2013-07-25",3986,"train","5591","6112","5796","0.607","0.393","-1810","1810","45.41","8304","3288"
8,"2013-07-26",3011,"train","4498","5010","4699","0.607","0.393","-1688","1688","56.06","7207","2191"
8,"2013-07-27",2257,"train","2313","2832","2517","0.607","0.393","-260","260","11.52","5025","9"
8,"2013-07-29",8276,"train","6312","6835","6518","0.607","0.393","1758","1758","21.24","9026","4010"
8,"2013-07-30",6882,"train","5460","5979","5664","0.607","0.393","1218","1218","17.70","8172","3156"
8,"2013-07-31",7197,"train","4789","5312","4995","0.607","0.393","2202","2202","30.60","7503","2487"
8,"2013-08-01",7286,"train","5441","6112","5705","0.607","0.393","1581","1581","21.70","8213","3197"
8,"2013-08-02",4905,"train","4348","5010","4608","0.607","0.393","297","297","6.06","7116","2100"
8,"2013-08-03",2372,"train","2163","2832","2426","0.607","0.393","-54","54","2.28","4934","-82"
8,"2013-08-05",4805,"train","6161","6835","6426","0.607","0.393","-1621","1621","33.74","8934","3918"
8,"2013-08-06",4090,"train","5309","5979","5572","0.607","0.393","-1482","1482","36.23","8080","3064"
8,"2013-08-07",4158,"train","4638","5312","4903","0.607","0.393","-745","745","17.92","7411","2395"
8,"2013-08-08",4648,"train","5453","6112","5712","0.607","0.393","-1064","1064","22.89","8220","3204"
8,"2013-08-09",3901,"train","4360","5010","4615","0.607","0.393","-714","714","18.30","7123","2107"
8,"2013-08-10",2378,"train","2175","2832","2433","0.607","0.393","-55","55","2.31","4941","-75"
8,"2013-08-12",8337,"train","6173","6835","6433","0.607","0.393","1904","1904","22.84","8941","3925"
8,"2013-08-13",7033,"train","5321","5979","5580","0.607","0.393","1453","1453","20.66","8088","3072"
8,"2013-08-14",6040,"train","4650","5312","4910","0.607","0.393","1130","1130","18.71","7418","2402"
8,"2013-08-15",6922,"train","5465","6112","5719","0.607","0.393","1203","1203","17.38","8227","3211"
8,"2013-08-16",4651,"train","4372","5010","4623","0.607","0.393","28","28","0.60","7131","2115"
8,"2013-08-17",1725,"train","2187","2832","2440","0.607","0.393","-715","715","41.45","4948","-68"
8,"2013-08-19",4048,"train","6185","6835","6440","0.607","0.393","-2392","2392","59.09","8948","3932"
8,"2013-08-20",4103,"train","5333","5979","5587","0.607","0.393","-1484","1484","36.17","8095","3079"
8,"2013-08-21",3740,"train","4662","5312","4917","0.607","0.393","-1177","1177","31.47","7425","2409"
8,"2013-08-22",4272,"train","5477","6112","5727","0.607","0.393","-1455","1455","34.06","8235","3219"
8,"2013-08-23",4104,"train","4384","5010","4630","0.607","0.393","-526","526","12.82","7138","2122"
8,"2013-08-24",1890,"train","2199","2832","2448","0.607","0.393","-558","558","29.52","4956","-60"
8,"2013-08-26",8021,"train","6197","6835","6448","0.607","0.393","1573","1573","19.61","8956","3940"
8,"2013-08-27",6986,"train","5345","5979","5594","0.607","0.393","1392","1392","19.93","8102","3086"
8,"2013-08-28",6032,"train","4674","5312","4925","0.607","0.393","1107","1107","18.35","7433","2417"
8,"2013-08-29",6844,"train","5489","6112","5734","0.607","0.393","1110","1110","16.22","8242","3226"
8,"2013-08-30",6390,"train","4396","5010","4637","0.607","0.393","1753","1753","27.43","7145","2129"
8,"2013-08-31",2942,"train","2211","2832","2455","0.607","0.393","487","487","16.55","4963","-53"
8,"2013-09-02",3931,"train","6383","6835","6561","0.607","0.393","-2630","2630","66.90","9069","4053"
8,"2013-09-03",4698,"train","5532","5979","5708","0.607","0.393","-1010","1010","21.50","8216","3200"
8,"2013-09-04",4359,"train","4861","5312","5038","0.607","0.393","-679","679","15.58","7546","2530"
8,"2013-09-05",4907,"train","5676","6112","5847","0.607","0.393","-940","940","19.16","8355","3339"
8,"2013-09-06",3586,"train","4583","5010","4751","0.607","0.393","-1165","1165","32.49","7259","2243"
8,"2013-09-07",2323,"train","2398","2832","2569","0.607","0.393","-246","246","10.59","5077","61"
8,"2013-09-09",7467,"train","6396","6835","6569","0.607","0.393","898","898","12.03","9077","4061"
8,"2013-09-10",7007,"train","5544","5979","5715","0.607","0.393","1292","1292","18.44","8223","3207"
8,"2013-09-11",5863,"train","4873","5312","5046","0.607","0.393","817","817","13.93","7554","2538"
8,"2013-09-12",6614,"train","5688","6112","5855","0.607","0.393","759","759","11.48","8363","3347"
8,"2013-09-13",5226,"train","4595","5010","4758","0.607","0.393","468","468","8.96","7266","2250"
8,"2013-09-14",2382,"train","2410","2832","2576","0.607","0.393","-194","194","8.14","5084","68"
8,"2013-09-16",4001,"train","6408","6835","6576","0.607","0.393","-2575","2575","64.36","9084","4068"
8,"2013-09-17",4473,"train","5556","5979","5722","0.607","0.393","-1249","1249","27.92","8230","3214"
8,"2013-09-18",3545,"train","4885","5312","5053","0.607","0.393","-1508","1508","42.54","7561","2545"
8,"2013-09-19",4278,"train","5700","6112","5862","0.607","0.393","-1584","1584","37.03","8370","3354"
8,"2013-09-20",3628,"train","4607","5010","4765","0.607","0.393","-1137","1137","31.34","7273","2257"
8,"2013-09-21",2023,"train","2422","2832","2583","0.607","0.393","-560","560","27.68","5091","75"
8,"2013-09-23",7534,"train","6420","6835","6583","0.607","0.393","951","951","12.62","9091","4075"
8,"2013-09-24",6431,"train","5568","5979","5730","0.607","0.393","701","701","10.90","8238","3222"
8,"2013-09-25",5200,"train","4897","5312","5060","0.607","0.393","140","140","2.69","7568","2552"
8,"2013-09-26",6475,"train","5712","6112","5869","0.607","0.393","606","606","9.36","8377","3361"
8,"2013-09-27",4989,"train","4619","5010","4773","0.607","0.393","216","216","4.33","7281","2265"
8,"2013-09-28",2604,"train","2434","2832","2590","0.607","0.393","14","14","0.54","5098","82"
8,"2013-09-30",5396,"train","6432","6835","6590","0.607","0.393","-1194","1194","22.13","9098","4082"
8,"2013-10-01",4857,"train","5672","5979","5793","0.607","0.393","-936","936","19.27","8301","3285"
8,"2013-10-02",4771,"train","5001","5312","5123","0.607","0.393","-352","352","7.38","7631","2615"
8,"2013-10-04",4802,"train","4721","5010","4835","0.607","0.393","-33","33","0.69","7343","2327"
8,"2013-10-05",2862,"train","2536","2832","2652","0.607","0.393","210","210","7.34","5160","144"
8,"2013-10-07",8217,"train","6534","6835","6652","0.607","0.393","1565","1565","19.05","9160","4144"
8,"2013-10-08",6621,"train","5682","5979","5799","0.607","0.393","822","822","12.42","8307","3291"
8,"2013-10-09",5218,"train","5011","5312","5129","0.607","0.393","89","89","1.71","7637","2621"
8,"2013-10-10",6000,"train","5826","6112","5938","0.607","0.393","62","62","1.03","8446","3430"
8,"2013-10-11",5018,"train","4734","5010","4842","0.607","0.393","176","176","3.51","7350","2334"
8,"2013-10-12",2153,"train","2549","2832","2660","0.607","0.393","-507","507","23.55","5168","152"
8,"2013-10-14",5157,"train","6547","6835","6660","0.607","0.393","-1503","1503","29.14","9168","4152"
8,"2013-10-15",3851,"train","5695","5979","5807","0.607","0.393","-1956","1956","50.79","8315","3299"
8,"2013-10-16",3511,"train","5024","5312","5137","0.607","0.393","-1626","1626","46.31","7645","2629"
8,"2013-10-17",3915,"train","5839","6112","5946","0.607","0.393","-2031","2031","51.88","8454","3438"
8,"2013-10-18",3820,"train","4746","5010","4850","0.607","0.393","-1030","1030","26.96","7358","2342"
8,"2013-10-19",2742,"train","2561","2832","2668","0.607","0.393","74","74","2.70","5176","160"
8,"2013-10-21",7723,"train","6559","6835","6667","0.607","0.393","1056","1056","13.67","9175","4159"
8,"2013-10-22",6778,"train","5707","5979","5814","0.607","0.393","964","964","14.22","8322","3306"
8,"2013-10-23",5349,"train","5036","5312","5144","0.607","0.393","205","205","3.83","7652","2636"
8,"2013-10-24",6093,"train","5851","6112","5954","0.607","0.393","139","139","2.28","8462","3446"
8,"2013-10-25",4970,"train","4758","5010","4857","0.607","0.393","113","113","2.27","7365","2349"
8,"2013-10-26",2284,"train","2573","2832","2675","0.607","0.393","-391","391","17.12","5183","167"
8,"2013-10-28",3893,"train","6571","6835","6675","0.607","0.393","-2782","2782","71.46","9183","4167"
8,"2013-10-29",4284,"train","5719","5979","5821","0.607","0.393","-1537","1537","35.88","8329","3313"
8,"2013-10-30",4695,"train","5048","5312","5152","0.607","0.393","-457","457","9.73","7660","2644"
8,"2013-10-31",5995,"train","5863","6112","5961","0.607","0.393","34","34","0.57","8469","3453"
8,"2013-11-01",4724,"train","5210","5010","5131","0.607","0.393","-407","407","8.62","7639","2623"
8,"2013-11-02",2937,"train","3025","2832","2949","0.607","0.393","-12","12","0.41","5457","441"
8,"2013-11-04",7156,"train","7023","6835","6949","0.607","0.393","207","207","2.89","9457","4441"
8,"2013-11-05",7629,"train","6171","5979","6096","0.607","0.393","1533","1533","20.09","8604","3588"
8,"2013-11-06",5816,"train","5500","5312","5426","0.607","0.393","390","390","6.71","7934","2918"
8,"2013-11-07",6685,"train","6315","6112","6235","0.607","0.393","450","450","6.73","8743","3727"
8,"2013-11-08",5547,"train","5222","5010","5139","0.607","0.393","408","408","7.36","7647","2631"
8,"2013-11-09",2474,"train","3037","2832","2956","0.607","0.393","-482","482","19.48","5464","448"
8,"2013-11-11",4507,"train","7035","6835","6956","0.607","0.393","-2449","2449","54.34","9464","4448"
8,"2013-11-12",4276,"train","6183","5979","6103","0.607","0.393","-1827","1827","42.73","8611","3595"
8,"2013-11-13",4248,"train","5512","5312","5433","0.607","0.393","-1185","1185","27.90","7941","2925"
8,"2013-11-14",5046,"train","6327","6112","6243","0.607","0.393","-1197","1197","23.72","8751","3735"
8,"2013-11-15",4319,"train","5234","5010","5146","0.607","0.393","-827","827","19.15","7654","2638"
8,"2013-11-16",2523,"train","3050","2832","2964","0.607","0.393","-441","441","17.48","5472","456"
8,"2013-11-18",7831,"train","7048","6835","6964","0.607","0.393","867","867","11.07","9472","4456"
8,"2013-11-19",6779,"train","6196","5979","6111","0.607","0.393","668","668","9.85","8619","3603"
8,"2013-11-20",6195,"train","5525","5312","5441","0.607","0.393","754","754","12.17","7949","2933"
8,"2013-11-21",6341,"train","6340","6112","6250","0.607","0.393","91","91","1.44","8758","3742"
8,"2013-11-22",4925,"train","5247","5010","5154","0.607","0.393","-229","229","4.65","7662","2646"
8,"2013-11-23",3077,"train","3062","2832","2972","0.607","0.393","105","105","3.41","5480","464"
8,"2013-11-25",5028,"train","7060","6835","6972","0.607","0.393","-1944","1944","38.66","9480","4464"
8,"2013-11-26",4714,"train","6208","5979","6118","0.607","0.393","-1404","1404","29.78","8626","3610"
8,"2013-11-27",4533,"train","5537","5312","5449","0.607","0.393","-916","916","20.21","7957","2941"
8,"2013-11-28",5797,"train","6352","6112","6258","0.607","0.393","-461","461","7.95","8766","3750"
8,"2013-11-29",5032,"train","5259","5010","5161","0.607","0.393","-129","129","2.56","7669","2653"
8,"2013-11-30",4069,"train","3074","2832","2979","0.607","0.393","1090","1090","26.79","5487","471"
8,"2013-12-02",9550,"train","7689","6835","7353","0.607","0.393","2197","2197","23.01","9861","4845"
8,"2013-12-03",8255,"train","6837","5979","6500","0.607","0.393","1755","1755","21.26","9008","3992"
8,"2013-12-04",6884,"train","6166","5312","5830","0.607","0.393","1054","1054","15.31","8338","3322"
8,"2013-12-05",7335,"train","6981","6112","6639","0.607","0.393","696","696","9.49","9147","4131"
8,"2013-12-06",5501,"train","5888","5010","5543","0.607","0.393","-42","42","0.76","8051","3035"
8,"2013-12-07",3881,"train","3703","2832","3361","0.607","0.393","520","520","13.40","5869","853"
8,"2013-12-09",5099,"train","7701","6835","7361","0.607","0.393","-2262","2262","44.36","9869","4853"
8,"2013-12-10",5388,"train","6849","5979","6507","0.607","0.393","-1119","1119","20.77","9015","3999"
8,"2013-12-11",4912,"train","6178","5312","5838","0.607","0.393","-926","926","18.85","8346","3330"
8,"2013-12-12",5784,"train","6993","6112","6647","0.607","0.393","-863","863","14.92","9155","4139"
8,"2013-12-13",4975,"train","5900","5010","5550","0.607","0.393","-575","575","11.56","8058","3042"
8,"2013-12-14",3346,"train","3715","2832","3368","0.607","0.393","-22","22","0.66","5876","860"
8,"2013-12-16",10322,"train","7713","6835","7368","0.607","0.393","2954","2954","28.62","9876","4860"
8,"2013-12-17",9375,"train","6861","5979","6514","0.607","0.393","2861","2861","30.52","9022","4006"
8,"2013-12-18",8575,"train","6190","5312","5845","0.607","0.393","2730","2730","31.84","8353","3337"
8,"2013-12-19",7867,"train","7005","6112","6654","0.607","0.393","1213","1213","15.42","9162","4146"
8,"2013-12-20",8010,"train","5912","5010","5558","0.607","0.393","2452","2452","30.61","8066","3050"
8,"2013-12-21",4307,"train","3727","2832","3375","0.607","0.393","932","932","21.64","5883","867"
8,"2013-12-23",8753,"train","7725","6835","7375","0.607","0.393","1378","1378","15.74","9883","4867"
8,"2013-12-24",3311,"train","6874","5979","6522","0.607","0.393","-3211","3211","96.98","9030","4014"
8,"2013-12-27",4777,"train","5921","5010","5563","0.607","0.393","-786","786","16.45","8071","3055"
8,"2013-12-28",2481,"train","3736","2832","3381","0.607","0.393","-900","900","36.28","5889","873"
8,"2013-12-30",5735,"train","7734","6835","7381","0.607","0.393","-1646","1646","28.70","9889","4873"
8,"2013-12-31",2694,"train","6882","5979","6527","0.607","0.393","-3833","3833","142.28","9035","4019"
8,"2014-01-02",5177,"train","5733","6112","5882","0.607","0.393","-705","705","13.62","8390","3374"
8,"2014-01-03",4095,"train","4640","5010","4785","0.607","0.393","-690","690","16.85","7293","2277"
8,"2014-01-04",2368,"train","2455","2832","2603","0.607","0.393","-235","235","9.92","5111","95"
8,"2014-01-06",8611,"train","6453","6835","6603","0.607","0.393","2008","2008","23.32","9111","4095"
8,"2014-01-07",6468,"train","5601","5979","5750","0.607","0.393","718","718","11.10","8258","3242"
8,"2014-01-08",5677,"train","4930","5312","5080","0.607","0.393","597","597","10.52","7588","2572"
8,"2014-01-09",6011,"train","5745","6112","5889","0.607","0.393","122","122","2.03","8397","3381"
8,"2014-01-10",5481,"train","4652","5010","4793","0.607","0.393","688","688","12.55","7301","2285"
8,"2014-01-11",2563,"train","2467","2832","2610","0.607","0.393","-47","47","1.83","5118","102"
8,"2014-01-13",4129,"train","6465","6835","6610","0.607","0.393","-2481","2481","60.09","9118","4102"
8,"2014-01-14",3929,"train","5613","5979","5757","0.607","0.393","-1828","1828","46.53","8265","3249"
8,"2014-01-15",3594,"train","4942","5312","5087","0.607","0.393","-1493","1493","41.54","7595","2579"
8,"2014-01-16",4352,"train","5757","6112","5897","0.607","0.393","-1545","1545","35.50","8405","3389"
8,"2014-01-17",3984,"train","4664","5010","4800","0.607","0.393","-816","816","20.48","7308","2292"
8,"2014-01-18",2089,"train","2479","2832","2618","0.607","0.393","-529","529","25.32","5126","110"
8,"2014-01-20",8293,"train","6477","6835","6618","0.607","0.393","1675","1675","20.20","9126","4110"
8,"2014-01-21",6390,"train","5625","5979","5764","0.607","0.393","626","626","9.80","8272","3256"
8,"2014-01-22",5726,"train","4954","5312","5095","0.607","0.393","631","631","11.02","7603","2587"
8,"2014-01-23",6666,"train","5769","6112","5904","0.607","0.393","762","762","11.43","8412","3396"
8,"2014-01-24",4992,"train","4676","5010","4807","0.607","0.393","185","185","3.71","7315","2299"
8,"2014-01-25",2424,"train","2491","2832","2625","0.607","0.393","-201","201","8.29","5133","117"
8,"2014-01-27",4360,"train","6489","6835","6625","0.607","0.393","-2265","2265","51.95","9133","4117"
8,"2014-01-28",4137,"train","5637","5979","5771","0.607","0.393","-1634","1634","39.50","8279","3263"
8,"2014-01-29",3977,"train","4966","5312","5102","0.607","0.393","-1125","1125","28.29","7610","2594"
8,"2014-01-30",5550,"train","5781","6112","5911","0.607","0.393","-361","361","6.50","8419","3403"
8,"2014-01-31",4380,"train","4688","5010","4815","0.607","0.393","-435","435","9.93","7323","2307"
8,"2014-02-01",2845,"train","2860","2832","2849","0.607","0.393","-4","4","0.14","5357","341"
8,"2014-02-03",8864,"train","6858","6835","6849","0.607","0.393","2015","2015","22.73","9357","4341"
8,"2014-02-04",7493,"train","6006","5979","5995","0.607","0.393","1498","1498","19.99","8503","3487"
8,"2014-02-05",6595,"train","5335","5312","5326","0.607","0.393","1269","1269","19.24","7834","2818"
8,"2014-02-06",6649,"train","6150","6112","6135","0.607","0.393","514","514","7.73","8643","3627"
8,"2014-02-07",5145,"train","5057","5010","5039","0.607","0.393","106","106","2.06","7547","2531"
8,"2014-02-08",2804,"train","2872","2832","2856","0.607","0.393","-52","52","1.85","5364","348"
8,"2014-02-10",4777,"train","6870","6835","6856","0.607","0.393","-2079","2079","43.52","9364","4348"
8,"2014-02-11",4514,"train","6018","5979","6003","0.607","0.393","-1489","1489","32.99","8511","3495"
8,"2014-02-12",4076,"train","5347","5312","5333","0.607","0.393","-1257","1257","30.84","7841","2825"
8,"2014-02-13",5555,"train","6162","6112","6142","0.607","0.393","-587","587","10.57","8650","3634"
8,"2014-02-14",4423,"train","5069","5010","5046","0.607","0.393","-623","623","14.09","7554","2538"
8,"2014-02-15",2751,"train","2884","2832","2864","0.607","0.393","-113","113","4.11","5372","356"
8,"2014-02-17",8750,"train","6882","6835","6864","0.607","0.393","1886","1886","21.55","9372","4356"
8,"2014-02-18",7008,"train","6030","5979","6010","0.607","0.393","998","998","14.24","8518","3502"
8,"2014-02-19",5299,"train","5359","5312","5341","0.607","0.393","-42","42","0.79","7849","2833"
8,"2014-02-20",6580,"train","6174","6112","6150","0.607","0.393","430","430","6.53","8658","3642"
8,"2014-02-21",5064,"train","5081","5010","5053","0.607","0.393","11","11","0.22","7561","2545"
8,"2014-02-22",2838,"train","2896","2832","2871","0.607","0.393","-33","33","1.16","5379","363"
8,"2014-02-24",4448,"train","6894","6835","6871","0.607","0.393","-2423","2423","54.47","9379","4363"
8,"2014-02-25",3831,"train","6042","5979","6017","0.607","0.393","-2186","2186","57.06","8525","3509"
8,"2014-02-26",3719,"train","5371","5312","5348","0.607","0.393","-1629","1629","43.80","7856","2840"
8,"2014-02-27",5122,"train","6186","6112","6157","0.607","0.393","-1035","1035","20.21","8665","3649"
8,"2014-02-28",4403,"train","5093","5010","5060","0.607","0.393","-657","657","14.92","7568","2552"
8,"2014-03-01",3557,"train","3050","2832","2964","0.607","0.393","593","593","16.67","5472","456"
8,"2014-03-03",9385,"train","7048","6835","6964","0.607","0.393","2421","2421","25.80","9472","4456"
8,"2014-03-04",7519,"train","6196","5979","6111","0.607","0.393","1408","1408","18.73","8619","3603"
8,"2014-03-05",6329,"train","5525","5312","5441","0.607","0.393","888","888","14.03","7949","2933"
8,"2014-03-06",6717,"train","6340","6112","6250","0.607","0.393","467","467","6.95","8758","3742"
8,"2014-03-07",5634,"train","5247","5010","5154","0.607","0.393","480","480","8.52","7662","2646"
8,"2014-03-08",2806,"train","3062","2832","2972","0.607","0.393","-166","166","5.92","5480","464"
8,"2014-03-10",4311,"train","7060","6835","6972","0.607","0.393","-2661","2661","61.73","9480","4464"
8,"2014-03-11",4386,"train","6209","5979","6119","0.607","0.393","-1733","1733","39.51","8627","3611"
8,"2014-03-12",4191,"train","5538","5312","5449","0.607","0.393","-1258","1258","30.02","7957","2941"
8,"2014-03-13",4921,"train","6353","6112","6258","0.607","0.393","-1337","1337","27.17","8766","3750"
8,"2014-03-14",3929,"train","5260","5010","5162","0.607","0.393","-1233","1233","31.38","7670","2654"
8,"2014-03-15",2519,"train","3075","2832","2980","0.607","0.393","-461","461","18.30","5488","472"
8,"2014-03-17",7658,"train","7073","6835","6979","0.607","0.393","679","679","8.87","9487","4471"
8,"2014-03-18",6688,"train","6221","5979","6126","0.607","0.393","562","562","8.40","8634","3618"
8,"2014-03-19",5517,"train","5550","5312","5456","0.607","0.393","61","61","1.11","7964","2948"
8,"2014-03-20",5616,"train","6365","6112","6266","0.607","0.393","-650","650","11.57","8774","3758"
8,"2014-03-21",4308,"train","5272","5010","5169","0.607","0.393","-861","861","19.99","7677","2661"
8,"2014-03-22",2701,"train","3087","2832","2987","0.607","0.393","-286","286","10.59","5495","479"
8,"2014-03-24",4550,"train","7085","6835","6987","0.607","0.393","-2437","2437","53.56","9495","4479"
8,"2014-03-25",4490,"train","6233","5979","6133","0.607","0.393","-1643","1643","36.59","8641","3625"
8,"2014-03-26",4172,"train","5562","5312","5464","0.607","0.393","-1292","1292","30.97","7972","2956"
8,"2014-03-27",5091,"train","6377","6112","6273","0.607","0.393","-1182","1182","23.22","8781","3765"
8,"2014-03-28",4502,"train","5284","5010","5176","0.607","0.393","-674","674","14.97","7684","2668"
8,"2014-03-29",2866,"train","3099","2832","2994","0.607","0.393","-128","128","4.47","5502","486"
8,"2014-03-31",8934,"train","7097","6835","6994","0.607","0.393","1940","1940","21.71","9502","4486"
8,"2014-04-01",8406,"train","6234","5979","6134","0.607","0.393","2272","2272","27.03","8642","3626"
8,"2014-04-02",6452,"train","5563","5312","5464","0.607","0.393","988","988","15.31","7972","2956"
8,"2014-04-03",6697,"train","6378","6112","6273","0.607","0.393","424","424","6.33","8781","3765"
8,"2014-04-04",4978,"train","5285","5010","5177","0.607","0.393","-199","199","4.00","7685","2669"
8,"2014-04-05",2677,"train","3100","2832","2995","0.607","0.393","-318","318","11.88","5503","487"
8,"2014-04-07",4816,"train","7098","6835","6995","0.607","0.393","-2179","2179","45.25","9503","4487"
8,"2014-04-08",4506,"train","6246","5979","6141","0.607","0.393","-1635","1635","36.28","8649","3633"
8,"2014-04-09",4406,"train","5575","5312","5472","0.607","0.393","-1066","1066","24.19","7980","2964"
8,"2014-04-10",5381,"train","6390","6112","6281","0.607","0.393","-900","900","16.73","8789","3773"
8,"2014-04-11",4194,"train","5297","5010","5184","0.607","0.393","-990","990","23.61","7692","2676"
8,"2014-04-12",2833,"train","3112","2832","3002","0.607","0.393","-169","169","5.97","5510","494"
8,"2014-04-14",8189,"train","7110","6835","7002","0.607","0.393","1187","1187","14.50","9510","4494"
8,"2014-04-15",8942,"train","6258","5979","6148","0.607","0.393","2794","2794","31.25","8656","3640"
8,"2014-04-16",6931,"train","5588","5312","5480","0.607","0.393","1451","1451","20.93","7988","2972"
8,"2014-04-17",7662,"train","6403","6112","6289","0.607","0.393","1373","1373","17.92","8797","3781"
8,"2014-04-19",3144,"train","3123","2832","3009","0.607","0.393","135","135","4.29","5517","501"
8,"2014-04-22",4863,"train","6267","5979","6154","0.607","0.393","-1291","1291","26.55","8662","3646"
8,"2014-04-23",4229,"train","5596","5312","5484","0.607","0.393","-1255","1255","29.68","7992","2976"
8,"2014-04-24",4888,"train","6411","6112","6293","0.607","0.393","-1405","1405","28.74","8801","3785"
8,"2014-04-25",3364,"train","5318","5010","5197","0.607","0.393","-1833","1833","54.49","7705","2689"
8,"2014-04-26",2298,"train","3133","2832","3015","0.607","0.393","-717","717","31.20","5523","507"
8,"2014-04-28",7840,"train","7131","6835","7015","0.607","0.393","825","825","10.52","9523","4507"
8,"2014-04-29",6998,"train","6279","5979","6161","0.607","0.393","837","837","11.96","8669","3653"
8,"2014-04-30",7589,"train","5608","5312","5492","0.607","0.393","2097","2097","27.63","8000","2984"
8,"2014-05-02",6775,"train","5189","5010","5119","0.607","0.393","1656","1656","24.44","7627","2611"
8,"2014-05-03",2907,"train","3004","2832","2936","0.607","0.393","-29","29","1.00","5444","428"
8,"2014-05-05",8967,"train","7002","6835","6936","0.607","0.393","2031","2031","22.65","9444","4428"
8,"2014-05-06",7095,"train","6150","5979","6083","0.607","0.393","1012","1012","14.26","8591","3575"
8,"2014-05-07",5357,"train","5479","5312","5413","0.607","0.393","-56","56","1.05","7921","2905"
8,"2014-05-08",5968,"train","6294","6112","6222","0.607","0.393","-254","254","4.26","8730","3714"
8,"2014-05-09",5925,"train","5201","5010","5126","0.607","0.393","799","799","13.49","7634","2618"
8,"2014-05-10",2713,"train","3016","2832","2944","0.607","0.393","-231","231","8.51","5452","436"
8,"2014-05-12",4623,"train","7014","6835","6944","0.607","0.393","-2321","2321","50.21","9452","4436"
8,"2014-05-13",4609,"train","6162","5979","6090","0.607","0.393","-1481","1481","32.13","8598","3582"
8,"2014-05-14",5203,"train","5491","5312","5421","0.607","0.393","-218","218","4.19","7929","2913"
8,"2014-05-15",4808,"train","6306","6112","6230","0.607","0.393","-1422","1422","29.58","8738","3722"
8,"2014-05-16",3941,"train","5213","5010","5133","0.607","0.393","-1192","1192","30.25","7641","2625"
8,"2014-05-17",2617,"train","3028","2832","2951","0.607","0.393","-334","334","12.76","5459","443"
8,"2014-05-19",7996,"train","7026","6835","6951","0.607","0.393","1045","1045","13.07","9459","4443"
8,"2014-05-20",6191,"train","6174","5979","6097","0.607","0.393","94","94","1.52","8605","3589"
8,"2014-05-21",5064,"train","5503","5312","5428","0.607","0.393","-364","364","7.19","7936","2920"
8,"2014-05-22",6673,"train","6318","6112","6237","0.607","0.393","436","436","6.53","8745","3729"
8,"2014-05-23",4887,"train","5225","5010","5141","0.607","0.393","-254","254","5.20","7649","2633"
8,"2014-05-24",2657,"train","3040","2832","2958","0.607","0.393","-301","301","11.33","5466","450"
8,"2014-05-26",4871,"train","7038","6835","6958","0.607","0.393","-2087","2087","42.85","9466","4450"
8,"2014-05-27",5174,"train","6187","5979","6105","0.607","0.393","-931","931","17.99","8613","3597"
8,"2014-05-28",5137,"train","5516","5312","5436","0.607","0.393","-299","299","5.82","7944","2928"
8,"2014-05-30",5717,"train","5236","5010","5147","0.607","0.393","570","570","9.97","7655","2639"
8,"2014-05-31",2990,"train","3051","2832","2965","0.607","0.393","25","25","0.84","5473","457"
8,"2014-06-02",8799,"train","6985","6835","6926","0.607","0.393","1873","1873","21.29","9434","4418"
8,"2014-06-03",7251,"train","6133","5979","6072","0.607","0.393","1179","1179","16.26","8580","3564"
8,"2014-06-04",7052,"train","5462","5312","5403","0.607","0.393","1649","1649","23.38","7911","2895"
8,"2014-06-05",6476,"train","6277","6112","6212","0.607","0.393","264","264","4.08","8720","3704"
8,"2014-06-06",5789,"train","5184","5010","5116","0.607","0.393","673","673","11.63","7624","2608"
8,"2014-06-07",2878,"train","2999","2832","2933","0.607","0.393","-55","55","1.91","5441","425"
8,"2014-06-10",5891,"train","6143","5979","6079","0.607","0.393","-188","188","3.19","8587","3571"
8,"2014-06-11",4787,"train","5472","5312","5409","0.607","0.393","-622","622","12.99","7917","2901"
8,"2014-06-12",5671,"train","6287","6112","6218","0.607","0.393","-547","547","9.65","8726","3710"
8,"2014-06-13",4417,"train","5194","5010","5122","0.607","0.393","-705","705","15.96","7630","2614"
8,"2014-06-14",2576,"train","3009","2832","2939","0.607","0.393","-363","363","14.09","5447","431"
8,"2014-06-16",7949,"train","7007","6835","6939","0.607","0.393","1010","1010","12.71","9447","4431"
8,"2014-06-17",6640,"train","6155","5979","6086","0.607","0.393","554","554","8.34","8594","3578"
8,"2014-06-18",5944,"train","5484","5312","5416","0.607","0.393","528","528","8.88","7924","2908"
8,"2014-06-19",6638,"train","6299","6112","6226","0.607","0.393","412","412","6.21","8734","3718"
8,"2014-06-20",5236,"train","5206","5010","5129","0.607","0.393","107","107","2.04","7637","2621"
8,"2014-06-21",2759,"train","3021","2832","2947","0.607","0.393","-188","188","6.81","5455","439"
8,"2014-06-23",4795,"train","7019","6835","6947","0.607","0.393","-2152","2152","44.88","9455","4439"
8,"2014-06-24",4828,"train","6167","5979","6093","0.607","0.393","-1265","1265","26.20","8601","3585"
8,"2014-06-25",4058,"train","5496","5312","5424","0.607","0.393","-1366","1366","33.66","7932","2916"
8,"2014-06-26",4779,"train","6311","6112","6233","0.607","0.393","-1454","1454","30.42","8741","3725"
8,"2014-06-27",4334,"train","5218","5010","5136","0.607","0.393","-802","802","18.50","7644","2628"
8,"2014-06-28",2810,"train","3033","2832","2954","0.607","0.393","-144","144","5.12","5462","446"
8,"2014-06-30",9775,"train","7031","6835","6954","0.607","0.393","2821","2821","28.86","9462","4446"
8,"2014-07-01",8053,"train","6026","5979","6008","0.607","0.393","2045","2045","25.39","8516","3500"
8,"2014-07-02",6475,"train","5355","5312","5338","0.607","0.393","1137","1137","17.56","7846","2830"
8,"2014-07-03",6978,"train","6170","6112","6147","0.607","0.393","831","831","11.91","8655","3639"
8,"2014-07-04",5093,"train","5078","5010","5051","0.607","0.393","42","42","0.82","7559","2543"
8,"2014-07-05",2565,"train","2893","2832","2869","0.607","0.393","-304","304","11.85","5377","361"
8,"2014-07-07",5486,"train","6891","6835","6869","0.607","0.393","-1383","1383","25.21","9377","4361"
8,"2014-07-08",4331,"train","6039","5979","6015","0.607","0.393","-1684","1684","38.88","8523","3507"
8,"2014-07-09",4267,"train","5368","5312","5346","0.607","0.393","-1079","1079","25.29","7854","2838"
8,"2014-07-10",5518,"train","6183","6112","6155","0.607","0.393","-637","637","11.54","8663","3647"
8,"2014-07-11",4483,"train","5090","5010","5059","0.607","0.393","-576","576","12.85","7567","2551"
8,"2014-07-12",2969,"train","2905","2832","2876","0.607","0.393","93","93","3.13","5384","368"
8,"2014-07-14",7606,"train","6903","6835","6876","0.607","0.393","730","730","9.60","9384","4368"
8,"2014-07-15",7085,"train","6051","5979","6023","0.607","0.393","1062","1062","14.99","8531","3515"
8,"2014-07-16",6317,"train","5380","5312","5353","0.607","0.393","964","964","15.26","7861","2845"
8,"2014-07-17",7147,"train","6195","6112","6162","0.607","0.393","985","985","13.78","8670","3654"
8,"2014-07-18",5007,"train","5102","5010","5066","0.607","0.393","-59","59","1.18","7574","2558"
8,"2014-07-19",2445,"train","2917","2832","2884","0.607","0.393","-439","439","17.96","5392","376"
8,"2014-07-21",5180,"train","6915","6835","6884","0.607","0.393","-1704","1704","32.90","9392","4376"
8,"2014-07-22",3884,"train","6063","5979","6030","0.607","0.393","-2146","2146","55.25","8538","3522"
8,"2014-07-23",3557,"train","5392","5312","5361","0.607","0.393","-1804","1804","50.72","7869","2853"
8,"2014-07-24",4357,"train","6207","6112","6170","0.607","0.393","-1813","1813","41.61","8678","3662"
8,"2014-07-25",3959,"train","5114","5010","5073","0.607","0.393","-1114","1114","28.14","7581","2565"
8,"2014-07-26",2656,"train","2929","2832","2891","0.607","0.393","-235","235","8.85","5399","383"
8,"2014-07-28",7774,"train","6927","6835","6891","0.607","0.393","883","883","11.36","9399","4383"
8,"2014-07-29",6700,"train","6075","5979","6037","0.607","0.393","663","663","9.90","8545","3529"
8,"2014-07-30",6219,"train","5404","5312","5368","0.607","0.393","851","851","13.68","7876","2860"
8,"2014-07-31",7337,"train","6219","6112","6177","0.607","0.393","1160","1160","15.81","8685","3669"
8,"2014-08-01",6115,"train","4963","5010","4981","0.607","0.393","1134","1134","18.54","7489","2473"
8,"2014-08-02",3100,"train","2778","2832","2799","0.607","0.393","301","301","9.71","5307","291"
8,"2014-08-04",8066,"train","6776","6835","6799","0.607","0.393","1267","1267","15.71","9307","4291"
8,"2014-08-05",7054,"train","5924","5979","5946","0.607","0.393","1108","1108","15.71","8454","3438"
8,"2014-08-06",6070,"train","5253","5312","5276","0.607","0.393","794","794","13.08","7784","2768"
8,"2014-08-07",6240,"train","6068","6112","6085","0.607","0.393","155","155","2.48","8593","3577"
8,"2014-08-08",5187,"train","4975","5010","4989","0.607","0.393","198","198","3.82","7497","2481"
8,"2014-08-09",2483,"train","2790","2832","2807","0.607","0.393","-324","324","13.05","5315","299"
8,"2014-08-11",4815,"train","6789","6835","6807","0.607","0.393","-1992","1992","41.37","9315","4299"
8,"2014-08-12",4351,"train","5937","5979","5954","0.607","0.393","-1603","1603","36.84","8462","3446"
8,"2014-08-13",4178,"train","5266","5312","5284","0.607","0.393","-1106","1106","26.47","7792","2776"
8,"2014-08-14",4588,"train","6081","6112","6093","0.607","0.393","-1505","1505","32.80","8601","3585"
8,"2014-08-15",4095,"train","4988","5010","4997","0.607","0.393","-902","902","22.03","7505","2489"
8,"2014-08-16",2254,"train","2803","2832","2814","0.607","0.393","-560","560","24.84","5322","306"
8,"2014-08-18",7444,"train","6801","6835","6814","0.607","0.393","630","630","8.46","9322","4306"
8,"2014-08-19",6890,"train","5949","5979","5961","0.607","0.393","929","929","13.48","8469","3453"
8,"2014-08-20",5982,"train","5278","5312","5291","0.607","0.393","691","691","11.55","7799","2783"
8,"2014-08-21",6594,"train","6093","6112","6100","0.607","0.393","494","494","7.49","8608","3592"
8,"2014-08-22",5039,"train","5000","5010","5004","0.607","0.393","35","35","0.69","7512","2496"
8,"2014-08-23",2910,"train","2815","2832","2822","0.607","0.393","88","88","3.02","5330","314"
8,"2014-08-25",4894,"train","6813","6835","6822","0.607","0.393","-1928","1928","39.40","9330","4314"
8,"2014-08-26",4027,"train","5961","5979","5968","0.607","0.393","-1941","1941","48.20","8476","3460"
8,"2014-08-27",4563,"train","5290","5312","5299","0.607","0.393","-736","736","16.13","7807","2791"
8,"2014-08-28",5374,"train","6105","6112","6108","0.607","0.393","-734","734","13.66","8616","3600"
8,"2014-08-29",5373,"train","5012","5010","5011","0.607","0.393","362","362","6.74","7519","2503"
8,"2014-08-30",3802,"train","2827","2832","2829","0.607","0.393","973","973","25.59","5337","321"
8,"2014-09-01",9367,"train","6999","6835","6935","0.607","0.393","2432","2432","25.96","9443","4427"
8,"2014-09-02",6897,"train","6147","5979","6081","0.607","0.393","816","816","11.83","8589","3573"
8,"2014-09-03",6428,"train","5476","5312","5412","0.607","0.393","1016","1016","15.81","7920","2904"
8,"2014-09-04",6689,"train","6291","6112","6221","0.607","0.393","468","468","7.00","8729","3713"
8,"2014-09-05",5838,"train","5198","5010","5124","0.607","0.393","714","714","12.23","7632","2616"
8,"2014-09-06",2823,"train","3013","2832","2942","0.607","0.393","-119","119","4.22","5450","434"
8,"2014-09-08",4844,"train","7011","6835","6942","0.607","0.393","-2098","2098","43.31","9450","4434"
8,"2014-09-09",4040,"train","6159","5979","6088","0.607","0.393","-2048","2048","50.69","8596","3580"
8,"2014-09-10",4117,"train","5488","5312","5419","0.607","0.393","-1302","1302","31.62","7927","2911"
8,"2014-09-11",5369,"train","6303","6112","6228","0.607","0.393","-859","859","16.00","8736","3720"
8,"2014-09-12",4859,"train","5210","5010","5131","0.607","0.393","-272","272","5.60","7639","2623"
8,"2014-09-13",3268,"train","3025","2832","2949","0.607","0.393","319","319","9.76","5457","441"
8,"2014-09-15",8513,"train","7023","6835","6949","0.607","0.393","1564","1564","18.37","9457","4441"
8,"2014-09-16",7046,"train","6172","5979","6096","0.607","0.393","950","950","13.48","8604","3588"
8,"2014-09-17",6038,"train","5501","5312","5427","0.607","0.393","611","611","10.12","7935","2919"
8,"2014-09-18",6552,"train","6316","6112","6236","0.607","0.393","316","316","4.82","8744","3728"
8,"2014-09-19",5685,"train","5223","5010","5139","0.607","0.393","546","546","9.60","7647","2631"
8,"2014-09-20",2626,"train","3038","2832","2957","0.607","0.393","-331","331","12.60","5465","449"
8,"2014-09-22",4737,"train","7036","6835","6957","0.607","0.393","-2220","2220","46.87","9465","4449"
8,"2014-09-23",5135,"train","6184","5979","6103","0.607","0.393","-968","968","18.85","8611","3595"
8,"2014-09-24",5021,"train","5513","5312","5434","0.607","0.393","-413","413","8.23","7942","2926"
8,"2014-09-25",5233,"train","6328","6112","6243","0.607","0.393","-1010","1010","19.30","8751","3735"
8,"2014-09-26",5186,"train","5235","5010","5147","0.607","0.393","39","39","0.75","7655","2639"
8,"2014-09-27",3380,"train","3050","2832","2964","0.607","0.393","416","416","12.31","5472","456"
8,"2014-09-29",8630,"train","7048","6835","6964","0.607","0.393","1666","1666","19.30","9472","4456"
8,"2014-09-30",9061,"train","6196","5979","6111","0.607","0.393","2950","2950","32.56","8619","3603"
8,"2014-10-01",6826,"train","5617","5312","5497","0.607","0.393","1329","1329","19.47","8005","2989"
8,"2014-10-02",8234,"train","6432","6112","6306","0.607","0.393","1928","1928","23.42","8814","3798"
8,"2014-10-04",4208,"train","3152","2832","3026","0.607","0.393","1182","1182","28.09","5534","518"
8,"2014-10-06",10198,"train","7150","6835","7026","0.607","0.393","3172","3172","31.10","9534","4518"
8,"2014-10-07",6435,"train","6298","5979","6173","0.607","0.393","262","262","4.07","8681","3665"
8,"2014-10-08",6783,"train","5627","5312","5503","0.607","0.393","1280","1280","18.87","8011","2995"
8,"2014-10-09",7586,"train","6442","6112","6312","0.607","0.393","1274","1274","16.79","8820","3804"
8,"2014-10-10",6394,"train","5349","5010","5216","0.607","0.393","1178","1178","18.42","7724","2708"
8,"2014-10-11",3688,"train","3164","2832","3034","0.607","0.393","654","654","17.73","5542","526"
8,"2014-10-13",5053,"train","7162","6835","7033","0.607","0.393","-1980","1980","39.18","9541","4525"
8,"2014-10-14",4754,"train","6310","5979","6180","0.607","0.393","-1426","1426","30.00","8688","3672"
8,"2014-10-15",4404,"train","5639","5312","5510","0.607","0.393","-1106","1106","25.11","8018","3002"
8,"2014-10-16",5516,"train","6454","6112","6320","0.607","0.393","-804","804","14.58","8828","3812"
8,"2014-10-17",4318,"train","5361","5010","5223","0.607","0.393","-905","905","20.96","7731","2715"
8,"2014-10-18",3355,"train","3176","2832","3041","0.607","0.393","314","314","9.36","5549","533"
8,"2014-10-20",8561,"train","7174","6835","7041","0.607","0.393","1520","1520","17.75","9549","4533"
8,"2014-10-21",6081,"train","6322","5979","6187","0.607","0.393","-106","106","1.74","8695","3679"
8,"2014-10-22",5869,"train","5651","5312","5518","0.607","0.393","351","351","5.98","8026","3010"
8,"2014-10-23",6936,"train","6466","6112","6327","0.607","0.393","609","609","8.78","8835","3819"
8,"2014-10-24",6330,"train","5374","5010","5231","0.607","0.393","1099","1099","17.36","7739","2723"
8,"2014-10-25",3128,"train","3189","2832","3049","0.607","0.393","79","79","2.53","5557","541"
8,"2014-10-27",5067,"train","7187","6835","7049","0.607","0.393","-1982","1982","39.12","9557","4541"
8,"2014-10-28",5477,"train","6335","5979","6195","0.607","0.393","-718","718","13.11","8703","3687"
8,"2014-10-29",5042,"train","5664","5312","5526","0.607","0.393","-484","484","9.60","8034","3018"
8,"2014-10-30",6677,"train","6479","6112","6335","0.607","0.393","342","342","5.12","8843","3827"
8,"2014-10-31",6223,"train","5386","5010","5238","0.607","0.393","985","985","15.83","7746","2730"
8,"2014-11-01",3903,"train","3641","2832","3323","0.607","0.393","580","580","14.86","5831","815"
8,"2014-11-03",9844,"train","7639","6835","7323","0.607","0.393","2521","2521","25.61","9831","4815"
8,"2014-11-04",7805,"train","6787","5979","6469","0.607","0.393","1336","1336","17.12","8977","3961"
8,"2014-11-05",6603,"train","6116","5312","5800","0.607","0.393","803","803","12.16","8308","3292"
8,"2014-11-06",7378,"train","6931","6112","6609","0.607","0.393","769","769","10.42","9117","4101"
8,"2014-11-07",7069,"train","5838","5010","5513","0.607","0.393","1556","1556","22.01","8021","3005"
8,"2014-11-08",3274,"train","3653","2832","3330","0.607","0.393","-56","56","1.71","5838","822"
8,"2014-11-10",8504,"train","7651","6835","7330","0.607","0.393","1174","1174","13.81","9838","4822"
8,"2014-11-11",7782,"train","6799","5979","6477","0.607","0.393","1305","1305","16.77","8985","3969"
8,"2014-11-12",7146,"train","6128","5312","5807","0.607","0.393","1339","1339","18.74","8315","3299"
8,"2014-11-13",7844,"train","6943","6112","6616","0.607","0.393","1228","1228","15.66","9124","4108"
8,"2014-11-14",5749,"train","5850","5010","5520","0.607","0.393","229","229","3.98","8028","3012"
8,"2014-11-15",3583,"train","3665","2832","3338","0.607","0.393","245","245","6.84","5846","830"
8,"2014-11-17",6416,"train","7663","6835","7338","0.607","0.393","-922","922","14.37","9846","4830"
8,"2014-11-18",5834,"train","6811","5979","6484","0.607","0.393","-650","650","11.14","8992","3976"
8,"2014-11-19",5376,"train","6140","5312","5815","0.607","0.393","-439","439","8.17","8323","3307"
8,"2014-11-20",5759,"train","6955","6112","6624","0.607","0.393","-865","865","15.02","9132","4116"
8,"2014-11-21",4958,"train","5862","5010","5527","0.607","0.393","-569","569","11.48","8035","3019"
8,"2014-11-22",3591,"train","3677","2832","3345","0.607","0.393","246","246","6.85","5853","837"
8,"2014-11-24",9339,"train","7675","6835","7345","0.607","0.393","1994","1994","21.35","9853","4837"
8,"2014-11-25",7840,"train","6823","5979","6491","0.607","0.393","1349","1349","17.21","8999","3983"
8,"2014-11-26",8065,"train","6152","5312","5822","0.607","0.393","2243","2243","27.81","8330","3314"
8,"2014-11-27",9182,"train","6967","6112","6631","0.607","0.393","2551","2551","27.78","9139","4123"
8,"2014-11-28",8094,"train","5874","5010","5534","0.607","0.393","2560","2560","31.63","8042","3026"
8,"2014-11-29",5052,"train","3690","2832","3353","0.607","0.393","1699","1699","33.63","5861","845"
8,"2014-12-01",10924,"train","8305","6835","7727","0.607","0.393","3197","3197","29.27","10235","5219"
8,"2014-12-02",8470,"train","7453","5979","6874","0.607","0.393","1596","1596","18.84","9382","4366"
8,"2014-12-03",7504,"train","6782","5312","6204","0.607","0.393","1300","1300","17.32","8712","3696"
8,"2014-12-04",8417,"train","7597","6112","7013","0.607","0.393","1404","1404","16.68","9521","4505"
8,"2014-12-05",8258,"train","6504","5010","5917","0.607","0.393","2341","2341","28.35","8425","3409"
8,"2014-12-06",5486,"train","4319","2832","3735","0.607","0.393","1751","1751","31.92","6243","1227"
8,"2014-12-08",6852,"train","8317","6835","7735","0.607","0.393","-883","883","12.89","10243","5227"
8,"2014-12-09",6751,"train","7465","5979","6881","0.607","0.393","-130","130","1.93","9389","4373"
8,"2014-12-10",5649,"train","6794","5312","6212","0.607","0.393","-563","563","9.97","8720","3704"
8,"2014-12-11",6076,"train","7609","6112","7021","0.607","0.393","-945","945","15.55","9529","4513"
8,"2014-12-12",5008,"train","6516","5010","5924","0.607","0.393","-916","916","18.29","8432","3416"
8,"2014-12-13",4457,"train","4331","2832","3742","0.607","0.393","715","715","16.04","6250","1234"
8,"2014-12-15",10956,"train","8329","6835","7742","0.607","0.393","3214","3214","29.34","10250","5234"
8,"2014-12-16",9550,"train","7477","5979","6888","0.607","0.393","2662","2662","27.87","9396","4380"
8,"2014-12-17",8282,"train","6806","5312","6219","0.607","0.393","2063","2063","24.91","8727","3711"
8,"2014-12-18",9008,"train","7621","6112","7028","0.607","0.393","1980","1980","21.98","9536","4520"
8,"2014-12-19",7381,"train","6528","5010","5931","0.607","0.393","1450","1450","19.65","8439","3423"
8,"2014-12-20",4339,"train","4343","2832","3749","0.607","0.393","590","590","13.60","6257","1241"
8,"2014-12-22",7248,"train","8341","6835","7749","0.607","0.393","-501","501","6.91","10257","5241"
8,"2014-12-23",7962,"train","7489","5979","6896","0.607","0.393","1066","1066","13.39","9404","4388"
8,"2014-12-24",3738,"train","6818","5312","6226","0.607","0.393","-2488","2488","66.56","8734","3718"
8,"2014-12-27",3806,"train","4351","2832","3754","0.607","0.393","52","52","1.37","6262","1246"
8,"2014-12-29",7086,"train","8349","6835","7754","0.607","0.393","-668","668","9.43","10262","5246"
8,"2014-12-30",6463,"train","7497","5979","6900","0.607","0.393","-437","437","6.76","9408","4392"
8,"2014-12-31",3025,"train","6826","5312","6231","0.607","0.393","-3206","3206","105.98","8739","3723"
8,"2015-01-02",5028,"test","5255","5010","5159","0.607","0.393","-131","131","2.61","7667","2651"
8,"2015-01-03",3250,"test","3070","2832","2976","0.607","0.393","274","274","8.43","5484","468"
8,"2015-01-05",9390,"test","7068","6835","6976","0.607","0.393","2414","2414","25.71","9484","4468"
8,"2015-01-06",7182,"test","6216","5979","6123","0.607","0.393","1059","1059","14.75","8631","3615"
8,"2015-01-07",7262,"test","5545","5312","5453","0.607","0.393","1809","1809","24.91","7961","2945"
8,"2015-01-08",6089,"test","6360","6112","6263","0.607","0.393","-174","174","2.86","8771","3755"
8,"2015-01-09",4593,"test","5268","5010","5167","0.607","0.393","-574","574","12.50","7675","2659"
8,"2015-01-10",2763,"test","3083","2832","2984","0.607","0.393","-221","221","8.00","5492","476"
8,"2015-01-12",8425,"test","7081","6835","6984","0.607","0.393","1441","1441","17.10","9492","4476"
8,"2015-01-13",6463,"test","6229","5979","6131","0.607","0.393","332","332","5.14","8639","3623"
8,"2015-01-14",6731,"test","5558","5312","5461","0.607","0.393","1270","1270","18.87","7969","2953"
8,"2015-01-15",7242,"test","6373","6112","6270","0.607","0.393","972","972","13.42","8778","3762"
8,"2015-01-16",6558,"test","5280","5010","5174","0.607","0.393","1384","1384","21.10","7682","2666"
8,"2015-01-17",3571,"test","3095","2832","2992","0.607","0.393","579","579","16.21","5500","484"
8,"2015-01-19",6083,"test","7093","6835","6992","0.607","0.393","-909","909","14.94","9500","4484"
8,"2015-01-20",5540,"test","6241","5979","6138","0.607","0.393","-598","598","10.79","8646","3630"
8,"2015-01-21",4670,"test","5570","5312","5469","0.607","0.393","-799","799","17.11","7977","2961"
8,"2015-01-22",5447,"test","6385","6112","6278","0.607","0.393","-831","831","15.26","8786","3770"
8,"2015-01-23",4517,"test","5292","5010","5181","0.607","0.393","-664","664","14.70","7689","2673"
8,"2015-01-24",2803,"test","3107","2832","2999","0.607","0.393","-196","196","6.99","5507","491"
8,"2015-01-26",7502,"test","7105","6835","6999","0.607","0.393","503","503","6.70","9507","4491"
8,"2015-01-27",7804,"test","6253","5979","6145","0.607","0.393","1659","1659","21.26","8653","3637"
8,"2015-01-28",6071,"test","5582","5312","5476","0.607","0.393","595","595","9.80","7984","2968"
8,"2015-01-29",8403,"test","6397","6112","6285","0.607","0.393","2118","2118","25.21","8793","3777"
8,"2015-01-30",6401,"test","5304","5010","5188","0.607","0.393","1213","1213","18.95","7696","2680"
8,"2015-01-31",4063,"test","3119","2832","3006","0.607","0.393","1057","1057","26.02","5514","498"
8,"2015-02-02",8679,"test","7473","6835","7222","0.607","0.393","1457","1457","16.79","9730","4714"
8,"2015-02-03",8146,"test","6621","5979","6369","0.607","0.393","1777","1777","21.81","8877","3861"
8,"2015-02-04",6877,"test","5950","5312","5699","0.607","0.393","1178","1178","17.13","8207","3191"
8,"2015-02-05",7002,"test","6765","6112","6508","0.607","0.393","494","494","7.06","9016","4000"
8,"2015-02-06",6205,"test","5672","5010","5412","0.607","0.393","793","793","12.78","7920","2904"
8,"2015-02-07",3603,"test","3487","2832","3230","0.607","0.393","373","373","10.35","5738","722"
8,"2015-02-09",5787,"test","7485","6835","7230","0.607","0.393","-1443","1443","24.94","9738","4722"
8,"2015-02-10",5070,"test","6633","5979","6376","0.607","0.393","-1306","1306","25.76","8884","3868"
8,"2015-02-11",5051,"test","5962","5312","5707","0.607","0.393","-656","656","12.99","8215","3199"
8,"2015-02-12",5694,"test","6777","6112","6516","0.607","0.393","-822","822","14.44","9024","4008"
8,"2015-02-13",5296,"test","5684","5010","5419","0.607","0.393","-123","123","2.32","7927","2911"
8,"2015-02-14",3765,"test","3500","2832","3237","0.607","0.393","528","528","14.02","5745","729"
8,"2015-02-16",9169,"test","7498","6835","7237","0.607","0.393","1932","1932","21.07","9745","4729"
8,"2015-02-17",7938,"test","6646","5979","6384","0.607","0.393","1554","1554","19.58","8892","3876"
8,"2015-02-18",7449,"test","5975","5312","5714","0.607","0.393","1735","1735","23.29","8222","3206"
8,"2015-02-19",7768,"test","6790","6112","6524","0.607","0.393","1244","1244","16.01","9032","4016"
8,"2015-02-20",6002,"test","5697","5010","5427","0.607","0.393","575","575","9.58","7935","2919"
8,"2015-02-21",3402,"test","3512","2832","3245","0.607","0.393","157","157","4.61","5753","737"
8,"2015-02-23",4977,"test","7510","6835","7245","0.607","0.393","-2268","2268","45.57","9753","4737"
8,"2015-02-24",5368,"test","6658","5979","6391","0.607","0.393","-1023","1023","19.06","8899","3883"
8,"2015-02-25",5473,"test","5987","5312","5722","0.607","0.393","-249","249","4.55","8230","3214"
8,"2015-02-26",6350,"test","6802","6112","6531","0.607","0.393","-181","181","2.85","9039","4023"
8,"2015-02-27",6145,"test","5709","5010","5434","0.607","0.393","711","711","11.57","7942","2926"
8,"2015-02-28",4103,"test","3524","2832","3252","0.607","0.393","851","851","20.74","5760","744"
8,"2015-03-02",8923,"test","7664","6835","7338","0.607","0.393","1585","1585","17.76","9846","4830"
8,"2015-03-03",8163,"test","6812","5979","6485","0.607","0.393","1678","1678","20.56","8993","3977"
8,"2015-03-04",6805,"test","6141","5312","5815","0.607","0.393","990","990","14.55","8323","3307"
8,"2015-03-05",8282,"test","6956","6112","6624","0.607","0.393","1658","1658","20.02","9132","4116"
8,"2015-03-06",6260,"test","5863","5010","5528","0.607","0.393","732","732","11.69","8036","3020"
8,"2015-03-07",3589,"test","3678","2832","3346","0.607","0.393","243","243","6.77","5854","838"
8,"2015-03-09",4841,"test","7676","6835","7345","0.607","0.393","-2504","2504","51.72","9853","4837"
8,"2015-03-10",5538,"test","6824","5979","6492","0.607","0.393","-954","954","17.23","9000","3984"
8,"2015-03-11",4972,"test","6153","5312","5822","0.607","0.393","-850","850","17.10","8330","3314"
8,"2015-03-12",6036,"test","6968","6112","6632","0.607","0.393","-596","596","9.87","9140","4124"
8,"2015-03-13",4712,"test","5875","5010","5535","0.607","0.393","-823","823","17.47","8043","3027"
8,"2015-03-14",3414,"test","3690","2832","3353","0.607","0.393","61","61","1.79","5861","845"
8,"2015-03-16",9339,"test","7688","6835","7353","0.607","0.393","1986","1986","21.27","9861","4845"
8,"2015-03-17",7635,"test","6836","5979","6499","0.607","0.393","1136","1136","14.88","9007","3991"
8,"2015-03-18",6737,"test","6165","5312","5830","0.607","0.393","907","907","13.46","8338","3322"
8,"2015-03-19",8233,"test","6980","6112","6639","0.607","0.393","1594","1594","19.36","9147","4131"
8,"2015-03-20",5853,"test","5887","5010","5542","0.607","0.393","311","311","5.31","8050","3034"
8,"2015-03-21",2993,"test","3702","2832","3360","0.607","0.393","-367","367","12.26","5868","852"
8,"2015-03-23",5613,"test","7700","6835","7360","0.607","0.393","-1747","1747","31.12","9868","4852"
8,"2015-03-24",5581,"test","6849","5979","6507","0.607","0.393","-926","926","16.59","9015","3999"
8,"2015-03-25",5136,"test","6178","5312","5838","0.607","0.393","-702","702","13.67","8346","3330"
8,"2015-03-26",5508,"test","6993","6112","6647","0.607","0.393","-1139","1139","20.68","9155","4139"
8,"2015-03-27",5172,"test","5900","5010","5550","0.607","0.393","-378","378","7.31","8058","3042"
8,"2015-03-28",3502,"test","3715","2832","3368","0.607","0.393","134","134","3.83","5876","860"
8,"2015-03-30",9514,"test","7713","6835","7368","0.607","0.393","2146","2146","22.56","9876","4860"
8,"2015-03-31",8752,"test","6861","5979","6514","0.607","0.393","2238","2238","25.57","9022","4006"
8,"2015-04-01",8872,"test","6179","5312","5838","0.607","0.393","3034","3034","34.20","8346","3330"
8,"2015-04-02",10532,"test","6994","6112","6647","0.607","0.393","3885","3885","36.89","9155","4139"
8,"2015-04-04",4838,"test","3714","2832","3367","0.607","0.393","1471","1471","30.41","5875","859"
8,"2015-04-07",6784,"test","6858","5979","6513","0.607","0.393","271","271","3.99","9021","4005"
8,"2015-04-08",6183,"test","6187","5312","5843","0.607","0.393","340","340","5.50","8351","3335"
8,"2015-04-09",6309,"test","7002","6112","6652","0.607","0.393","-343","343","5.44","9160","4144"
8,"2015-04-10",5271,"test","5909","5010","5556","0.607","0.393","-285","285","5.41","8064","3048"
8,"2015-04-11",3546,"test","3724","2832","3373","0.607","0.393","173","173","4.88","5881","865"
8,"2015-04-13",9881,"test","7722","6835","7373","0.607","0.393","2508","2508","25.38","9881","4865"
8,"2015-04-14",8357,"test","6870","5979","6520","0.607","0.393","1837","1837","21.98","9028","4012"
8,"2015-04-15",6489,"test","6199","5312","5850","0.607","0.393","639","639","9.85","8358","3342"
8,"2015-04-16",8516,"test","7014","6112","6660","0.607","0.393","1856","1856","21.79","9168","4152"
8,"2015-04-17",6049,"test","5921","5010","5563","0.607","0.393","486","486","8.03","8071","3055"
8,"2015-04-18",3834,"test","3736","2832","3381","0.607","0.393","453","453","11.82","5889","873"
8,"2015-04-20",5591,"test","7734","6835","7381","0.607","0.393","-1790","1790","32.02","9889","4873"
8,"2015-04-21",5244,"test","6882","5979","6527","0.607","0.393","-1283","1283","24.47","9035","4019"
8,"2015-04-22",4605,"test","6211","5312","5858","0.607","0.393","-1253","1253","27.21","8366","3350"
8,"2015-04-23",6125,"test","7026","6112","6667","0.607","0.393","-542","542","8.85","9175","4159"
8,"2015-04-24",5160,"test","5933","5010","5570","0.607","0.393","-410","410","7.95","8078","3062"
8,"2015-04-25",3213,"test","3748","2832","3388","0.607","0.393","-175","175","5.45","5896","880"
8,"2015-04-27",10468,"test","7746","6835","7388","0.607","0.393","3080","3080","29.42","9896","4880"
8,"2015-04-28",8419,"test","6894","5979","6534","0.607","0.393","1885","1885","22.39","9042","4026"
8,"2015-04-29",8158,"test","6223","5312","5865","0.607","0.393","2293","2293","28.11","8373","3357"
8,"2015-04-30",9956,"test","7038","6112","6674","0.607","0.393","3282","3282","32.97","9182","4166"
8,"2015-05-02",4910,"test","3620","2832","3310","0.607","0.393","1600","1600","32.59","5818","802"
8,"2015-05-04",9806,"test","7618","6835","7310","0.607","0.393","2496","2496","25.45","9818","4802"
8,"2015-05-05",7511,"test","6766","5979","6457","0.607","0.393","1054","1054","14.03","8965","3949"
8,"2015-05-06",7510,"test","6095","5312","5787","0.607","0.393","1723","1723","22.94","8295","3279"
8,"2015-05-07",7733,"test","6910","6112","6596","0.607","0.393","1137","1137","14.70","9104","4088"
8,"2015-05-08",6793,"test","5817","5010","5500","0.607","0.393","1293","1293","19.03","8008","2992"
8,"2015-05-09",3670,"test","3632","2832","3318","0.607","0.393","352","352","9.59","5826","810"
8,"2015-05-11",5752,"test","7630","6835","7318","0.607","0.393","-1566","1566","27.23","9826","4810"
8,"2015-05-12",5811,"test","6778","5979","6464","0.607","0.393","-653","653","11.24","8972","3956"
8,"2015-05-13",6012,"test","6107","5312","5795","0.607","0.393","217","217","3.61","8303","3287"
8,"2015-05-15",5772,"test","5827","5010","5506","0.607","0.393","266","266","4.61","8014","2998"
8,"2015-05-16",3158,"test","3642","2832","3324","0.607","0.393","-166","166","5.26","5832","816"
8,"2015-05-18",8956,"test","7640","6835","7324","0.607","0.393","1632","1632","18.22","9832","4816"
8,"2015-05-19",7358,"test","6788","5979","6470","0.607","0.393","888","888","12.07","8978","3962"
8,"2015-05-20",6896,"test","6117","5312","5801","0.607","0.393","1095","1095","15.88","8309","3293"
8,"2015-05-21",7441,"test","6932","6112","6610","0.607","0.393","831","831","11.17","9118","4102"
8,"2015-05-22",6191,"test","5839","5010","5513","0.607","0.393","678","678","10.95","8021","3005"
8,"2015-05-23",3199,"test","3654","2832","3331","0.607","0.393","-132","132","4.13","5839","823"
8,"2015-05-26",6503,"test","6798","5979","6476","0.607","0.393","27","27","0.42","8984","3968"
8,"2015-05-27",5573,"test","6127","5312","5807","0.607","0.393","-234","234","4.20","8315","3299"
8,"2015-05-28",6718,"test","6942","6112","6616","0.607","0.393","102","102","1.52","9124","4108"
8,"2015-05-29",6451,"test","5849","5010","5519","0.607","0.393","932","932","14.45","8027","3011"
8,"2015-05-30",4692,"test","3664","2832","3337","0.607","0.393","1355","1355","28.88","5845","829"
8,"2015-06-01",10971,"test","7598","6835","7298","0.607","0.393","3673","3673","33.48","9806","4790"
8,"2015-06-02",8143,"test","6746","5979","6445","0.607","0.393","1698","1698","20.85","8953","3937"
8,"2015-06-03",7244,"test","6075","5312","5775","0.607","0.393","1469","1469","20.28","8283","3267"
8,"2015-06-04",7964,"test","6890","6112","6584","0.607","0.393","1380","1380","17.33","9092","4076"
8,"2015-06-05",5904,"test","5797","5010","5488","0.607","0.393","416","416","7.05","7996","2980"
8,"2015-06-06",3349,"test","3612","2832","3305","0.607","0.393","44","44","1.31","5813","797"
8,"2015-06-08",6142,"test","7610","6835","7305","0.607","0.393","-1163","1163","18.94","9813","4797"
8,"2015-06-09",5273,"test","6758","5979","6452","0.607","0.393","-1179","1179","22.36","8960","3944"
8,"2015-06-10",5246,"test","6087","5312","5782","0.607","0.393","-536","536","10.22","8290","3274"
8,"2015-06-11",5703,"test","6903","6112","6592","0.607","0.393","-889","889","15.59","9100","4084"
8,"2015-06-12",5474,"test","5810","5010","5496","0.607","0.393","-22","22","0.40","8004","2988"
8,"2015-06-13",3456,"test","3625","2832","3313","0.607","0.393","143","143","4.14","5821","805"
8,"2015-06-15",9937,"test","7623","6835","7313","0.607","0.393","2624","2624","26.41","9821","4805"
8,"2015-06-16",8386,"test","6771","5979","6460","0.607","0.393","1926","1926","22.97","8968","3952"
8,"2015-06-17",7751,"test","6100","5312","5790","0.607","0.393","1961","1961","25.30","8298","3282"
8,"2015-06-18",7302,"test","6915","6112","6599","0.607","0.393","703","703","9.63","9107","4091"
8,"2015-06-19",6773,"test","5822","5010","5503","0.607","0.393","1270","1270","18.75","8011","2995"
8,"2015-06-20",3611,"test","3637","2832","3321","0.607","0.393","290","290","8.03","5829","813"
8,"2015-06-22",4796,"test","7635","6835","7321","0.607","0.393","-2525","2525","52.65","9829","4813"
8,"2015-06-23",5501,"test","6783","5979","6467","0.607","0.393","-966","966","17.56","8975","3959"
8,"2015-06-24",5005,"test","6112","5312","5798","0.607","0.393","-793","793","15.84","8306","3290"
8,"2015-06-25",5956,"test","6927","6112","6607","0.607","0.393","-651","651","10.93","9115","4099"
8,"2015-06-26",5016,"test","5834","5010","5510","0.607","0.393","-494","494","9.85","8018","3002"
8,"2015-06-27",3611,"test","3649","2832","3328","0.607","0.393","283","283","7.84","5836","820"
8,"2015-06-29",10444,"test","7647","6835","7328","0.607","0.393","3116","3116","29.84","9836","4820"
8,"2015-06-30",9836,"test","6795","5979","6474","0.607","0.393","3362","3362","34.18","8982","3966"
8,"2015-07-01",8523,"test","5971","5312","5712","0.607","0.393","2811","2811","32.98","8220","3204"
8,"2015-07-02",8658,"test","6786","6112","6521","0.607","0.393","2137","2137","24.68","9029","4013"
8,"2015-07-03",6535,"test","5693","5010","5425","0.607","0.393","1110","1110","16.99","7933","2917"
8,"2015-07-04",3418,"test","3508","2832","3242","0.607","0.393","176","176","5.15","5750","734"
8,"2015-07-06",6740,"test","7506","6835","7242","0.607","0.393","-502","502","7.45","9750","4734"
8,"2015-07-07",5365,"test","6654","5979","6389","0.607","0.393","-1024","1024","19.09","8897","3881"
8,"2015-07-08",5322,"test","5983","5312","5719","0.607","0.393","-397","397","7.46","8227","3211"
8,"2015-07-09",5602,"test","6798","6112","6528","0.607","0.393","-926","926","16.53","9036","4020"
8,"2015-07-10",6067,"test","5705","5010","5432","0.607","0.393","635","635","10.47","7940","2924"
8,"2015-07-11",3707,"test","3520","2832","3250","0.607","0.393","457","457","12.33","5758","742"
8,"2015-07-13",9117,"test","7518","6835","7250","0.607","0.393","1867","1867","20.48","9758","4742"
8,"2015-07-14",8845,"test","6666","5979","6396","0.607","0.393","2449","2449","27.69","8904","3888"
8,"2015-07-15",7932,"test","5995","5312","5727","0.607","0.393","2205","2205","27.80","8235","3219"
8,"2015-07-16",8808,"test","6810","6112","6536","0.607","0.393","2272","2272","25.79","9044","4028"
8,"2015-07-17",6728,"test","5718","5010","5440","0.607","0.393","1288","1288","19.14","7948","2932"
8,"2015-07-18",3813,"test","3533","2832","3258","0.607","0.393","555","555","14.56","5766","750"
8,"2015-07-20",5956,"test","7531","6835","7257","0.607","0.393","-1301","1301","21.84","9765","4749"
8,"2015-07-21",5168,"test","6679","5979","6404","0.607","0.393","-1236","1236","23.92","8912","3896"
8,"2015-07-22",4996,"test","6008","5312","5734","0.607","0.393","-738","738","14.77","8242","3226"
8,"2015-07-23",6109,"test","6823","6112","6544","0.607","0.393","-435","435","7.12","9052","4036"
8,"2015-07-24",4917,"test","5730","5010","5447","0.607","0.393","-530","530","10.78","7955","2939"
8,"2015-07-25",3288,"test","3545","2832","3265","0.607","0.393","23","23","0.70","5773","757"
8,"2015-07-27",8739,"test","7543","6835","7265","0.607","0.393","1474","1474","16.87","9773","4757"
8,"2015-07-28",6717,"test","6691","5979","6411","0.607","0.393","306","306","4.56","8919","3903"
8,"2015-07-29",7029,"test","6020","5312","5742","0.607","0.393","1287","1287","18.31","8250","3234"
8,"2015-07-30",8420,"test","6835","6112","6551","0.607","0.393","1869","1869","22.20","9059","4043"
8,"2015-07-31",8492,"test","5742","5010","5454","0.607","0.393","3038","3038","35.77","7962","2946"
9,"2013-01-18",5325,"train","5063","6301","5505","0.643","0.357","-180","180","3.38","8000","3010"
9,"2013-01-19",4883,"train","4657","5898","5100","0.643","0.357","-217","217","4.44","7595","2605"
9,"2013-01-21",4658,"train","6324","7583","6773","0.643","0.357","-2115","2115","45.41","9268","4278"
9,"2013-01-22",6065,"train","5049","6299","5495","0.643","0.357","570","570","9.40","7990","3000"
9,"2013-01-23",4904,"train","4664","5923","5113","0.643","0.357","-209","209","4.26","7608","2618"
9,"2013-01-24",5237,"train","4635","5869","5076","0.643","0.357","161","161","3.07","7571","2581"
9,"2013-01-25",5501,"train","5085","6301","5519","0.643","0.357","-18","18","0.33","8014","3024"
9,"2013-01-26",4544,"train","4678","5898","5114","0.643","0.357","-570","570","12.54","7609","2619"
9,"2013-01-28",4683,"train","6346","7583","6788","0.643","0.357","-2105","2105","44.95","9283","4293"
9,"2013-01-29",3941,"train","5071","6299","5509","0.643","0.357","-1568","1568","39.79","8004","3014"
9,"2013-01-30",4341,"train","4685","5923","5127","0.643","0.357","-786","786","18.11","7622","2632"
9,"2013-01-31",5098,"train","4657","5869","5090","0.643","0.357","8","8","0.16","7585","2595"
9,"2013-02-01",5610,"train","5329","6301","5676","0.643","0.357","-66","66","1.18","8171","3181"
9,"2013-02-02",5862,"train","4922","5898","5270","0.643","0.357","592","592","10.10","7765","2775"
9,"2013-02-04",7431,"train","6590","7583","6945","0.643","0.357","486","486","6.54","9440","4450"
9,"2013-02-05",6691,"train","5315","6299","5666","0.643","0.357","1025","1025","15.32","8161","3171"
9,"2013-02-06",6396,"train","4929","5923","5284","0.643","0.357","1112","1112","17.39","7779","2789"
9,"2013-02-07",5320,"train","4901","5869","5247","0.643","0.357","73","73","1.37","7742","2752"
9,"2013-02-08",5876,"train","5350","6301","5690","0.643","0.357","186","186","3.17","8185","3195"
9,"2013-02-09",5498,"train","4944","5898","5285","0.643","0.357","213","213","3.87","7780","2790"
9,"2013-02-11",3745,"train","6612","7583","6959","0.643","0.357","-3214","3214","85.82","9454","4464"
9,"2013-02-12",4570,"train","5336","6299","5680","0.643","0.357","-1110","1110","24.29","8175","3185"
9,"2013-02-13",4613,"train","4951","5923","5298","0.643","0.357","-685","685","14.85","7793","2803"
9,"2013-02-14",4491,"train","4923","5869","5261","0.643","0.357","-770","770","17.15","7756","2766"
9,"2013-02-15",4832,"train","5372","6301","5704","0.643","0.357","-872","872","18.05","8199","3209"
9,"2013-02-16",5292,"train","4966","5898","5299","0.643","0.357","-7","7","0.13","7794","2804"
9,"2013-02-18",6933,"train","6634","7583","6973","0.643","0.357","-40","40","0.58","9468","4478"
9,"2013-02-19",5713,"train","5358","6299","5694","0.643","0.357","19","19","0.33","8189","3199"
9,"2013-02-20",5231,"train","4973","5923","5312","0.643","0.357","-81","81","1.55","7807","2817"
9,"2013-02-21",5328,"train","4945","5869","5275","0.643","0.357","53","53","0.99","7770","2780"
9,"2013-02-22",5254,"train","5394","6301","5718","0.643","0.357","-464","464","8.83","8213","3223"
9,"2013-02-23",4676,"train","4988","5898","5313","0.643","0.357","-637","637","13.62","7808","2818"
9,"2013-02-25",4373,"train","6655","7583","6986","0.643","0.357","-2613","2613","59.75","9481","4491"
9,"2013-02-26",3925,"train","5380","6299","5708","0.643","0.357","-1783","1783","45.43","8203","3213"
9,"2013-02-27",4032,"train","4995","5923","5326","0.643","0.357","-1294","1294","32.09","7821","2831"
9,"2013-02-28",5134,"train","4966","5869","5288","0.643","0.357","-154","154","3.00","7783","2793"
9,"2013-03-01",5578,"train","5476","6301","5771","0.643","0.357","-193","193","3.46","8266","3276"
9,"2013-03-02",5505,"train","5070","5898","5366","0.643","0.357","139","139","2.52","7861","2871"
9,"2013-03-04",7785,"train","6737","7583","7039","0.643","0.357","746","746","9.58","9534","4544"
9,"2013-03-05",6108,"train","5462","6299","5761","0.643","0.357","347","347","5.68","8256","3266"
9,"2013-03-06",5988,"train","5077","5923","5379","0.643","0.357","609","609","10.17","7874","2884"
9,"2013-03-07",5227,"train","5048","5869","5341","0.643","0.357","-114","114","2.18","7836","2846"
9,"2013-03-08",5788,"train","5498","6301","5785","0.643","0.357","3","3","0.05","8280","3290"
9,"2013-03-09",5610,"train","5091","5898","5379","0.643","0.357","231","231","4.12","7874","2884"
9,"2013-03-11",4312,"train","6759","7583","7053","0.643","0.357","-2741","2741","63.57","9548","4558"
9,"2013-03-12",4258,"train","5484","6299","5775","0.643","0.357","-1517","1517","35.63","8270","3280"
9,"2013-03-13",4521,"train","5098","5923","5393","0.643","0.357","-872","872","19.29","7888","2898"
9,"2013-03-14",4229,"train","5070","5869","5355","0.643","0.357","-1126","1126","26.63","7850","2860"
9,"2013-03-15",4748,"train","5520","6301","5799","0.643","0.357","-1051","1051","22.14","8294","3304"
9,"2013-03-16",4642,"train","5113","5898","5393","0.643","0.357","-751","751","16.18","7888","2898"
9,"2013-03-18",7244,"train","6781","7583","7067","0.643","0.357","177","177","2.44","9562","4572"
9,"2013-03-19",5996,"train","5506","6299","5789","0.643","0.357","207","207","3.45","8284","3294"
9,"2013-03-20",5096,"train","5120","5923","5407","0.643","0.357","-311","311","6.10","7902","2912"
9,"2013-03-21",5414,"train","5092","5869","5369","0.643","0.357","45","45","0.83","7864","2874"
9,"2013-03-22",6215,"train","5542","6301","5813","0.643","0.357","402","402","6.47","8308","3318"
9,"2013-03-23",4557,"train","5135","5898","5407","0.643","0.357","-850","850","18.65","7902","2912"
9,"2013-03-25",6717,"train","6803","7583","7081","0.643","0.357","-364","364","5.42","9576","4586"
9,"2013-03-26",6257,"train","5527","6299","5803","0.643","0.357","454","454","7.26","8298","3308"
9,"2013-03-27",6816,"train","5142","5923","5421","0.643","0.357","1395","1395","20.47","7916","2926"
9,"2013-03-28",8515,"train","5114","5869","5384","0.643","0.357","3131","3131","36.77","7879","2889"
9,"2013-03-30",6457,"train","5153","5898","5419","0.643","0.357","1038","1038","16.08","7914","2924"
9,"2013-04-02",5762,"train","5375","6299","5705","0.643","0.357","57","57","0.99","8200","3210"
9,"2013-04-03",5048,"train","4990","5923","5323","0.643","0.357","-275","275","5.45","7818","2828"
9,"2013-04-04",4219,"train","4961","5869","5285","0.643","0.357","-1066","1066","25.27","7780","2790"
9,"2013-04-05",4623,"train","5411","6301","5729","0.643","0.357","-1106","1106","23.92","8224","3234"
9,"2013-04-06",5046,"train","5005","5898","5324","0.643","0.357","-278","278","5.51","7819","2829"
9,"2013-04-08",7024,"train","6672","7583","6997","0.643","0.357","27","27","0.38","9492","4502"
9,"2013-04-09",6101,"train","5397","6299","5719","0.643","0.357","382","382","6.26","8214","3224"
9,"2013-04-10",4779,"train","5012","5923","5337","0.643","0.357","-558","558","11.68","7832","2842"
9,"2013-04-11",5770,"train","4983","5869","5299","0.643","0.357","471","471","8.16","7794","2804"
9,"2013-04-12",6055,"train","5433","6301","5743","0.643","0.357","312","312","5.15","8238","3248"
9,"2013-04-13",4873,"train","5026","5898","5337","0.643","0.357","-464","464","9.52","7832","2842"
9,"2013-04-15",4665,"train","6694","7583","7011","0.643","0.357","-2346","2346","50.29","9506","4516"
9,"2013-04-16",4535,"train","5419","6299","5733","0.643","0.357","-1198","1198","26.42","8228","3238"
9,"2013-04-17",4227,"train","5033","5923","5351","0.643","0.357","-1124","1124","26.59","7846","2856"
9,"2013-04-18",4799,"train","5005","5869","5313","0.643","0.357","-514","514","10.71","7808","2818"
9,"2013-04-19",5359,"train","5455","6301","5757","0.643","0.357","-398","398","7.43","8252","3262"
9,"2013-04-20",4529,"train","5048","5898","5351","0.643","0.357","-822","822","18.15","7846","2856"
9,"2013-04-22",6622,"train","6716","7583","7026","0.643","0.357","-404","404","6.10","9521","4531"
9,"2013-04-23",6088,"train","5441","6299","5747","0.643","0.357","341","341","5.60","8242","3252"
9,"2013-04-24",5600,"train","5055","5923","5365","0.643","0.357","235","235","4.20","7860","2870"
9,"2013-04-25",4698,"train","5027","5869","5328","0.643","0.357","-630","630","13.41","7823","2833"
9,"2013-04-26",5643,"train","5476","6301","5771","0.643","0.357","-128","128","2.27","8266","3276"
9,"2013-04-27",5248,"train","5070","5898","5366","0.643","0.357","-118","118","2.25","7861","2871"
9,"2013-04-29",7440,"train","6738","7583","7040","0.643","0.357","400","400","5.38","9535","4545"
9,"2013-04-30",7441,"train","5462","6299","5761","0.643","0.357","1680","1680","22.58","8256","3266"
9,"2013-05-02",7734,"train","5190","5869","5432","0.643","0.357","2302","2302","29.76","7927","2937"
9,"2013-05-03",7080,"train","5640","6301","5876","0.643","0.357","1204","1204","17.01","8371","3381"
9,"2013-05-04",5656,"train","5233","5898","5470","0.643","0.357","186","186","3.29","7965","2975"
9,"2013-05-06",5292,"train","6901","7583","7144","0.643","0.357","-1852","1852","35.00","9639","4649"
9,"2013-05-07",4861,"train","5626","6299","5866","0.643","0.357","-1005","1005","20.67","8361","3371"
9,"2013-05-08",5972,"train","5240","5923","5484","0.643","0.357","488","488","8.17","7979","2989"
9,"2013-05-10",5966,"train","5658","6301","5888","0.643","0.357","78","78","1.31","8383","3393"
9,"2013-05-11",5021,"train","5252","5898","5483","0.643","0.357","-462","462","9.20","7978","2988"
9,"2013-05-13",6902,"train","6919","7583","7156","0.643","0.357","-254","254","3.68","9651","4661"
9,"2013-05-14",6414,"train","5644","6299","5878","0.643","0.357","536","536","8.36","8373","3383"
9,"2013-05-15",5735,"train","5258","5923","5495","0.643","0.357","240","240","4.18","7990","3000"
9,"2013-05-16",5497,"train","5230","5869","5458","0.643","0.357","39","39","0.71","7953","2963"
9,"2013-05-17",5511,"train","5680","6301","5902","0.643","0.357","-391","391","7.09","8397","3407"
9,"2013-05-18",5175,"train","5273","5898","5496","0.643","0.357","-321","321","6.20","7991","3001"
9,"2013-05-21",6111,"train","5662","6299","5889","0.643","0.357","222","222","3.63","8384","3394"
9,"2013-05-22",4727,"train","5277","5923","5508","0.643","0.357","-781","781","16.52","8003","3013"
9,"2013-05-23",3948,"train","5248","5869","5470","0.643","0.357","-1522","1522","38.55","7965","2975"
9,"2013-05-24",4678,"train","5698","6301","5913","0.643","0.357","-1235","1235","26.40","8408","3418"
9,"2013-05-25",5562,"train","5292","5898","5508","0.643","0.357","54","54","0.97","8003","3013"
9,"2013-05-27",7262,"train","6959","7583","7182","0.643","0.357","80","80","1.10","9677","4687"
9,"2013-05-28",6044,"train","5684","6299","5904","0.643","0.357","140","140","2.32","8399","3409"
9,"2013-05-29",6863,"train","5298","5923","5521","0.643","0.357","1342","1342","19.55","8016","3026"
9,"2013-05-31",8529,"train","5716","6301","5925","0.643","0.357","2604","2604","30.53","8420","3430"
9,"2013-06-01",5321,"train","5276","5898","5498","0.643","0.357","-177","177","3.33","7993","3003"
9,"2013-06-03",7387,"train","6943","7583","7171","0.643","0.357","216","216","2.92","9666","4676"
9,"2013-06-04",5728,"train","5668","6299","5893","0.643","0.357","-165","165","2.88","8388","3398"
9,"2013-06-05",5090,"train","5283","5923","5511","0.643","0.357","-421","421","8.27","8006","3016"
9,"2013-06-06",4997,"train","5254","5869","5474","0.643","0.357","-477","477","9.55","7969","2979"
9,"2013-06-07",6058,"train","5704","6301","5917","0.643","0.357","141","141","2.33","8412","3422"
9,"2013-06-08",5366,"train","5298","5898","5512","0.643","0.357","-146","146","2.72","8007","3017"
9,"2013-06-10",5330,"train","6965","7583","7186","0.643","0.357","-1856","1856","34.82","9681","4691"
9,"2013-06-11",4559,"train","5690","6299","5907","0.643","0.357","-1348","1348","29.57","8402","3412"
9,"2013-06-12",4308,"train","5305","5923","5526","0.643","0.357","-1218","1218","28.27","8021","3031"
9,"2013-06-13",4880,"train","5276","5869","5488","0.643","0.357","-608","608","12.46","7983","2993"
9,"2013-06-14",4919,"train","5726","6301","5931","0.643","0.357","-1012","1012","20.57","8426","3436"
9,"2013-06-15",5094,"train","5319","5898","5526","0.643","0.357","-432","432","8.48","8021","3031"
9,"2013-06-17",7704,"train","6987","7583","7200","0.643","0.357","504","504","6.54","9695","4705"
9,"2013-06-18",6040,"train","5712","6299","5922","0.643","0.357","118","118","1.95","8417","3427"
9,"2013-06-19",5116,"train","5326","5923","5539","0.643","0.357","-423","423","8.27","8034","3044"
9,"2013-06-20",5400,"train","5298","5869","5502","0.643","0.357","-102","102","1.89","7997","3007"
9,"2013-06-21",5515,"train","5748","6301","5945","0.643","0.357","-430","430","7.80","8440","3450"
9,"2013-06-22",4731,"train","5341","5898","5540","0.643","0.357","-809","809","17.10","8035","3045"
9,"2013-06-24",5291,"train","7009","7583","7214","0.643","0.357","-1923","1923","36.34","9709","4719"
9,"2013-06-25",5078,"train","5734","6299","5936","0.643","0.357","-858","858","16.90","8431","3441"
9,"2013-06-26",4255,"train","5348","5923","5553","0.643","0.357","-1298","1298","30.51","8048","3058"
9,"2013-06-27",4983,"train","5320","5869","5516","0.643","0.357","-533","533","10.70","8011","3021"
9,"2013-06-28",5358,"train","5769","6301","5959","0.643","0.357","-601","601","11.22","8454","3464"
9,"2013-06-29",6041,"train","5363","5898","5554","0.643","0.357","487","487","8.06","8049","3059"
9,"2013-07-01",7929,"train","6960","7583","7182","0.643","0.357","747","747","9.42","9677","4687"
9,"2013-07-02",6950,"train","5684","6299","5904","0.643","0.357","1046","1046","15.05","8399","3409"
9,"2013-07-03",6141,"train","5299","5923","5522","0.643","0.357","619","619","10.08","8017","3027"
9,"2013-07-04",5678,"train","5271","5869","5484","0.643","0.357","194","194","3.42","7979","2989"
9,"2013-07-05",6015,"train","5720","6301","5927","0.643","0.357","88","88","1.46","8422","3432"
9,"2013-07-06",4996,"train","5314","5898","5522","0.643","0.357","-526","526","10.53","8017","3027"
9,"2013-07-08",5226,"train","6982","7583","7197","0.643","0.357","-1971","1971","37.72","9692","4702"
9,"2013-07-09",4720,"train","5706","6299","5918","0.643","0.357","-1198","1198","25.38","8413","3423"
9,"2013-07-10",4495,"train","5321","5923","5536","0.643","0.357","-1041","1041","23.16","8031","3041"
9,"2013-07-11",5185,"train","5293","5869","5499","0.643","0.357","-314","314","6.06","7994","3004"
9,"2013-07-12",5114,"train","5742","6301","5942","0.643","0.357","-828","828","16.19","8437","3447"
9,"2013-07-13",4944,"train","5336","5898","5537","0.643","0.357","-593","593","11.99","8032","3042"
9,"2013-07-15",9208,"train","7003","7583","7210","0.643","0.357","1998","1998","21.70","9705","4715"
9,"2013-07-16",8576,"train","5728","6299","5932","0.643","0.357","2644","2644","30.83","8427","3437"
9,"2013-07-17",7542,"train","5343","5923","5550","0.643","0.357","1992","1992","26.41","8045","3055"
9,"2013-07-18",7334,"train","5314","5869","5512","0.643","0.357","1822","1822","24.84","8007","3017"
9,"2013-07-19",7820,"train","5764","6301","5956","0.643","0.357","1864","1864","23.84","8451","3461"
9,"2013-07-20",6220,"train","5358","5898","5551","0.643","0.357","669","669","10.76","8046","3056"
9,"2013-07-22",5150,"train","7025","7583","7224","0.643","0.357","-2074","2074","40.27","9719","4729"
9,"2013-07-23",5113,"train","5750","6299","5946","0.643","0.357","-833","833","16.29","8441","3451"
9,"2013-07-24",4845,"train","5365","5923","5564","0.643","0.357","-719","719","14.84","8059","3069"
9,"2013-07-25",5010,"train","5336","5869","5526","0.643","0.357","-516","516","10.30","8021","3031"
9,"2013-07-26",5007,"train","5786","6301","5970","0.643","0.357","-963","963","19.23","8465","3475"
9,"2013-07-27",4153,"train","5379","5898","5564","0.643","0.357","-1411","1411","33.98","8059","3069"
9,"2013-07-29",8148,"train","7047","7583","7238","0.643","0.357","910","910","11.17","9733","4743"
9,"2013-07-30",6403,"train","5772","6299","5960","0.643","0.357","443","443","6.92","8455","3465"
9,"2013-07-31",6564,"train","5386","5923","5578","0.643","0.357","986","986","15.02","8073","3083"
9,"2013-08-01",6323,"train","5067","5869","5353","0.643","0.357","970","970","15.34","7848","2858"
9,"2013-08-02",5790,"train","5517","6301","5797","0.643","0.357","-7","7","0.12","8292","3302"
9,"2013-08-03",4893,"train","5110","5898","5391","0.643","0.357","-498","498","10.18","7886","2896"
9,"2013-08-05",5455,"train","6778","7583","7065","0.643","0.357","-1610","1610","29.51","9560","4570"
9,"2013-08-06",4922,"train","5503","6299","5787","0.643","0.357","-865","865","17.57","8282","3292"
9,"2013-08-07",4709,"train","5117","5923","5405","0.643","0.357","-696","696","14.78","7900","2910"
9,"2013-08-08",4664,"train","5089","5869","5367","0.643","0.357","-703","703","15.07","7862","2872"
9,"2013-08-09",5206,"train","5539","6301","5811","0.643","0.357","-605","605","11.62","8306","3316"
9,"2013-08-10",4838,"train","5132","5898","5405","0.643","0.357","-567","567","11.72","7900","2910"
9,"2013-08-12",9376,"train","6800","7583","7080","0.643","0.357","2296","2296","24.49","9575","4585"
9,"2013-08-13",5957,"train","5524","6299","5801","0.643","0.357","156","156","2.62","8296","3306"
9,"2013-08-14",5910,"train","5139","5923","5419","0.643","0.357","491","491","8.31","7914","2924"
9,"2013-08-15",5633,"train","5111","5869","5382","0.643","0.357","251","251","4.46","7877","2887"
9,"2013-08-16",5274,"train","5560","6301","5825","0.643","0.357","-551","551","10.45","8320","3330"
9,"2013-08-17",4416,"train","5154","5898","5420","0.643","0.357","-1004","1004","22.74","7915","2925"
9,"2013-08-19",4838,"train","6822","7583","7094","0.643","0.357","-2256","2256","46.63","9589","4599"
9,"2013-08-20",4939,"train","5546","6299","5815","0.643","0.357","-876","876","17.74","8310","3320"
9,"2013-08-21",4177,"train","5161","5923","5433","0.643","0.357","-1256","1256","30.07","7928","2938"
9,"2013-08-22",5039,"train","5133","5869","5396","0.643","0.357","-357","357","7.08","7891","2901"
9,"2013-08-23",4566,"train","5582","6301","5839","0.643","0.357","-1273","1273","27.88","8334","3344"
9,"2013-08-24",4092,"train","5176","5898","5434","0.643","0.357","-1342","1342","32.80","7929","2939"
9,"2013-08-26",8848,"train","6843","7583","7107","0.643","0.357","1741","1741","19.68","9602","4612"
9,"2013-08-27",6421,"train","5568","6299","5829","0.643","0.357","592","592","9.22","8324","3334"
9,"2013-08-28",5485,"train","5183","5923","5447","0.643","0.357","38","38","0.69","7942","2952"
9,"2013-08-29",6679,"train","5154","5869","5409","0.643","0.357","1270","1270","19.01","7904","2914"
9,"2013-08-30",6553,"train","5604","6301","5853","0.643","0.357","700","700","10.68","8348","3358"
9,"2013-08-31",5644,"train","5198","5898","5448","0.643","0.357","196","196","3.47","7943","2953"
9,"2013-09-02",6509,"train","6831","7583","7099","0.643","0.357","-590","590","9.06","9594","4604"
9,"2013-09-03",4986,"train","5556","6299","5821","0.643","0.357","-835","835","16.75","8316","3326"
9,"2013-09-04",5472,"train","5171","5923","5439","0.643","0.357","33","33","0.60","7934","2944"
9,"2013-09-05",4588,"train","5142","5869","5402","0.643","0.357","-814","814","17.74","7897","2907"
9,"2013-09-06",5272,"train","5592","6301","5845","0.643","0.357","-573","573","10.87","8340","3350"
9,"2013-09-07",5352,"train","5186","5898","5440","0.643","0.357","-88","88","1.64","7935","2945"
9,"2013-09-09",9247,"train","6853","7583","7114","0.643","0.357","2133","2133","23.07","9609","4619"
9,"2013-09-10",6218,"train","5578","6299","5835","0.643","0.357","383","383","6.16","8330","3340"
9,"2013-09-11",6617,"train","5192","5923","5453","0.643","0.357","1164","1164","17.59","7948","2958"
9,"2013-09-12",5867,"train","5164","5869","5416","0.643","0.357","451","451","7.69","7911","2921"
9,"2013-09-13",6550,"train","5614","6301","5859","0.643","0.357","691","691","10.55","8354","3364"
9,"2013-09-14",4735,"train","5207","5898","5454","0.643","0.357","-719","719","15.18","7949","2959"
9,"2013-09-16",5165,"train","6875","7583","7128","0.643","0.357","-1963","1963","38.01","9623","4633"
9,"2013-09-17",4830,"train","5600","6299","5850","0.643","0.357","-1020","1020","21.12","8345","3355"
9,"2013-09-18",4693,"train","5214","5923","5467","0.643","0.357","-774","774","16.49","7962","2972"
9,"2013-09-19",4677,"train","5186","5869","5430","0.643","0.357","-753","753","16.10","7925","2935"
9,"2013-09-20",4859,"train","5636","6301","5873","0.643","0.357","-1014","1014","20.87","8368","3378"
9,"2013-09-21",4782,"train","5229","5898","5468","0.643","0.357","-686","686","14.35","7963","2973"
9,"2013-09-23",7903,"train","6897","7583","7142","0.643","0.357","761","761","9.63","9637","4647"
9,"2013-09-24",5854,"train","5621","6299","5863","0.643","0.357","-9","9","0.15","8358","3368"
9,"2013-09-25",5199,"train","5236","5923","5481","0.643","0.357","-282","282","5.42","7976","2986"
9,"2013-09-26",5216,"train","5208","5869","5444","0.643","0.357","-228","228","4.37","7939","2949"
9,"2013-09-27",5650,"train","5657","6301","5887","0.643","0.357","-237","237","4.19","8382","3392"
9,"2013-09-28",5174,"train","5251","5898","5482","0.643","0.357","-308","308","5.95","7977","2987"
9,"2013-09-30",6511,"train","6919","7583","7156","0.643","0.357","-645","645","9.91","9651","4661"
9,"2013-10-01",5891,"train","5656","6299","5886","0.643","0.357","5","5","0.08","8381","3391"
9,"2013-10-02",6187,"train","5271","5923","5504","0.643","0.357","683","683","11.04","7999","3009"
9,"2013-10-04",6924,"train","5689","6301","5907","0.643","0.357","1017","1017","14.69","8402","3412"
9,"2013-10-05",5238,"train","5282","5898","5502","0.643","0.357","-264","264","5.04","7997","3007"
9,"2013-10-07",9089,"train","6950","7583","7176","0.643","0.357","1913","1913","21.05","9671","4681"
9,"2013-10-08",7291,"train","5675","6299","5898","0.643","0.357","1393","1393","19.11","8393","3403"
9,"2013-10-09",6123,"train","5289","5923","5515","0.643","0.357","608","608","9.93","8010","3020"
9,"2013-10-10",5610,"train","5261","5869","5478","0.643","0.357","132","132","2.35","7973","2983"
9,"2013-10-11",5723,"train","5710","6301","5921","0.643","0.357","-198","198","3.46","8416","3426"
9,"2013-10-12",5946,"train","5304","5898","5516","0.643","0.357","430","430","7.23","8011","3021"
9,"2013-10-14",5433,"train","6972","7583","7190","0.643","0.357","-1757","1757","32.34","9685","4695"
9,"2013-10-15",4459,"train","5696","6299","5911","0.643","0.357","-1452","1452","32.56","8406","3416"
9,"2013-10-16",5548,"train","5311","5923","5529","0.643","0.357","19","19","0.34","8024","3034"
9,"2013-10-17",4357,"train","5283","5869","5492","0.643","0.357","-1135","1135","26.05","7987","2997"
9,"2013-10-18",5020,"train","5732","6301","5935","0.643","0.357","-915","915","18.23","8430","3440"
9,"2013-10-19",4992,"train","5326","5898","5530","0.643","0.357","-538","538","10.78","8025","3035"
9,"2013-10-21",8308,"train","6994","7583","7204","0.643","0.357","1104","1104","13.29","9699","4709"
9,"2013-10-22",5780,"train","5718","6299","5925","0.643","0.357","-145","145","2.51","8420","3430"
9,"2013-10-23",5363,"train","5333","5923","5544","0.643","0.357","-181","181","3.37","8039","3049"
9,"2013-10-24",5719,"train","5304","5869","5506","0.643","0.357","213","213","3.72","8001","3011"
9,"2013-10-25",5281,"train","5754","6301","5949","0.643","0.357","-668","668","12.65","8444","3454"
9,"2013-10-26",5093,"train","5348","5898","5544","0.643","0.357","-451","451","8.86","8039","3049"
9,"2013-10-28",5441,"train","7015","7583","7218","0.643","0.357","-1777","1777","32.66","9713","4723"
9,"2013-10-29",4654,"train","5740","6299","5940","0.643","0.357","-1286","1286","27.63","8435","3445"
9,"2013-10-30",4801,"train","5355","5923","5558","0.643","0.357","-757","757","15.77","8053","3063"
9,"2013-10-31",6239,"train","5326","5869","5520","0.643","0.357","719","719","11.52","8015","3025"
9,"2013-11-02",6643,"train","5838","5898","5859","0.643","0.357","784","784","11.80","8354","3364"
9,"2013-11-04",8701,"train","7506","7583","7533","0.643","0.357","1168","1168","13.42","10028","5038"
9,"2013-11-05",7619,"train","6230","6299","6255","0.643","0.357","1364","1364","17.90","8750","3760"
9,"2013-11-06",6075,"train","5845","5923","5873","0.643","0.357","202","202","3.33","8368","3378"
9,"2013-11-07",5415,"train","5817","5869","5836","0.643","0.357","-421","421","7.77","8331","3341"
9,"2013-11-08",6853,"train","6266","6301","6278","0.643","0.357","575","575","8.39","8773","3783"
9,"2013-11-09",6122,"train","5860","5898","5874","0.643","0.357","248","248","4.05","8369","3379"
9,"2013-11-11",5273,"train","7527","7583","7547","0.643","0.357","-2274","2274","43.13","10042","5052"
9,"2013-11-12",4361,"train","6252","6299","6269","0.643","0.357","-1908","1908","43.75","8764","3774"
9,"2013-11-13",4870,"train","5867","5923","5887","0.643","0.357","-1017","1017","20.88","8382","3392"
9,"2013-11-14",5065,"train","5838","5869","5849","0.643","0.357","-784","784","15.48","8344","3354"
9,"2013-11-15",5074,"train","6288","6301","6293","0.643","0.357","-1219","1219","24.02","8788","3798"
9,"2013-11-16",5304,"train","5882","5898","5888","0.643","0.357","-584","584","11.01","8383","3393"
9,"2013-11-18",8200,"train","7549","7583","7561","0.643","0.357","639","639","7.79","10056","5066"
9,"2013-11-19",6914,"train","6274","6299","6283","0.643","0.357","631","631","9.13","8778","3788"
9,"2013-11-20",6310,"train","5889","5923","5901","0.643","0.357","409","409","6.48","8396","3406"
9,"2013-11-21",5834,"train","5860","5869","5863","0.643","0.357","-29","29","0.50","8358","3368"
9,"2013-11-22",5949,"train","6310","6301","6307","0.643","0.357","-358","358","6.02","8802","3812"
9,"2013-11-23",5507,"train","5903","5898","5901","0.643","0.357","-394","394","7.15","8396","3406"
9,"2013-11-25",5004,"train","7571","7583","7575","0.643","0.357","-2571","2571","51.38","10070","5080"
9,"2013-11-26",5053,"train","6296","6299","6297","0.643","0.357","-1244","1244","24.62","8792","3802"
9,"2013-11-27",4971,"train","5910","5923","5915","0.643","0.357","-944","944","18.99","8410","3420"
9,"2013-11-28",6264,"train","5882","5869","5877","0.643","0.357","387","387","6.18","8372","3382"
9,"2013-11-29",5741,"train","6332","6301","6321","0.643","0.357","-580","580","10.10","8816","3826"
9,"2013-11-30",8052,"train","5925","5898","5915","0.643","0.357","2137","2137","26.54","8410","3420"
9,"2013-12-02",8623,"train","8397","7583","8106","0.643","0.357","517","517","6.00","10601","5611"
9,"2013-12-03",7711,"train","7122","6299","6828","0.643","0.357","883","883","11.45","9323","4333"
9,"2013-12-04",6470,"train","6736","5923","6446","0.643","0.357","24","24","0.37","8941","3951"
9,"2013-12-05",6715,"train","6708","5869","6408","0.643","0.357","307","307","4.57","8903","3913"
9,"2013-12-06",6466,"train","7158","6301","6852","0.643","0.357","-386","386","5.97","9347","4357"
9,"2013-12-07",7046,"train","6751","5898","6446","0.643","0.357","600","600","8.52","8941","3951"
9,"2013-12-09",6350,"train","8419","7583","8121","0.643","0.357","-1771","1771","27.89","10616","5626"
9,"2013-12-10",5725,"train","7143","6299","6842","0.643","0.357","-1117","1117","19.51","9337","4347"
9,"2013-12-11",5635,"train","6758","5923","6460","0.643","0.357","-825","825","14.64","8955","3965"
9,"2013-12-12",5296,"train","6730","5869","6423","0.643","0.357","-1127","1127","21.28","8918","3928"
9,"2013-12-13",5633,"train","7179","6301","6866","0.643","0.357","-1233","1233","21.89","9361","4371"
9,"2013-12-14",6208,"train","6773","5898","6461","0.643","0.357","-253","253","4.08","8956","3966"
9,"2013-12-16",11444,"train","8441","7583","8135","0.643","0.357","3309","3309","28.91","10630","5640"
9,"2013-12-17",9620,"train","7165","6299","6856","0.643","0.357","2764","2764","28.73","9351","4361"
9,"2013-12-18",8672,"train","6780","5923","6474","0.643","0.357","2198","2198","25.35","8969","3979"
9,"2013-12-19",8222,"train","6752","5869","6437","0.643","0.357","1785","1785","21.71","8932","3942"
9,"2013-12-20",9849,"train","7201","6301","6880","0.643","0.357","2969","2969","30.15","9375","4385"
9,"2013-12-21",9456,"train","6795","5898","6475","0.643","0.357","2981","2981","31.52","8970","3980"
9,"2013-12-23",11032,"train","8463","7583","8149","0.643","0.357","2883","2883","26.13","10644","5654"
9,"2013-12-24",3932,"train","7187","6299","6870","0.643","0.357","-2938","2938","74.72","9365","4375"
9,"2013-12-27",6141,"train","7216","6301","6889","0.643","0.357","-748","748","12.18","9384","4394"
9,"2013-12-28",5981,"train","6809","5898","6484","0.643","0.357","-503","503","8.41","8979","3989"
9,"2013-12-30",8034,"train","8477","7583","8158","0.643","0.357","-124","124","1.54","10653","5663"
9,"2013-12-31",4302,"train","7202","6299","6880","0.643","0.357","-2578","2578","59.93","9375","4385"
9,"2014-01-02",5585,"train","5665","5869","5738","0.643","0.357","-153","153","2.74","8233","3243"
9,"2014-01-03",6054,"train","6115","6301","6181","0.643","0.357","-127","127","2.10","8676","3686"
9,"2014-01-04",6695,"train","5709","5898","5776","0.643","0.357","919","919","13.73","8271","3281"
9,"2014-01-06",9920,"train","7376","7583","7450","0.643","0.357","2470","2470","24.90","9945","4955"
9,"2014-01-07",7671,"train","6101","6299","6172","0.643","0.357","1499","1499","19.54","8667","3677"
9,"2014-01-08",6620,"train","5716","5923","5790","0.643","0.357","830","830","12.54","8285","3295"
9,"2014-01-09",5415,"train","5687","5869","5752","0.643","0.357","-337","337","6.22","8247","3257"
9,"2014-01-10",6710,"train","6137","6301","6196","0.643","0.357","514","514","7.66","8691","3701"
9,"2014-01-11",5903,"train","5730","5898","5790","0.643","0.357","113","113","1.91","8285","3295"
9,"2014-01-13",6004,"train","7398","7583","7464","0.643","0.357","-1460","1460","24.32","9959","4969"
9,"2014-01-14",5218,"train","6123","6299","6186","0.643","0.357","-968","968","18.55","8681","3691"
9,"2014-01-15",4830,"train","5737","5923","5803","0.643","0.357","-973","973","20.14","8298","3308"
9,"2014-01-16",4868,"train","5709","5869","5766","0.643","0.357","-898","898","18.45","8261","3271"
9,"2014-01-17",5936,"train","6159","6301","6210","0.643","0.357","-274","274","4.62","8705","3715"
9,"2014-01-18",6118,"train","5752","5898","5804","0.643","0.357","314","314","5.13","8299","3309"
9,"2014-01-20",10173,"train","7420","7583","7478","0.643","0.357","2695","2695","26.49","9973","4983"
9,"2014-01-21",7391,"train","6145","6299","6200","0.643","0.357","1191","1191","16.11","8695","3705"
9,"2014-01-22",6256,"train","5759","5923","5818","0.643","0.357","438","438","7.00","8313","3323"
9,"2014-01-23",5800,"train","5731","5869","5780","0.643","0.357","20","20","0.34","8275","3285"
9,"2014-01-24",6769,"train","6181","6301","6224","0.643","0.357","545","545","8.05","8719","3729"
9,"2014-01-25",6031,"train","5774","5898","5818","0.643","0.357","213","213","3.53","8313","3323"
9,"2014-01-27",5095,"train","7442","7583","7492","0.643","0.357","-2397","2397","47.05","9987","4997"
9,"2014-01-28",4651,"train","6166","6299","6213","0.643","0.357","-1562","1562","33.58","8708","3718"
9,"2014-01-29",4571,"train","5781","5923","5832","0.643","0.357","-1261","1261","27.59","8327","3337"
9,"2014-01-30",4651,"train","5753","5869","5794","0.643","0.357","-1143","1143","24.58","8289","3299"
9,"2014-01-31",6715,"train","6202","6301","6237","0.643","0.357","478","478","7.12","8732","3742"
9,"2014-02-01",6584,"train","6018","5898","5975","0.643","0.357","609","609","9.25","8470","3480"
9,"2014-02-03",10646,"train","7686","7583","7649","0.643","0.357","2997","2997","28.15","10144","5154"
9,"2014-02-04",8236,"train","6410","6299","6370","0.643","0.357","1866","1866","22.66","8865","3875"
9,"2014-02-05",7514,"train","6025","5923","5989","0.643","0.357","1525","1525","20.30","8484","3494"
9,"2014-02-06",7008,"train","5997","5869","5951","0.643","0.357","1057","1057","15.08","8446","3456"
9,"2014-02-07",6345,"train","6446","6301","6394","0.643","0.357","-49","49","0.77","8889","3899"
9,"2014-02-08",5729,"train","6040","5898","5989","0.643","0.357","-260","260","4.54","8484","3494"
9,"2014-02-10",5904,"train","7707","7583","7663","0.643","0.357","-1759","1759","29.79","10158","5168"
9,"2014-02-11",5051,"train","6432","6299","6385","0.643","0.357","-1334","1334","26.41","8880","3890"
9,"2014-02-12",5070,"train","6047","5923","6003","0.643","0.357","-933","933","18.40","8498","3508"
9,"2014-02-13",5345,"train","6018","5869","5965","0.643","0.357","-620","620","11.60","8460","3470"
9,"2014-02-14",5567,"train","6468","6301","6408","0.643","0.357","-841","841","15.11","8903","3913"
9,"2014-02-15",5972,"train","6062","5898","6003","0.643","0.357","-31","31","0.52","8498","3508"
9,"2014-02-17",10145,"train","7729","7583","7677","0.643","0.357","2468","2468","24.33","10172","5182"
9,"2014-02-18",7663,"train","6454","6299","6399","0.643","0.357","1264","1264","16.49","8894","3904"
9,"2014-02-19",6526,"train","6069","5923","6017","0.643","0.357","509","509","7.80","8512","3522"
9,"2014-02-20",6259,"train","6040","5869","5979","0.643","0.357","280","280","4.47","8474","3484"
9,"2014-02-21",6381,"train","6490","6301","6423","0.643","0.357","-42","42","0.66","8918","3928"
9,"2014-02-22",6734,"train","6084","5898","6018","0.643","0.357","716","716","10.63","8513","3523"
9,"2014-02-24",5880,"train","7751","7583","7691","0.643","0.357","-1811","1811","30.80","10186","5196"
9,"2014-02-25",4904,"train","6476","6299","6413","0.643","0.357","-1509","1509","30.77","8908","3918"
9,"2014-02-26",5627,"train","6090","5923","6030","0.643","0.357","-403","403","7.16","8525","3535"
9,"2014-02-27",5727,"train","6062","5869","5993","0.643","0.357","-266","266","4.64","8488","3498"
9,"2014-02-28",6249,"train","6512","6301","6437","0.643","0.357","-188","188","3.01","8932","3942"
9,"2014-03-01",6913,"train","6165","5898","6070","0.643","0.357","843","843","12.19","8565","3575"
9,"2014-03-03",9434,"train","7833","7583","7744","0.643","0.357","1690","1690","17.91","10239","5249"
9,"2014-03-04",8175,"train","6558","6299","6466","0.643","0.357","1709","1709","20.91","8961","3971"
9,"2014-03-05",7671,"train","6172","5923","6083","0.643","0.357","1588","1588","20.70","8578","3588"
9,"2014-03-06",6828,"train","6144","5869","6046","0.643","0.357","782","782","11.45","8541","3551"
9,"2014-03-07",6708,"train","6594","6301","6489","0.643","0.357","219","219","3.26","8984","3994"
9,"2014-03-08",5405,"train","6187","5898","6084","0.643","0.357","-679","679","12.56","8579","3589"
9,"2014-03-10",6280,"train","7855","7583","7758","0.643","0.357","-1478","1478","23.54","10253","5263"
9,"2014-03-11",5506,"train","6579","6299","6479","0.643","0.357","-973","973","17.67","8974","3984"
9,"2014-03-12",4881,"train","6194","5923","6097","0.643","0.357","-1216","1216","24.91","8592","3602"
9,"2014-03-13",5441,"train","6166","5869","6060","0.643","0.357","-619","619","11.38","8555","3565"
9,"2014-03-14",5987,"train","6615","6301","6503","0.643","0.357","-516","516","8.62","8998","4008"
9,"2014-03-15",6799,"train","6209","5898","6098","0.643","0.357","701","701","10.31","8593","3603"
9,"2014-03-17",9167,"train","7877","7583","7772","0.643","0.357","1395","1395","15.22","10267","5277"
9,"2014-03-18",7380,"train","6601","6299","6493","0.643","0.357","887","887","12.02","8988","3998"
9,"2014-03-19",6400,"train","6216","5923","6111","0.643","0.357","289","289","4.52","8606","3616"
9,"2014-03-20",5894,"train","6188","5869","6074","0.643","0.357","-180","180","3.05","8569","3579"
9,"2014-03-21",6227,"train","6637","6301","6517","0.643","0.357","-290","290","4.66","9012","4022"
9,"2014-03-22",5776,"train","6231","5898","6112","0.643","0.357","-336","336","5.82","8607","3617"
9,"2014-03-24",5253,"train","7899","7583","7786","0.643","0.357","-2533","2533","48.22","10281","5291"
9,"2014-03-25",4840,"train","6623","6299","6507","0.643","0.357","-1667","1667","34.44","9002","4012"
9,"2014-03-26",4459,"train","6238","5923","6126","0.643","0.357","-1667","1667","37.39","8621","3631"
9,"2014-03-27",4744,"train","6209","5869","6088","0.643","0.357","-1344","1344","28.33","8583","3593"
9,"2014-03-28",5392,"train","6659","6301","6531","0.643","0.357","-1139","1139","21.12","9026","4036"
9,"2014-03-29",5302,"train","6253","5898","6126","0.643","0.357","-824","824","15.54","8621","3631"
9,"2014-03-31",9405,"train","7920","7583","7800","0.643","0.357","1605","1605","17.07","10295","5305"
9,"2014-04-01",7152,"train","6478","6299","6414","0.643","0.357","738","738","10.32","8909","3919"
9,"2014-04-02",6851,"train","6093","5923","6032","0.643","0.357","819","819","11.95","8527","3537"
9,"2014-04-03",6139,"train","6064","5869","5994","0.643","0.357","145","145","2.36","8489","3499"
9,"2014-04-04",7112,"train","6514","6301","6438","0.643","0.357","674","674","9.48","8933","3943"
9,"2014-04-05",5996,"train","6108","5898","6033","0.643","0.357","-37","37","0.62","8528","3538"
9,"2014-04-07",6753,"train","7775","7583","7706","0.643","0.357","-953","953","14.11","10201","5211"
9,"2014-04-08",5137,"train","6500","6299","6428","0.643","0.357","-1291","1291","25.13","8923","3933"
9,"2014-04-09",5492,"train","6114","5923","6046","0.643","0.357","-554","554","10.09","8541","3551"
9,"2014-04-10",5367,"train","6086","5869","6009","0.643","0.357","-642","642","11.96","8504","3514"
9,"2014-04-11",5426,"train","6536","6301","6452","0.643","0.357","-1026","1026","18.91","8947","3957"
9,"2014-04-12",5998,"train","6129","5898","6047","0.643","0.357","-49","49","0.82","8542","3552"
9,"2014-04-14",9731,"train","7797","7583","7721","0.643","0.357","2010","2010","20.66","10216","5226"
9,"2014-04-15",8318,"train","6522","6299","6442","0.643","0.357","1876","1876","22.55","8937","3947"
9,"2014-04-16",7135,"train","6136","5923","6060","0.643","0.357","1075","1075","15.07","8555","3565"
9,"2014-04-17",7819,"train","6108","5869","6023","0.643","0.357","1796","1796","22.97","8518","3528"
9,"2014-04-19",6885,"train","6148","5898","6059","0.643","0.357","826","826","12.00","8554","3564"
9,"2014-04-22",5451,"train","6536","6299","6451","0.643","0.357","-1000","1000","18.35","8946","3956"
9,"2014-04-23",4613,"train","6151","5923","6070","0.643","0.357","-1457","1457","31.58","8565","3575"
9,"2014-04-24",4646,"train","6123","5869","6032","0.643","0.357","-1386","1386","29.83","8527","3537"
9,"2014-04-25",4599,"train","6572","6301","6475","0.643","0.357","-1876","1876","40.79","8970","3980"
9,"2014-04-26",5970,"train","6166","5898","6070","0.643","0.357","-100","100","1.68","8565","3575"
9,"2014-04-28",8390,"train","7833","7583","7744","0.643","0.357","646","646","7.70","10239","5249"
9,"2014-04-29",7872,"train","6558","6299","6466","0.643","0.357","1406","1406","17.86","8961","3971"
9,"2014-04-30",7812,"train","6173","5923","6084","0.643","0.357","1728","1728","22.12","8579","3589"
9,"2014-05-02",9004,"train","6735","6301","6580","0.643","0.357","2424","2424","26.92","9075","4085"
9,"2014-05-03",5975,"train","6329","5898","6175","0.643","0.357","-200","200","3.35","8670","3680"
9,"2014-05-05",9326,"train","7997","7583","7849","0.643","0.357","1477","1477","15.84","10344","5354"
9,"2014-05-06",7348,"train","6721","6299","6570","0.643","0.357","778","778","10.59","9065","4075"
9,"2014-05-07",7271,"train","6336","5923","6189","0.643","0.357","1082","1082","14.88","8684","3694"
9,"2014-05-08",6325,"train","6308","5869","6151","0.643","0.357","174","174","2.75","8646","3656"
9,"2014-05-09",6718,"train","6757","6301","6594","0.643","0.357","124","124","1.85","9089","4099"
9,"2014-05-10",5898,"train","6351","5898","6189","0.643","0.357","-291","291","4.93","8684","3694"
9,"2014-05-12",6028,"train","8018","7583","7863","0.643","0.357","-1835","1835","30.44","10358","5368"
9,"2014-05-13",5398,"train","6743","6299","6584","0.643","0.357","-1186","1186","21.97","9079","4089"
9,"2014-05-14",4589,"train","6358","5923","6203","0.643","0.357","-1614","1614","35.17","8698","3708"
9,"2014-05-15",5650,"train","6329","5869","6165","0.643","0.357","-515","515","9.12","8660","3670"
9,"2014-05-16",5806,"train","6779","6301","6608","0.643","0.357","-802","802","13.81","9103","4113"
9,"2014-05-17",5333,"train","6373","5898","6203","0.643","0.357","-870","870","16.31","8698","3708"
9,"2014-05-19",8557,"train","8040","7583","7877","0.643","0.357","680","680","7.95","10372","5382"
9,"2014-05-20",6740,"train","6765","6299","6599","0.643","0.357","141","141","2.09","9094","4104"
9,"2014-05-21",6174,"train","6380","5923","6217","0.643","0.357","-43","43","0.70","8712","3722"
9,"2014-05-22",5849,"train","6351","5869","6179","0.643","0.357","-330","330","5.64","8674","3684"
9,"2014-05-23",6776,"train","6801","6301","6623","0.643","0.357","153","153","2.26","9118","4128"
9,"2014-05-24",6528,"train","6395","5898","6218","0.643","0.357","310","310","4.75","8713","3723"
9,"2014-05-26",5037,"train","8062","7583","7891","0.643","0.357","-2854","2854","56.66","10386","5396"
9,"2014-05-27",6037,"train","6787","6299","6613","0.643","0.357","-576","576","9.54","9108","4118"
9,"2014-05-28",6645,"train","6401","5923","6230","0.643","0.357","415","415","6.25","8725","3735"
9,"2014-05-30",7724,"train","6819","6301","6634","0.643","0.357","1090","1090","14.11","9129","4139"
9,"2014-05-31",6444,"train","6413","5898","6229","0.643","0.357","215","215","3.34","8724","3734"
9,"2014-06-02",10768,"train","8046","7583","7881","0.643","0.357","2887","2887","26.81","10376","5386"
9,"2014-06-03",8225,"train","6771","6299","6602","0.643","0.357","1623","1623","19.73","9097","4107"
9,"2014-06-04",7814,"train","6386","5923","6221","0.643","0.357","1593","1593","20.39","8716","3726"
9,"2014-06-05",7192,"train","6357","5869","6183","0.643","0.357","1009","1009","14.03","8678","3688"
9,"2014-06-06",7976,"train","6807","6301","6626","0.643","0.357","1350","1350","16.93","9121","4131"
9,"2014-06-07",6677,"train","6401","5898","6221","0.643","0.357","456","456","6.83","8716","3726"
9,"2014-06-10",6937,"train","6789","6299","6614","0.643","0.357","323","323","4.66","9109","4119"
9,"2014-06-11",6042,"train","6404","5923","6232","0.643","0.357","-190","190","3.14","8727","3737"
9,"2014-06-12",5728,"train","6375","5869","6194","0.643","0.357","-466","466","8.14","8689","3699"
9,"2014-06-13",6052,"train","6825","6301","6638","0.643","0.357","-586","586","9.68","9133","4143"
9,"2014-06-14",6392,"train","6419","5898","6233","0.643","0.357","159","159","2.49","8728","3738"
9,"2014-06-16",8999,"train","8086","7583","7906","0.643","0.357","1093","1093","12.15","10401","5411"
9,"2014-06-17",8134,"train","6811","6299","6628","0.643","0.357","1506","1506","18.51","9123","4133"
9,"2014-06-18",7765,"train","6426","5923","6246","0.643","0.357","1519","1519","19.56","8741","3751"
9,"2014-06-20",9912,"train","6843","6301","6650","0.643","0.357","3262","3262","32.91","9145","4155"
9,"2014-06-21",6441,"train","6437","5898","6245","0.643","0.357","196","196","3.04","8740","3750"
9,"2014-06-23",6044,"train","8105","7583","7919","0.643","0.357","-1875","1875","31.02","10414","5424"
9,"2014-06-24",4965,"train","6829","6299","6640","0.643","0.357","-1675","1675","33.74","9135","4145"
9,"2014-06-25",4961,"train","6444","5923","6258","0.643","0.357","-1297","1297","26.14","8753","3763"
9,"2014-06-26",4515,"train","6416","5869","6221","0.643","0.357","-1706","1706","37.79","8716","3726"
9,"2014-06-27",5780,"train","6865","6301","6664","0.643","0.357","-884","884","15.29","9159","4169"
9,"2014-06-28",6162,"train","6459","5898","6259","0.643","0.357","-97","97","1.57","8754","3764"
9,"2014-06-30",12046,"train","8126","7583","7932","0.643","0.357","4114","4114","34.15","10427","5437"
9,"2014-07-01",8829,"train","6780","6299","6608","0.643","0.357","2221","2221","25.16","9103","4113"
9,"2014-07-02",7525,"train","6395","5923","6226","0.643","0.357","1299","1299","17.26","8721","3731"
9,"2014-07-03",7373,"train","6366","5869","6189","0.643","0.357","1184","1184","16.06","8684","3694"
9,"2014-07-04",6406,"train","6816","6301","6632","0.643","0.357","-226","226","3.53","9127","4137"
9,"2014-07-05",6366,"train","6410","5898","6227","0.643","0.357","139","139","2.18","8722","3732"
9,"2014-07-07",6920,"train","8077","7583","7901","0.643","0.357","-981","981","14.18","10396","5406"
9,"2014-07-08",4364,"train","6802","6299","6622","0.643","0.357","-2258","2258","51.74","9117","4127"
9,"2014-07-09",5533,"train","6417","5923","6241","0.643","0.357","-708","708","12.80","8736","3746"
9,"2014-07-10",5924,"train","6388","5869","6203","0.643","0.357","-279","279","4.71","8698","3708"
9,"2014-07-11",5765,"train","6838","6301","6646","0.643","0.357","-881","881","15.28","9141","4151"
9,"2014-07-12",6388,"train","6431","5898","6241","0.643","0.357","147","147","2.30","8736","3746"
9,"2014-07-14",8532,"train","8099","7583","7915","0.643","0.357","617","617","7.23","10410","5420"
9,"2014-07-15",8652,"train","6824","6299","6637","0.643","0.357","2015","2015","23.29","9132","4142"
9,"2014-07-16",6812,"train","6438","5923","6254","0.643","0.357","558","558","8.19","8749","3759"
9,"2014-07-17",7173,"train","6410","5869","6217","0.643","0.357","956","956","13.33","8712","3722"
9,"2014-07-18",6513,"train","6860","6301","6660","0.643","0.357","-147","147","2.26","9155","4165"
9,"2014-07-19",5494,"train","6453","5898","6255","0.643","0.357","-761","761","13.85","8750","3760"
9,"2014-07-21",5713,"train","8121","7583","7929","0.643","0.357","-2216","2216","38.79","10424","5434"
9,"2014-07-22",5982,"train","6846","6299","6651","0.643","0.357","-669","669","11.18","9146","4156"
9,"2014-07-23",5076,"train","6460","5923","6268","0.643","0.357","-1192","1192","23.48","8763","3773"
9,"2014-07-24",6086,"train","6432","5869","6231","0.643","0.357","-145","145","2.38","8726","3736"
9,"2014-07-25",5176,"train","6882","6301","6675","0.643","0.357","-1499","1499","28.96","9170","4180"
9,"2014-07-26",5131,"train","6475","5898","6269","0.643","0.357","-1138","1138","22.18","8764","3774"
9,"2014-07-28",7415,"train","8143","7583","7943","0.643","0.357","-528","528","7.12","10438","5448"
9,"2014-07-29",5200,"train","6867","6299","6664","0.643","0.357","-1464","1464","28.15","9159","4169"
9,"2014-07-30",7001,"train","6482","5923","6282","0.643","0.357","719","719","10.27","8777","3787"
9,"2014-07-31",8176,"train","6454","5869","6245","0.643","0.357","1931","1931","23.62","8740","3750"
9,"2014-08-01",8424,"train","6612","6301","6501","0.643","0.357","1923","1923","22.83","8996","4006"
9,"2014-08-02",6233,"train","6206","5898","6096","0.643","0.357","137","137","2.20","8591","3601"
9,"2014-08-04",10061,"train","7874","7583","7770","0.643","0.357","2291","2291","22.77","10265","5275"
9,"2014-08-05",7438,"train","6598","6299","6491","0.643","0.357","947","947","12.73","8986","3996"
9,"2014-08-06",6746,"train","6213","5923","6109","0.643","0.357","637","637","9.44","8604","3614"
9,"2014-08-07",6750,"train","6185","5869","6072","0.643","0.357","678","678","10.04","8567","3577"
9,"2014-08-08",6368,"train","6634","6301","6515","0.643","0.357","-147","147","2.31","9010","4020"
9,"2014-08-09",6109,"train","6228","5898","6110","0.643","0.357","-1","1","0.02","8605","3615"
9,"2014-08-11",6381,"train","7895","7583","7784","0.643","0.357","-1403","1403","21.99","10279","5289"
9,"2014-08-12",4911,"train","6620","6299","6505","0.643","0.357","-1594","1594","32.46","9000","4010"
9,"2014-08-13",5513,"train","6235","5923","6124","0.643","0.357","-611","611","11.08","8619","3629"
9,"2014-08-14",5435,"train","6206","5869","6086","0.643","0.357","-651","651","11.98","8581","3591"
9,"2014-08-15",5746,"train","6656","6301","6529","0.643","0.357","-783","783","13.63","9024","4034"
9,"2014-08-16",6597,"train","6250","5898","6124","0.643","0.357","473","473","7.17","8619","3629"
9,"2014-08-18",9631,"train","7917","7583","7798","0.643","0.357","1833","1833","19.03","10293","5303"
9,"2014-08-19",8539,"train","6642","6299","6520","0.643","0.357","2019","2019","23.64","9015","4025"
9,"2014-08-20",7929,"train","6257","5923","6138","0.643","0.357","1791","1791","22.59","8633","3643"
9,"2014-08-21",6664,"train","6228","5869","6100","0.643","0.357","564","564","8.46","8595","3605"
9,"2014-08-22",6972,"train","6678","6301","6543","0.643","0.357","429","429","6.15","9038","4048"
9,"2014-08-23",5727,"train","6272","5898","6138","0.643","0.357","-411","411","7.18","8633","3643"
9,"2014-08-25",5977,"train","7939","7583","7812","0.643","0.357","-1835","1835","30.70","10307","5317"
9,"2014-08-26",5430,"train","6664","6299","6534","0.643","0.357","-1104","1104","20.33","9029","4039"
9,"2014-08-27",4445,"train","6278","5923","6151","0.643","0.357","-1706","1706","38.38","8646","3656"
9,"2014-08-28",5369,"train","6250","5869","6114","0.643","0.357","-745","745","13.88","8609","3619"
9,"2014-08-29",6559,"train","6700","6301","6558","0.643","0.357","1","1","0.02","9053","4063"
9,"2014-08-30",6326,"train","6293","5898","6152","0.643","0.357","174","174","2.75","8647","3657"
9,"2014-09-01",10494,"train","7927","7583","7804","0.643","0.357","2690","2690","25.63","10299","5309"
9,"2014-09-02",8395,"train","6652","6299","6526","0.643","0.357","1869","1869","22.26","9021","4031"
9,"2014-09-03",7865,"train","6266","5923","6144","0.643","0.357","1721","1721","21.88","8639","3649"
9,"2014-09-04",6734,"train","6238","5869","6106","0.643","0.357","628","628","9.33","8601","3611"
9,"2014-09-05",7752,"train","6688","6301","6550","0.643","0.357","1202","1202","15.51","9045","4055"
9,"2014-09-06",5762,"train","6281","5898","6144","0.643","0.357","-382","382","6.63","8639","3649"
9,"2014-09-08",6068,"train","7949","7583","7818","0.643","0.357","-1750","1750","28.84","10313","5323"
9,"2014-09-09",5228,"train","6674","6299","6540","0.643","0.357","-1312","1312","25.10","9035","4045"
9,"2014-09-10",5084,"train","6288","5923","6158","0.643","0.357","-1074","1074","21.13","8653","3663"
9,"2014-09-11",5152,"train","6260","5869","6120","0.643","0.357","-968","968","18.79","8615","3625"
9,"2014-09-12",5642,"train","6709","6301","6563","0.643","0.357","-921","921","16.32","9058","4068"
9,"2014-09-13",6620,"train","6303","5898","6158","0.643","0.357","462","462","6.98","8653","3663"
9,"2014-09-15",9517,"train","7971","7583","7832","0.643","0.357","1685","1685","17.71","10327","5337"
9,"2014-09-16",7089,"train","6695","6299","6554","0.643","0.357","535","535","7.55","9049","4059"
9,"2014-09-17",6152,"train","6310","5923","6172","0.643","0.357","-20","20","0.33","8667","3677"
9,"2014-09-18",5796,"train","6282","5869","6135","0.643","0.357","-339","339","5.85","8630","3640"
9,"2014-09-19",7345,"train","6731","6301","6577","0.643","0.357","768","768","10.46","9072","4082"
9,"2014-09-20",5770,"train","6325","5898","6173","0.643","0.357","-403","403","6.98","8668","3678"
9,"2014-09-22",5599,"train","7993","7583","7847","0.643","0.357","-2248","2248","40.15","10342","5352"
9,"2014-09-23",4841,"train","6717","6299","6568","0.643","0.357","-1727","1727","35.67","9063","4073"
9,"2014-09-24",5136,"train","6332","5923","6186","0.643","0.357","-1050","1050","20.44","8681","3691"
9,"2014-09-25",4950,"train","6303","5869","6148","0.643","0.357","-1198","1198","24.20","8643","3653"
9,"2014-09-26",5993,"train","6753","6301","6592","0.643","0.357","-599","599","9.99","9087","4097"
9,"2014-09-27",6313,"train","6347","5898","6187","0.643","0.357","126","126","2.00","8682","3692"
9,"2014-09-29",8992,"train","8014","7583","7860","0.643","0.357","1132","1132","12.59","10355","5365"
9,"2014-09-30",8663,"train","6739","6299","6582","0.643","0.357","2081","2081","24.02","9077","4087"
9,"2014-10-01",8402,"train","6367","5923","6208","0.643","0.357","2194","2194","26.11","8703","3713"
9,"2014-10-02",8272,"train","6338","5869","6171","0.643","0.357","2101","2101","25.40","8666","3676"
9,"2014-10-04",7277,"train","6378","5898","6207","0.643","0.357","1070","1070","14.70","8702","3712"
9,"2014-10-06",9752,"train","8046","7583","7881","0.643","0.357","1871","1871","19.19","10376","5386"
9,"2014-10-07",7855,"train","6770","6299","6602","0.643","0.357","1253","1253","15.95","9097","4107"
9,"2014-10-08",7221,"train","6385","5923","6220","0.643","0.357","1001","1001","13.86","8715","3725"
9,"2014-10-09",6628,"train","6357","5869","6183","0.643","0.357","445","445","6.71","8678","3688"
9,"2014-10-10",7570,"train","6806","6301","6626","0.643","0.357","944","944","12.47","9121","4131"
9,"2014-10-11",5948,"train","6400","5898","6221","0.643","0.357","-273","273","4.59","8716","3726"
9,"2014-10-13",5550,"train","8067","7583","7894","0.643","0.357","-2344","2344","42.23","10389","5399"
9,"2014-10-14",4956,"train","6792","6299","6616","0.643","0.357","-1660","1660","33.49","9111","4121"
9,"2014-10-15",5378,"train","6407","5923","6234","0.643","0.357","-856","856","15.92","8729","3739"
9,"2014-10-16",4944,"train","6378","5869","6196","0.643","0.357","-1252","1252","25.32","8691","3701"
9,"2014-10-17",6110,"train","6828","6301","6640","0.643","0.357","-530","530","8.67","9135","4145"
9,"2014-10-18",5533,"train","6422","5898","6235","0.643","0.357","-702","702","12.69","8730","3740"
9,"2014-10-20",9754,"train","8089","7583","7908","0.643","0.357","1846","1846","18.93","10403","5413"
9,"2014-10-21",6977,"train","6814","6299","6630","0.643","0.357","347","347","4.97","9125","4135"
9,"2014-10-22",7098,"train","6429","5923","6248","0.643","0.357","850","850","11.98","8743","3753"
9,"2014-10-23",6343,"train","6400","5869","6210","0.643","0.357","133","133","2.10","8705","3715"
9,"2014-10-24",6881,"train","6850","6301","6654","0.643","0.357","227","227","3.30","9149","4159"
9,"2014-10-25",5969,"train","6443","5898","6248","0.643","0.357","-279","279","4.67","8743","3753"
9,"2014-10-27",5824,"train","8111","7583","7923","0.643","0.357","-2099","2099","36.04","10418","5428"
9,"2014-10-28",5272,"train","6836","6299","6644","0.643","0.357","-1372","1372","26.02","9139","4149"
9,"2014-10-29",5615,"train","6450","5923","6262","0.643","0.357","-647","647","11.52","8757","3767"
9,"2014-10-30",6034,"train","6422","5869","6225","0.643","0.357","-191","191","3.17","8720","3730"
9,"2014-10-31",8383,"train","6872","6301","6668","0.643","0.357","1715","1715","20.46","9163","4173"
9,"2014-11-03",11562,"train","8601","7583","8238","0.643","0.357","3324","3324","28.75","10733","5743"
9,"2014-11-04",8544,"train","7326","6299","6959","0.643","0.357","1585","1585","18.55","9454","4464"
9,"2014-11-05",8249,"train","6941","5923","6578","0.643","0.357","1671","1671","20.26","9073","4083"
9,"2014-11-06",7437,"train","6912","5869","6540","0.643","0.357","897","897","12.06","9035","4045"
9,"2014-11-07",7416,"train","7362","6301","6983","0.643","0.357","433","433","5.84","9478","4488"
9,"2014-11-08",7459,"train","6956","5898","6578","0.643","0.357","881","881","11.81","9073","4083"
9,"2014-11-10",9128,"train","8623","7583","8252","0.643","0.357","876","876","9.60","10747","5757"
9,"2014-11-11",7003,"train","7348","6299","6974","0.643","0.357","29","29","0.41","9469","4479"
9,"2014-11-12",6758,"train","6962","5923","6591","0.643","0.357","167","167","2.47","9086","4096"
9,"2014-11-13",7101,"train","6934","5869","6554","0.643","0.357","547","547","7.70","9049","4059"
9,"2014-11-14",8325,"train","7384","6301","6997","0.643","0.357","1328","1328","15.95","9492","4502"
9,"2014-11-15",6430,"train","6977","5898","6592","0.643","0.357","-162","162","2.52","9087","4097"
9,"2014-11-17",6184,"train","8645","7583","8266","0.643","0.357","-2082","2082","33.67","10761","5771"
9,"2014-11-18",6167,"train","7370","6299","6988","0.643","0.357","-821","821","13.31","9483","4493"
9,"2014-11-19",6112,"train","6984","5923","6605","0.643","0.357","-493","493","8.07","9100","4110"
9,"2014-11-20",5561,"train","6956","5869","6568","0.643","0.357","-1007","1007","18.11","9063","4073"
9,"2014-11-21",6359,"train","7406","6301","7012","0.643","0.357","-653","653","10.27","9507","4517"
9,"2014-11-22",6619,"train","6999","5898","6606","0.643","0.357","13","13","0.20","9101","4111"
9,"2014-11-24",9911,"train","8667","7583","8280","0.643","0.357","1631","1631","16.46","10775","5785"
9,"2014-11-25",7689,"train","7391","6299","7001","0.643","0.357","688","688","8.95","9496","4506"
9,"2014-11-26",7164,"train","7006","5923","6619","0.643","0.357","545","545","7.61","9114","4124"
9,"2014-11-27",7656,"train","6978","5869","6582","0.643","0.357","1074","1074","14.03","9077","4087"
9,"2014-11-28",9248,"train","7427","6301","7025","0.643","0.357","2223","2223","24.04","9520","4530"
9,"2014-11-29",9096,"train","7021","5898","6620","0.643","0.357","2476","2476","27.22","9115","4125"
9,"2014-12-01",10854,"train","9493","7583","8811","0.643","0.357","2043","2043","18.82","11306","6316"
9,"2014-12-02",8378,"train","8217","6299","7532","0.643","0.357","846","846","10.10","10027","5037"
9,"2014-12-03",7785,"train","7832","5923","7150","0.643","0.357","635","635","8.16","9645","4655"
9,"2014-12-04",7665,"train","7804","5869","7113","0.643","0.357","552","552","7.20","9608","4618"
9,"2014-12-05",8834,"train","8253","6301","7556","0.643","0.357","1278","1278","14.47","10051","5061"
9,"2014-12-06",7545,"train","7847","5898","7151","0.643","0.357","394","394","5.22","9646","4656"
9,"2014-12-08",7026,"train","9515","7583","8825","0.643","0.357","-1799","1799","25.60","11320","6330"
9,"2014-12-09",5380,"train","8239","6299","7546","0.643","0.357","-2166","2166","40.26","10041","5051"
9,"2014-12-10",6259,"train","7854","5923","7165","0.643","0.357","-906","906","14.48","9660","4670"
9,"2014-12-11",6451,"train","7825","5869","7127","0.643","0.357","-676","676","10.48","9622","4632"
9,"2014-12-12",6177,"train","8275","6301","7570","0.643","0.357","-1393","1393","22.55","10065","5075"
9,"2014-12-13",7674,"train","7869","5898","7165","0.643","0.357","509","509","6.63","9660","4670"
9,"2014-12-15",12767,"train","9536","7583","8839","0.643","0.357","3928","3928","30.77","11334","6344"
9,"2014-12-16",10291,"train","8261","6299","7561","0.643","0.357","2730","2730","26.53","10056","5066"
9,"2014-12-17",9415,"train","7876","5923","7179","0.643","0.357","2236","2236","23.75","9674","4684"
9,"2014-12-18",9787,"train","7847","5869","7141","0.643","0.357","2646","2646","27.04","9636","4646"
9,"2014-12-19",8996,"train","8297","6301","7584","0.643","0.357","1412","1412","15.70","10079","5089"
9,"2014-12-20",9540,"train","7891","5898","7179","0.643","0.357","2361","2361","24.75","9674","4684"
9,"2014-12-22",11569,"train","9558","7583","8853","0.643","0.357","2716","2716","23.48","11348","6358"
9,"2014-12-23",10636,"train","8283","6299","7575","0.643","0.357","3061","3061","28.78","10070","5080"
9,"2014-12-24",4885,"train","7897","5923","7192","0.643","0.357","-2307","2307","47.23","9687","4697"
9,"2014-12-27",6096,"train","7905","5898","7189","0.643","0.357","-1093","1093","17.93","9684","4694"
9,"2014-12-29",7684,"train","9573","7583","8863","0.643","0.357","-1179","1179","15.34","11358","6368"
9,"2014-12-30",7903,"train","8297","6299","7584","0.643","0.357","319","319","4.04","10079","5089"
9,"2014-12-31",5063,"train","7912","5923","7202","0.643","0.357","-2139","2139","42.25","9697","4707"
9,"2015-01-02",7073,"test","7211","6301","6886","0.643","0.357","187","187","2.64","9381","4391"
9,"2015-01-03",6043,"test","6804","5898","6481","0.643","0.357","-438","438","7.25","8976","3986"
9,"2015-01-05",10602,"test","8472","7583","8155","0.643","0.357","2447","2447","23.08","10650","5660"
9,"2015-01-06",8505,"test","7197","6299","6876","0.643","0.357","1629","1629","19.15","9371","4381"
9,"2015-01-07",7149,"test","6811","5923","6494","0.643","0.357","655","655","9.16","8989","3999"
9,"2015-01-08",6548,"test","6783","5869","6457","0.643","0.357","91","91","1.39","8952","3962"
9,"2015-01-09",6744,"test","7233","6301","6900","0.643","0.357","-156","156","2.31","9395","4405"
9,"2015-01-10",5544,"test","6826","5898","6495","0.643","0.357","-951","951","17.15","8990","4000"
9,"2015-01-12",9529,"test","8494","7583","8169","0.643","0.357","1360","1360","14.27","10664","5674"
9,"2015-01-13",6985,"test","7218","6299","6890","0.643","0.357","95","95","1.36","9385","4395"
9,"2015-01-14",6748,"test","6833","5923","6508","0.643","0.357","240","240","3.56","9003","4013"
9,"2015-01-15",7003,"test","6805","5869","6471","0.643","0.357","532","532","7.60","8966","3976"
9,"2015-01-16",7773,"test","7254","6301","6914","0.643","0.357","859","859","11.05","9409","4419"
9,"2015-01-17",7334,"test","6848","5898","6509","0.643","0.357","825","825","11.25","9004","4014"
9,"2015-01-19",6086,"test","8516","7583","8183","0.643","0.357","-2097","2097","34.46","10678","5688"
9,"2015-01-20",5778,"test","7240","6299","6904","0.643","0.357","-1126","1126","19.49","9399","4409"
9,"2015-01-21",5651,"test","6855","5923","6522","0.643","0.357","-871","871","15.41","9017","4027"
9,"2015-01-22",5905,"test","6827","5869","6485","0.643","0.357","-580","580","9.82","8980","3990"
9,"2015-01-23",6601,"test","7276","6301","6928","0.643","0.357","-327","327","4.95","9423","4433"
9,"2015-01-24",5410,"test","6870","5898","6523","0.643","0.357","-1113","1113","20.57","9018","4028"
9,"2015-01-26",9209,"test","8537","7583","8196","0.643","0.357","1013","1013","11.00","10691","5701"
9,"2015-01-27",7619,"test","7262","6299","6918","0.643","0.357","701","701","9.20","9413","4423"
9,"2015-01-28",7038,"test","6877","5923","6536","0.643","0.357","502","502","7.13","9031","4041"
9,"2015-01-29",7253,"test","6848","5869","6498","0.643","0.357","755","755","10.41","8993","4003"
9,"2015-01-30",8072,"test","7298","6301","6942","0.643","0.357","1130","1130","14.00","9437","4447"
9,"2015-01-31",7563,"test","6892","5898","6537","0.643","0.357","1026","1026","13.57","9032","4042"
9,"2015-02-02",10858,"test","8781","7583","8353","0.643","0.357","2505","2505","23.07","10848","5858"
9,"2015-02-03",8929,"test","7506","6299","7075","0.643","0.357","1854","1854","20.76","9570","4580"
9,"2015-02-04",6956,"test","7121","5923","6693","0.643","0.357","263","263","3.78","9188","4198"
9,"2015-02-05",6611,"test","7092","5869","6655","0.643","0.357","-44","44","0.67","9150","4160"
9,"2015-02-06",7955,"test","7542","6301","7099","0.643","0.357","856","856","10.76","9594","4604"
9,"2015-02-07",7299,"test","7136","5898","6694","0.643","0.357","605","605","8.29","9189","4199"
9,"2015-02-09",6314,"test","8803","7583","8367","0.643","0.357","-2053","2053","32.52","10862","5872"
9,"2015-02-10",6075,"test","7528","6299","7089","0.643","0.357","-1014","1014","16.69","9584","4594"
9,"2015-02-11",5880,"test","7142","5923","6707","0.643","0.357","-827","827","14.06","9202","4212"
9,"2015-02-12",5883,"test","7114","5869","6670","0.643","0.357","-787","787","13.38","9165","4175"
9,"2015-02-13",6309,"test","7564","6301","7113","0.643","0.357","-804","804","12.74","9608","4618"
9,"2015-02-14",7377,"test","7157","5898","6708","0.643","0.357","669","669","9.07","9203","4213"
9,"2015-02-16",9403,"test","8825","7583","8382","0.643","0.357","1021","1021","10.86","10877","5887"
9,"2015-02-17",9308,"test","7550","6299","7103","0.643","0.357","2205","2205","23.69","9598","4608"
9,"2015-02-18",7417,"test","7164","5923","6721","0.643","0.357","696","696","9.38","9216","4226"
9,"2015-02-19",7615,"test","7136","5869","6684","0.643","0.357","931","931","12.23","9179","4189"
9,"2015-02-20",7490,"test","7586","6301","7127","0.643","0.357","363","363","4.85","9622","4632"
9,"2015-02-21",7470,"test","7179","5898","6722","0.643","0.357","748","748","10.01","9217","4227"
9,"2015-02-23",6713,"test","8847","7583","8396","0.643","0.357","-1683","1683","25.07","10891","5901"
9,"2015-02-24",5991,"test","7571","6299","7117","0.643","0.357","-1126","1126","18.79","9612","4622"
9,"2015-02-25",5991,"test","7186","5923","6735","0.643","0.357","-744","744","12.42","9230","4240"
9,"2015-02-26",6278,"test","7158","5869","6698","0.643","0.357","-420","420","6.69","9193","4203"
9,"2015-02-27",7042,"test","7607","6301","7141","0.643","0.357","-99","99","1.41","9636","4646"
9,"2015-02-28",7321,"test","7201","5898","6736","0.643","0.357","585","585","7.99","9231","4241"
9,"2015-03-02",10551,"test","8929","7583","8448","0.643","0.357","2103","2103","19.93","10943","5953"
9,"2015-03-03",8222,"test","7653","6299","7170","0.643","0.357","1052","1052","12.79","9665","4675"
9,"2015-03-04",8367,"test","7268","5923","6788","0.643","0.357","1579","1579","18.87","9283","4293"
9,"2015-03-05",8004,"test","7240","5869","6751","0.643","0.357","1253","1253","15.65","9246","4256"
9,"2015-03-06",8287,"test","7689","6301","7193","0.643","0.357","1094","1094","13.20","9688","4698"
9,"2015-03-07",6224,"test","7283","5898","6789","0.643","0.357","-565","565","9.08","9284","4294"
9,"2015-03-09",7172,"test","8951","7583","8463","0.643","0.357","-1291","1291","18.00","10958","5968"
9,"2015-03-10",5538,"test","7675","6299","7184","0.643","0.357","-1646","1646","29.72","9679","4689"
9,"2015-03-11",5868,"test","7290","5923","6802","0.643","0.357","-934","934","15.92","9297","4307"
9,"2015-03-12",5456,"test","7261","5869","6764","0.643","0.357","-1308","1308","23.97","9259","4269"
9,"2015-03-13",6214,"test","7711","6301","7208","0.643","0.357","-994","994","16.00","9703","4713"
9,"2015-03-14",6976,"test","7305","5898","6803","0.643","0.357","173","173","2.48","9298","4308"
9,"2015-03-16",11397,"test","8972","7583","8476","0.643","0.357","2921","2921","25.63","10971","5981"
9,"2015-03-17",8692,"test","7697","6299","7198","0.643","0.357","1494","1494","17.19","9693","4703"
9,"2015-03-18",7457,"test","7312","5923","6816","0.643","0.357","641","641","8.60","9311","4321"
9,"2015-03-19",8188,"test","7283","5869","6778","0.643","0.357","1410","1410","17.22","9273","4283"
9,"2015-03-20",8419,"test","7733","6301","7222","0.643","0.357","1197","1197","14.22","9717","4727"
9,"2015-03-21",6622,"test","7327","5898","6817","0.643","0.357","-195","195","2.94","9312","4322"
9,"2015-03-23",6882,"test","8994","7583","8490","0.643","0.357","-1608","1608","23.37","10985","5995"
9,"2015-03-24",6497,"test","7719","6299","7212","0.643","0.357","-715","715","11.01","9707","4717"
9,"2015-03-25",5594,"test","7333","5923","6830","0.643","0.357","-1236","1236","22.10","9325","4335"
9,"2015-03-26",6414,"test","7305","5869","6792","0.643","0.357","-378","378","5.89","9287","4297"
9,"2015-03-27",6346,"test","7755","6301","7236","0.643","0.357","-890","890","14.02","9731","4741"
9,"2015-03-28",6970,"test","7348","5898","6830","0.643","0.357","140","140","2.01","9325","4335"
9,"2015-03-30",11578,"test","9016","7583","8504","0.643","0.357","3074","3074","26.55","10999","6009"
9,"2015-03-31",8927,"test","7741","6299","7226","0.643","0.357","1701","1701","19.05","9721","4731"
9,"2015-04-01",9440,"test","7188","5923","6736","0.643","0.357","2704","2704","28.64","9231","4241"
9,"2015-04-02",10330,"test","7160","5869","6699","0.643","0.357","3631","3631","35.15","9194","4204"
9,"2015-04-04",8664,"test","7200","5898","6735","0.643","0.357","1929","1929","22.26","9230","4240"
9,"2015-04-07",6987,"test","7588","6299","7128","0.643","0.357","-141","141","2.02","9623","4633"
9,"2015-04-08",5985,"test","7203","5923","6746","0.643","0.357","-761","761","12.72","9241","4251"
9,"2015-04-09",6462,"test","7175","5869","6709","0.643","0.357","-247","247","3.82","9204","4214"
9,"2015-04-10",6089,"test","7624","6301","7152","0.643","0.357","-1063","1063","17.46","9647","4657"
9,"2015-04-11",6837,"test","7218","5898","6747","0.643","0.357","90","90","1.32","9242","4252"
9,"2015-04-13",11968,"test","8885","7583","8420","0.643","0.357","3548","3548","29.65","10915","5925"
9,"2015-04-14",8416,"test","7610","6299","7142","0.643","0.357","1274","1274","15.14","9637","4647"
9,"2015-04-15",7444,"test","7225","5923","6760","0.643","0.357","684","684","9.19","9255","4265"
9,"2015-04-16",7644,"test","7196","5869","6722","0.643","0.357","922","922","12.06","9217","4227"
9,"2015-04-17",8346,"test","7646","6301","7166","0.643","0.357","1180","1180","14.14","9661","4671"
9,"2015-04-18",6685,"test","7240","5898","6761","0.643","0.357","-76","76","1.14","9256","4266"
9,"2015-04-20",6429,"test","8907","7583","8434","0.643","0.357","-2005","2005","31.19","10929","5939"
9,"2015-04-21",6018,"test","7632","6299","7156","0.643","0.357","-1138","1138","18.91","9651","4661"
9,"2015-04-22",6034,"test","7247","5923","6774","0.643","0.357","-740","740","12.26","9269","4279"
9,"2015-04-23",6280,"test","7218","5869","6736","0.643","0.357","-456","456","7.26","9231","4241"
9,"2015-04-24",5811,"test","7668","6301","7180","0.643","0.357","-1369","1369","23.56","9675","4685"
9,"2015-04-25",6342,"test","7262","5898","6775","0.643","0.357","-433","433","6.83","9270","4280"
9,"2015-04-27",11737,"test","8929","7583","8448","0.643","0.357","3289","3289","28.02","10943","5953"
9,"2015-04-28",7906,"test","7654","6299","7170","0.643","0.357","736","736","9.31","9665","4675"
9,"2015-04-29",7761,"test","7268","5923","6788","0.643","0.357","973","973","12.54","9283","4293"
9,"2015-04-30",9717,"test","7240","5869","6751","0.643","0.357","2966","2966","30.52","9246","4256"
9,"2015-05-02",8120,"test","7425","5898","6880","0.643","0.357","1240","1240","15.27","9375","4385"
9,"2015-05-04",11827,"test","9092","7583","8553","0.643","0.357","3274","3274","27.68","11048","6058"
9,"2015-05-05",8149,"test","7817","6299","7275","0.643","0.357","874","874","10.73","9770","4780"
9,"2015-05-06",7978,"test","7432","5923","6893","0.643","0.357","1085","1085","13.60","9388","4398"
9,"2015-05-07",7512,"test","7403","5869","6855","0.643","0.357","657","657","8.75","9350","4360"
9,"2015-05-08",8538,"test","7853","6301","7299","0.643","0.357","1239","1239","14.51","9794","4804"
9,"2015-05-09",7347,"test","7447","5898","6894","0.643","0.357","453","453","6.17","9389","4399"
9,"2015-05-11",6356,"test","9114","7583","8567","0.643","0.357","-2211","2211","34.79","11062","6072"
9,"2015-05-12",6634,"test","7839","6299","7289","0.643","0.357","-655","655","9.87","9784","4794"
9,"2015-05-13",7361,"test","7453","5923","6907","0.643","0.357","454","454","6.17","9402","4412"
9,"2015-05-15",8020,"test","7871","6301","7311","0.643","0.357","709","709","8.84","9806","4816"
9,"2015-05-16",6937,"test","7465","5898","6906","0.643","0.357","31","31","0.45","9401","4411"
9,"2015-05-18",11031,"test","9132","7583","8579","0.643","0.357","2452","2452","22.23","11074","6084"
9,"2015-05-19",8863,"test","7857","6299","7301","0.643","0.357","1562","1562","17.62","9796","4806"
9,"2015-05-20",8374,"test","7472","5923","6919","0.643","0.357","1455","1455","17.38","9414","4424"
9,"2015-05-21",7503,"test","7443","5869","6881","0.643","0.357","622","622","8.29","9376","4386"
9,"2015-05-22",7668,"test","7893","6301","7325","0.643","0.357","343","343","4.47","9820","4830"
9,"2015-05-23",6449,"test","7487","5898","6920","0.643","0.357","-471","471","7.30","9415","4425"
9,"2015-05-26",8048,"test","7875","6299","7312","0.643","0.357","736","736","9.15","9807","4817"
9,"2015-05-27",5997,"test","7490","5923","6931","0.643","0.357","-934","934","15.57","9426","4436"
9,"2015-05-28",6335,"test","7462","5869","6893","0.643","0.357","-558","558","8.81","9388","4398"
9,"2015-05-29",7193,"test","7911","6301","7336","0.643","0.357","-143","143","1.99","9831","4841"
9,"2015-05-30",7474,"test","7505","5898","6931","0.643","0.357","543","543","7.27","9426","4436"
9,"2015-06-01",12227,"test","9138","7583","8583","0.643","0.357","3644","3644","29.80","11078","6088"
9,"2015-06-02",10248,"test","7863","6299","7305","0.643","0.357","2943","2943","28.72","9800","4810"
9,"2015-06-03",9984,"test","7478","5923","6923","0.643","0.357","3061","3061","30.66","9418","4428"
9,"2015-06-05",9786,"test","7895","6301","7326","0.643","0.357","2460","2460","25.14","9821","4831"
9,"2015-06-06",7157,"test","7489","5898","6921","0.643","0.357","236","236","3.30","9416","4426"
9,"2015-06-08",7884,"test","9157","7583","8595","0.643","0.357","-711","711","9.02","11090","6100"
9,"2015-06-09",7033,"test","7881","6299","7316","0.643","0.357","-283","283","4.02","9811","4821"
9,"2015-06-10",5849,"test","7496","5923","6934","0.643","0.357","-1085","1085","18.55","9429","4439"
9,"2015-06-11",6359,"test","7468","5869","6897","0.643","0.357","-538","538","8.46","9392","4402"
9,"2015-06-12",6429,"test","7917","6301","7340","0.643","0.357","-911","911","14.17","9835","4845"
9,"2015-06-13",6165,"test","7511","5898","6935","0.643","0.357","-770","770","12.49","9430","4440"
9,"2015-06-15",11530,"test","9178","7583","8609","0.643","0.357","2921","2921","25.33","11104","6114"
9,"2015-06-16",9078,"test","7903","6299","7330","0.643","0.357","1748","1748","19.26","9825","4835"
9,"2015-06-17",8045,"test","7518","5923","6949","0.643","0.357","1096","1096","13.62","9444","4454"
9,"2015-06-18",8098,"test","7489","5869","6911","0.643","0.357","1187","1187","14.66","9406","4416"
9,"2015-06-19",7849,"test","7939","6301","7354","0.643","0.357","495","495","6.31","9849","4859"
9,"2015-06-20",6179,"test","7533","5898","6949","0.643","0.357","-770","770","12.46","9444","4454"
9,"2015-06-22",6121,"test","9200","7583","8623","0.643","0.357","-2502","2502","40.88","11118","6128"
9,"2015-06-23",5714,"test","7925","6299","7345","0.643","0.357","-1631","1631","28.54","9840","4850"
9,"2015-06-24",6888,"test","7540","5923","6963","0.643","0.357","-75","75","1.09","9458","4468"
9,"2015-06-25",6674,"test","7511","5869","6925","0.643","0.357","-251","251","3.76","9420","4430"
9,"2015-06-26",6549,"test","7961","6301","7368","0.643","0.357","-819","819","12.51","9863","4873"
9,"2015-06-27",7069,"test","7555","5898","6963","0.643","0.357","106","106","1.50","9458","4468"
9,"2015-06-29",13457,"test","9222","7583","8637","0.643","0.357","4820","4820","35.82","11132","6142"
9,"2015-06-30",10447,"test","7947","6299","7359","0.643","0.357","3088","3088","29.56","9854","4864"
9,"2015-07-01",8490,"test","7490","5923","6931","0.643","0.357","1559","1559","18.36","9426","4436"
9,"2015-07-02",8395,"test","7462","5869","6893","0.643","0.357","1502","1502","17.89","9388","4398"
9,"2015-07-03",8363,"test","7912","6301","7337","0.643","0.357","1026","1026","12.27","9832","4842"
9,"2015-07-04",6223,"test","7505","5898","6931","0.643","0.357","-708","708","11.38","9426","4436"
9,"2015-07-06",7758,"test","9173","7583","8605","0.643","0.357","-847","847","10.92","11100","6110"
9,"2015-07-07",6940,"test","7898","6299","7327","0.643","0.357","-387","387","5.58","9822","4832"
9,"2015-07-08",5621,"test","7512","5923","6945","0.643","0.357","-1324","1324","23.55","9440","4450"
9,"2015-07-09",6285,"test","7484","5869","6907","0.643","0.357","-622","622","9.90","9402","4412"
9,"2015-07-10",6007,"test","7934","6301","7351","0.643","0.357","-1344","1344","22.37","9846","4856"
9,"2015-07-11",5076,"test","7527","5898","6945","0.643","0.357","-1869","1869","36.82","9440","4450"
9,"2015-07-13",10399,"test","9195","7583","8620","0.643","0.357","1779","1779","17.11","11115","6125"
9,"2015-07-14",7841,"test","7919","6299","7341","0.643","0.357","500","500","6.38","9836","4846"
9,"2015-07-15",7013,"test","7534","5923","6959","0.643","0.357","54","54","0.77","9454","4464"
9,"2015-07-16",8113,"test","7506","5869","6922","0.643","0.357","1191","1191","14.68","9417","4427"
9,"2015-07-17",6845,"test","7955","6301","7365","0.643","0.357","-520","520","7.60","9860","4870"
9,"2015-07-18",5987,"test","7549","5898","6960","0.643","0.357","-973","973","16.25","9455","4465"
9,"2015-07-20",7152,"test","9217","7583","8634","0.643","0.357","-1482","1482","20.72","11129","6139"
9,"2015-07-21",5873,"test","7941","6299","7355","0.643","0.357","-1482","1482","25.23","9850","4860"
9,"2015-07-22",5649,"test","7556","5923","6973","0.643","0.357","-1324","1324","23.44","9468","4478"
9,"2015-07-23",6471,"test","7528","5869","6936","0.643","0.357","-465","465","7.19","9431","4441"
9,"2015-07-24",5464,"test","7977","6301","7379","0.643","0.357","-1915","1915","35.05","9874","4884"
9,"2015-07-25",5330,"test","7571","5898","6974","0.643","0.357","-1644","1644","30.84","9469","4479"
9,"2015-07-27",10649,"test","9239","7583","8648","0.643","0.357","2001","2001","18.79","11143","6153"
9,"2015-07-28",8751,"test","7963","6299","7369","0.643","0.357","1382","1382","15.79","9864","4874"
9,"2015-07-29",7776,"test","7578","5923","6987","0.643","0.357","789","789","10.15","9482","4492"
9,"2015-07-30",7539,"test","7549","5869","6949","0.643","0.357","590","590","7.83","9444","4454"
9,"2015-07-31",8565,"test","7999","6301","7393","0.643","0.357","1172","1172","13.68","9888","4898"
10,"2013-01-18",4962,"train","4935","5527","5205","0.544","0.456","-243","243","4.90","6875","3535"
10,"2013-01-19",4441,"train","4175","4772","4447","0.544","0.456","-6","6","0.14","6117","2777"
10,"2013-01-21",6178,"train","5926","6526","6200","0.544","0.456","-22","22","0.36","7870","4530"
10,"2013-01-22",5215,"train","5095","5691","5367","0.544","0.456","-152","152","2.91","7037","3697"
10,"2013-01-23",5218,"train","4645","5245","4919","0.544","0.456","299","299","5.73","6589","3249"
10,"2013-01-24",4736,"train","4690","5281","4959","0.544","0.456","-223","223","4.71","6629","3289"
10,"2013-01-25",5404,"train","4943","5527","5209","0.544","0.456","195","195","3.61","6879","3539"
10,"2013-01-26",4789,"train","4183","4772","4452","0.544","0.456","337","337","7.04","6122","2782"
10,"2013-01-28",4489,"train","5933","6526","6203","0.544","0.456","-1714","1714","38.18","7873","4533"
10,"2013-01-29",4374,"train","5102","5691","5371","0.544","0.456","-997","997","22.79","7041","3701"
10,"2013-01-30",3986,"train","4653","5245","4923","0.544","0.456","-937","937","23.51","6593","3253"
10,"2013-01-31",4867,"train","4698","5281","4964","0.544","0.456","-97","97","1.99","6634","3294"
10,"2013-02-01",4470,"train","5078","5527","5283","0.544","0.456","-813","813","18.19","6953","3613"
10,"2013-02-02",4357,"train","4318","4772","4525","0.544","0.456","-168","168","3.86","6195","2855"
10,"2013-02-04",7617,"train","6068","6526","6277","0.544","0.456","1340","1340","17.59","7947","4607"
10,"2013-02-05",5423,"train","5238","5691","5445","0.544","0.456","-22","22","0.41","7115","3775"
10,"2013-02-06",5539,"train","4788","5245","4996","0.544","0.456","543","543","9.80","6666","3326"
10,"2013-02-07",5838,"train","4833","5281","5037","0.544","0.456","801","801","13.72","6707","3367"
10,"2013-02-08",5655,"train","5085","5527","5287","0.544","0.456","368","368","6.51","6957","3617"
10,"2013-02-09",4477,"train","4326","4772","4529","0.544","0.456","-52","52","1.16","6199","2859"
10,"2013-02-11",4433,"train","6076","6526","6281","0.544","0.456","-1848","1848","41.69","7951","4611"
10,"2013-02-12",4506,"train","5245","5691","5448","0.544","0.456","-942","942","20.91","7118","3778"
10,"2013-02-13",4953,"train","4795","5245","5000","0.544","0.456","-47","47","0.95","6670","3330"
10,"2013-02-14",4111,"train","4840","5281","5041","0.544","0.456","-930","930","22.62","6711","3371"
10,"2013-02-15",4385,"train","5093","5527","5291","0.544","0.456","-906","906","20.66","6961","3621"
10,"2013-02-16",4340,"train","4333","4772","4533","0.544","0.456","-193","193","4.45","6203","2863"
10,"2013-02-18",7495,"train","6083","6526","6285","0.544","0.456","1210","1210","16.14","7955","4615"
10,"2013-02-19",6049,"train","5252","5691","5452","0.544","0.456","597","597","9.87","7122","3782"
10,"2013-02-20",5200,"train","4803","5245","5005","0.544","0.456","195","195","3.75","6675","3335"
10,"2013-02-21",5969,"train","4848","5281","5045","0.544","0.456","924","924","15.48","6715","3375"
10,"2013-02-22",5285,"train","5100","5527","5295","0.544","0.456","-10","10","0.19","6965","3625"
10,"2013-02-23",4534,"train","4340","4772","4537","0.544","0.456","-3","3","0.07","6207","2867"
10,"2013-02-25",4822,"train","6091","6526","6289","0.544","0.456","-1467","1467","30.42","7959","4619"
10,"2013-02-26",4403,"train","5260","5691","5457","0.544","0.456","-1054","1054","23.94","7127","3787"
10,"2013-02-27",4414,"train","4810","5245","5008","0.544","0.456","-594","594","13.46","6678","3338"
10,"2013-02-28",4681,"train","4855","5281","5049","0.544","0.456","-368","368","7.86","6719","3379"
10,"2013-03-01",4775,"train","5195","5527","5346","0.544","0.456","-571","571","11.96","7016","3676"
10,"2013-03-02",4620,"train","4436","4772","4589","0.544","0.456","31","31","0.67","6259","2919"
10,"2013-03-04",7280,"train","6186","6526","6341","0.544","0.456","939","939","12.90","8011","4671"
10,"2013-03-05",7003,"train","5355","5691","5508","0.544","0.456","1495","1495","21.35","7178","3838"
10,"2013-03-06",5115,"train","4905","5245","5060","0.544","0.456","55","55","1.08","6730","3390"
10,"2013-03-07",5460,"train","4951","5281","5101","0.544","0.456","359","359","6.58","6771","3431"
10,"2013-03-08",5350,"train","5203","5527","5351","0.544","0.456","-1","1","0.02","7021","3681"
10,"2013-03-09",4213,"train","4443","4772","4593","0.544","0.456","-380","380","9.02","6263","2923"
10,"2013-03-11",5401,"train","6193","6526","6345","0.544","0.456","-944","944","17.48","8015","4675"
10,"2013-03-12",4807,"train","5362","5691","5512","0.544","0.456","-705","705","14.67","7182","3842"
10,"2013-03-13",4609,"train","4913","5245","5064","0.544","0.456","-455","455","9.87","6734","3394"
10,"2013-03-14",4914,"train","4958","5281","5105","0.544","0.456","-191","191","3.89","6775","3435"
10,"2013-03-15",5135,"train","5210","5527","5355","0.544","0.456","-220","220","4.28","7025","3685"
10,"2013-03-16",3885,"train","4450","4772","4597","0.544","0.456","-712","712","18.33","6267","2927"
10,"2013-03-18",6766,"train","6201","6526","6349","0.544","0.456","417","417","6.16","8019","4679"
10,"2013-03-19",5584,"train","5370","5691","5516","0.544","0.456","68","68","1.22","7186","3846"
10,"2013-03-20",3927,"train","4920","5245","5068","0.544","0.456","-1141","1141","29.06","6738","3398"
10,"2013-03-21",4623,"train","4965","5281","5109","0.544","0.456","-486","486","10.51","6779","3439"
10,"2013-03-22",5158,"train","5218","5527","5359","0.544","0.456","-201","201","3.90","7029","3689"
10,"2013-03-23",4285,"train","4458","4772","4601","0.544","0.456","-316","316","7.37","6271","2931"
10,"2013-03-25",6513,"train","6208","6526","6353","0.544","0.456","160","160","2.46","8023","4683"
10,"2013-03-26",5495,"train","5377","5691","5520","0.544","0.456","-25","25","0.45","7190","3850"
10,"2013-03-27",5639,"train","4927","5245","5072","0.544","0.456","567","567","10.05","6742","3402"
10,"2013-03-28",7243,"train","4973","5281","5113","0.544","0.456","2130","2130","29.41","6783","3443"
10,"2013-03-30",5809,"train","4464","4772","4604","0.544","0.456","1205","1205","20.74","6274","2934"
10,"2013-04-02",5747,"train","5404","5691","5535","0.544","0.456","212","212","3.69","7205","3865"
10,"2013-04-03",4662,"train","4954","5245","5087","0.544","0.456","-425","425","9.12","6757","3417"
10,"2013-04-04",4531,"train","5000","5281","5128","0.544","0.456","-597","597","13.18","6798","3458"
10,"2013-04-05",4529,"train","5252","5527","5377","0.544","0.456","-848","848","18.72","7047","3707"
10,"2013-04-06",4607,"train","4492","4772","4620","0.544","0.456","-13","13","0.28","6290","2950"
10,"2013-04-08",7087,"train","6242","6526","6372","0.544","0.456","715","715","10.09","8042","4702"
10,"2013-04-09",5782,"train","5411","5691","5539","0.544","0.456","243","243","4.20","7209","3869"
10,"2013-04-10",5541,"train","4962","5245","5091","0.544","0.456","450","450","8.12","6761","3421"
10,"2013-04-11",4689,"train","5007","5281","5132","0.544","0.456","-443","443","9.45","6802","3462"
10,"2013-04-12",6096,"train","5259","5527","5381","0.544","0.456","715","715","11.73","7051","3711"
10,"2013-04-13",4321,"train","4499","4772","4623","0.544","0.456","-302","302","6.99","6293","2953"
10,"2013-04-15",4558,"train","6250","6526","6376","0.544","0.456","-1818","1818","39.89","8046","4706"
10,"2013-04-16",4592,"train","5419","5691","5543","0.544","0.456","-951","951","20.71","7213","3873"
10,"2013-04-17",4426,"train","4969","5245","5095","0.544","0.456","-669","669","15.12","6765","3425"
10,"2013-04-18",4184,"train","5014","5281","5136","0.544","0.456","-952","952","22.75","6806","3466"
10,"2013-04-19",4743,"train","5267","5527","5386","0.544","0.456","-643","643","13.56","7056","3716"
10,"2013-04-20",4092,"train","4507","4772","4628","0.544","0.456","-536","536","13.10","6298","2958"
10,"2013-04-22",7365,"train","6257","6526","6380","0.544","0.456","985","985","13.37","8050","4710"
10,"2013-04-23",5343,"train","5426","5691","5547","0.544","0.456","-204","204","3.82","7217","3877"
10,"2013-04-24",5184,"train","4976","5245","5099","0.544","0.456","85","85","1.64","6769","3429"
10,"2013-04-25",5291,"train","5022","5281","5140","0.544","0.456","151","151","2.85","6810","3470"
10,"2013-04-26",4844,"train","5274","5527","5389","0.544","0.456","-545","545","11.25","7059","3719"
10,"2013-04-27",4074,"train","4514","4772","4632","0.544","0.456","-558","558","13.70","6302","2962"
10,"2013-04-29",7284,"train","6264","6526","6383","0.544","0.456","901","901","12.37","8053","4713"
10,"2013-04-30",7468,"train","5434","5691","5551","0.544","0.456","1917","1917","25.67","7221","3881"
10,"2013-05-02",6959,"train","5222","5281","5249","0.544","0.456","1710","1710","24.57","6919","3579"
10,"2013-05-03",6119,"train","5474","5527","5498","0.544","0.456","621","621","10.15","7168","3828"
10,"2013-05-04",5392,"train","4714","4772","4740","0.544","0.456","652","652","12.09","6410","3070"
10,"2013-05-06",5579,"train","6464","6526","6492","0.544","0.456","-913","913","16.36","8162","4822"
10,"2013-05-07",5250,"train","5634","5691","5660","0.544","0.456","-410","410","7.81","7330","3990"
10,"2013-05-08",5469,"train","5184","5245","5212","0.544","0.456","257","257","4.70","6882","3542"
10,"2013-05-10",5945,"train","5480","5527","5501","0.544","0.456","444","444","7.47","7171","3831"
10,"2013-05-11",4506,"train","4720","4772","4744","0.544","0.456","-238","238","5.28","6414","3074"
10,"2013-05-13",6948,"train","6471","6526","6496","0.544","0.456","452","452","6.51","8166","4826"
10,"2013-05-14",6194,"train","5640","5691","5663","0.544","0.456","531","531","8.57","7333","3993"
10,"2013-05-15",5275,"train","5190","5245","5215","0.544","0.456","60","60","1.14","6885","3545"
10,"2013-05-16",5810,"train","5235","5281","5256","0.544","0.456","554","554","9.54","6926","3586"
10,"2013-05-17",6042,"train","5487","5527","5505","0.544","0.456","537","537","8.89","7175","3835"
10,"2013-05-18",4216,"train","4728","4772","4748","0.544","0.456","-532","532","12.62","6418","3078"
10,"2013-05-21",4846,"train","5646","5691","5667","0.544","0.456","-821","821","16.94","7337","3997"
10,"2013-05-22",5030,"train","5196","5245","5218","0.544","0.456","-188","188","3.74","6888","3548"
10,"2013-05-23",3686,"train","5241","5281","5259","0.544","0.456","-1573","1573","42.67","6929","3589"
10,"2013-05-24",5093,"train","5494","5527","5509","0.544","0.456","-416","416","8.17","7179","3839"
10,"2013-05-25",4677,"train","4734","4772","4751","0.544","0.456","-74","74","1.58","6421","3081"
10,"2013-05-27",5889,"train","6484","6526","6503","0.544","0.456","-614","614","10.43","8173","4833"
10,"2013-05-28",5303,"train","5653","5691","5670","0.544","0.456","-367","367","6.92","7340","4000"
10,"2013-05-29",5275,"train","5204","5245","5223","0.544","0.456","52","52","0.99","6893","3553"
10,"2013-05-30",5037,"train","5249","5281","5264","0.544","0.456","-227","227","4.51","6934","3594"
10,"2013-05-31",6102,"train","5501","5527","5513","0.544","0.456","589","589","9.65","7183","3843"
10,"2013-06-01",4623,"train","4714","4772","4740","0.544","0.456","-117","117","2.53","6410","3070"
10,"2013-06-03",6538,"train","6464","6526","6492","0.544","0.456","46","46","0.70","8162","4822"
10,"2013-06-04",5906,"train","5634","5691","5660","0.544","0.456","246","246","4.17","7330","3990"
10,"2013-06-05",5440,"train","5184","5245","5212","0.544","0.456","228","228","4.19","6882","3542"
10,"2013-06-06",5958,"train","5229","5281","5253","0.544","0.456","705","705","11.83","6923","3583"
10,"2013-06-07",6488,"train","5481","5527","5502","0.544","0.456","986","986","15.20","7172","3832"
10,"2013-06-08",4943,"train","4722","4772","4745","0.544","0.456","198","198","4.01","6415","3075"
10,"2013-06-10",5472,"train","6472","6526","6497","0.544","0.456","-1025","1025","18.73","8167","4827"
10,"2013-06-11",4739,"train","5641","5691","5664","0.544","0.456","-925","925","19.52","7334","3994"
10,"2013-06-12",4369,"train","5191","5245","5216","0.544","0.456","-847","847","19.39","6886","3546"
10,"2013-06-13",4652,"train","5236","5281","5257","0.544","0.456","-605","605","13.01","6927","3587"
10,"2013-06-14",5055,"train","5489","5527","5506","0.544","0.456","-451","451","8.92","7176","3836"
10,"2013-06-15",4765,"train","4729","4772","4749","0.544","0.456","16","16","0.34","6419","3079"
10,"2013-06-17",7854,"train","6479","6526","6500","0.544","0.456","1354","1354","17.24","8170","4830"
10,"2013-06-18",7078,"train","5648","5691","5668","0.544","0.456","1410","1410","19.92","7338","3998"
10,"2013-06-19",5697,"train","5199","5245","5220","0.544","0.456","477","477","8.37","6890","3550"
10,"2013-06-20",5286,"train","5244","5281","5261","0.544","0.456","25","25","0.47","6931","3591"
10,"2013-06-21",5687,"train","5496","5527","5510","0.544","0.456","177","177","3.11","7180","3840"
10,"2013-06-22",4795,"train","4736","4772","4752","0.544","0.456","43","43","0.90","6422","3082"
10,"2013-06-24",5905,"train","6487","6526","6505","0.544","0.456","-600","600","10.16","8175","4835"
10,"2013-06-25",4946,"train","5656","5691","5672","0.544","0.456","-726","726","14.68","7342","4002"
10,"2013-06-26",4923,"train","5206","5245","5224","0.544","0.456","-301","301","6.11","6894","3554"
10,"2013-06-27",4791,"train","5251","5281","5265","0.544","0.456","-474","474","9.89","6935","3595"
10,"2013-06-28",5814,"train","5503","5527","5514","0.544","0.456","300","300","5.16","7184","3844"
10,"2013-06-29",4610,"train","4744","4772","4757","0.544","0.456","-147","147","3.19","6427","3087"
10,"2013-07-01",7138,"train","6263","6526","6383","0.544","0.456","755","755","10.58","8053","4713"
10,"2013-07-02",5828,"train","5432","5691","5550","0.544","0.456","278","278","4.77","7220","3880"
10,"2013-07-03",5636,"train","4982","5245","5102","0.544","0.456","534","534","9.47","6772","3432"
10,"2013-07-04",5798,"train","5028","5281","5143","0.544","0.456","655","655","11.30","6813","3473"
10,"2013-07-05",5663,"train","5280","5527","5393","0.544","0.456","270","270","4.77","7063","3723"
10,"2013-07-06",4349,"train","4520","4772","4635","0.544","0.456","-286","286","6.58","6305","2965"
10,"2013-07-08",5792,"train","6270","6526","6387","0.544","0.456","-595","595","10.27","8057","4717"
10,"2013-07-09",4503,"train","5439","5691","5554","0.544","0.456","-1051","1051","23.34","7224","3884"
10,"2013-07-10",4305,"train","4990","5245","5106","0.544","0.456","-801","801","18.61","6776","3436"
10,"2013-07-11",4161,"train","5035","5281","5147","0.544","0.456","-986","986","23.70","6817","3477"
10,"2013-07-12",4595,"train","5287","5527","5396","0.544","0.456","-801","801","17.43","7066","3726"
10,"2013-07-13",4090,"train","4527","4772","4639","0.544","0.456","-549","549","13.42","6309","2969"
10,"2013-07-15",7179,"train","6278","6526","6391","0.544","0.456","788","788","10.98","8061","4721"
10,"2013-07-16",6093,"train","5447","5691","5558","0.544","0.456","535","535","8.78","7228","3888"
10,"2013-07-17",5200,"train","4997","5245","5110","0.544","0.456","90","90","1.73","6780","3440"
10,"2013-07-18",5048,"train","5042","5281","5151","0.544","0.456","-103","103","2.04","6821","3481"
10,"2013-07-19",6122,"train","5295","5527","5401","0.544","0.456","721","721","11.78","7071","3731"
10,"2013-07-20",3957,"train","4535","4772","4643","0.544","0.456","-686","686","17.34","6313","2973"
10,"2013-07-22",4553,"train","6285","6526","6395","0.544","0.456","-1842","1842","40.46","8065","4725"
10,"2013-07-23",4482,"train","5454","5691","5562","0.544","0.456","-1080","1080","24.10","7232","3892"
10,"2013-07-24",4160,"train","5004","5245","5114","0.544","0.456","-954","954","22.93","6784","3444"
10,"2013-07-25",4238,"train","5050","5281","5155","0.544","0.456","-917","917","21.64","6825","3485"
10,"2013-07-26",4264,"train","5302","5527","5405","0.544","0.456","-1141","1141","26.76","7075","3735"
10,"2013-07-27",3927,"train","4542","4772","4647","0.544","0.456","-720","720","18.33","6317","2977"
10,"2013-07-29",7368,"train","6292","6526","6399","0.544","0.456","969","969","13.15","8069","4729"
10,"2013-07-30",6378,"train","5462","5691","5566","0.544","0.456","812","812","12.73","7236","3896"
10,"2013-07-31",5915,"train","5012","5245","5118","0.544","0.456","797","797","13.47","6788","3448"
10,"2013-08-01",5861,"train","4791","5281","5014","0.544","0.456","847","847","14.45","6684","3344"
10,"2013-08-02",5052,"train","5043","5527","5264","0.544","0.456","-212","212","4.20","6934","3594"
10,"2013-08-03",3805,"train","4283","4772","4506","0.544","0.456","-701","701","18.42","6176","2836"
10,"2013-08-05",5504,"train","6034","6526","6258","0.544","0.456","-754","754","13.70","7928","4588"
10,"2013-08-06",5008,"train","5203","5691","5426","0.544","0.456","-418","418","8.35","7096","3756"
10,"2013-08-07",5064,"train","4753","5245","4977","0.544","0.456","87","87","1.72","6647","3307"
10,"2013-08-08",4719,"train","4798","5281","5018","0.544","0.456","-299","299","6.34","6688","3348"
10,"2013-08-09",4829,"train","5051","5527","5268","0.544","0.456","-439","439","9.09","6938","3598"
10,"2013-08-10",4648,"train","4291","4772","4510","0.544","0.456","138","138","2.97","6180","2840"
10,"2013-08-12",8062,"train","6041","6526","6262","0.544","0.456","1800","1800","22.33","7932","4592"
10,"2013-08-13",6781,"train","5210","5691","5429","0.544","0.456","1352","1352","19.94","7099","3759"
10,"2013-08-14",5972,"train","4761","5245","4982","0.544","0.456","990","990","16.58","6652","3312"
10,"2013-08-15",5212,"train","4806","5281","5023","0.544","0.456","189","189","3.63","6693","3353"
10,"2013-08-16",5604,"train","5058","5527","5272","0.544","0.456","332","332","5.92","6942","3602"
10,"2013-08-17",4703,"train","4298","4772","4514","0.544","0.456","189","189","4.02","6184","2844"
10,"2013-08-19",4556,"train","6048","6526","6266","0.544","0.456","-1710","1710","37.53","7936","4596"
10,"2013-08-20",4433,"train","5218","5691","5434","0.544","0.456","-1001","1001","22.58","7104","3764"
10,"2013-08-21",4709,"train","4768","5245","4986","0.544","0.456","-277","277","5.88","6656","3316"
10,"2013-08-22",4359,"train","4813","5281","5026","0.544","0.456","-667","667","15.30","6696","3356"
10,"2013-08-23",4592,"train","5065","5527","5276","0.544","0.456","-684","684","14.90","6946","3606"
10,"2013-08-24",5032,"train","4306","4772","4518","0.544","0.456","514","514","10.21","6188","2848"
10,"2013-08-26",6588,"train","6056","6526","6270","0.544","0.456","318","318","4.83","7940","4600"
10,"2013-08-27",6350,"train","5225","5691","5437","0.544","0.456","913","913","14.38","7107","3767"
10,"2013-08-28",5791,"train","4775","5245","4989","0.544","0.456","802","802","13.85","6659","3319"
10,"2013-08-29",5578,"train","4820","5281","5030","0.544","0.456","548","548","9.82","6700","3360"
10,"2013-08-30",6448,"train","5073","5527","5280","0.544","0.456","1168","1168","18.11","6950","3610"
10,"2013-08-31",4717,"train","4313","4772","4522","0.544","0.456","195","195","4.13","6192","2852"
10,"2013-09-02",4674,"train","6095","6526","6292","0.544","0.456","-1618","1618","34.62","7962","4622"
10,"2013-09-03",4968,"train","5264","5691","5459","0.544","0.456","-491","491","9.88","7129","3789"
10,"2013-09-04",4160,"train","4815","5245","5011","0.544","0.456","-851","851","20.46","6681","3341"
10,"2013-09-05",4717,"train","4860","5281","5052","0.544","0.456","-335","335","7.10","6722","3382"
10,"2013-09-06",4582,"train","5112","5527","5301","0.544","0.456","-719","719","15.69","6971","3631"
10,"2013-09-07",4467,"train","4352","4772","4544","0.544","0.456","-77","77","1.72","6214","2874"
10,"2013-09-09",7486,"train","6103","6526","6296","0.544","0.456","1190","1190","15.90","7966","4626"
10,"2013-09-10",5937,"train","5272","5691","5463","0.544","0.456","474","474","7.98","7133","3793"
10,"2013-09-11",4936,"train","4822","5245","5015","0.544","0.456","-79","79","1.60","6685","3345"
10,"2013-09-12",5681,"train","4867","5281","5056","0.544","0.456","625","625","11.00","6726","3386"
10,"2013-09-13",5518,"train","5119","5527","5305","0.544","0.456","213","213","3.86","6975","3635"
10,"2013-09-14",4262,"train","4360","4772","4548","0.544","0.456","-286","286","6.71","6218","2878"
10,"2013-09-16",5405,"train","6110","6526","6300","0.544","0.456","-895","895","16.56","7970","4630"
10,"2013-09-17",4394,"train","5279","5691","5467","0.544","0.456","-1073","1073","24.42","7137","3797"
10,"2013-09-18",4544,"train","4829","5245","5019","0.544","0.456","-475","475","10.45","6689","3349"
10,"2013-09-19",4205,"train","4875","5281","5060","0.544","0.456","-855","855","20.33","6730","3390"
10,"2013-09-20",4708,"train","5127","5527","5309","0.544","0.456","-601","601","12.77","6979","3639"
10,"2013-09-21",4137,"train","4367","4772","4552","0.544","0.456","-415","415","10.03","6222","2882"
10,"2013-09-23",7333,"train","6117","6526","6304","0.544","0.456","1029","1029","14.03","7974","4634"
10,"2013-09-24",5854,"train","5286","5691","5471","0.544","0.456","383","383","6.54","7141","3801"
10,"2013-09-25",5359,"train","4837","5245","5023","0.544","0.456","336","336","6.27","6693","3353"
10,"2013-09-26",5083,"train","4882","5281","5064","0.544","0.456","19","19","0.37","6734","3394"
10,"2013-09-27",5088,"train","5134","5527","5313","0.544","0.456","-225","225","4.42","6983","3643"
10,"2013-09-28",4681,"train","4374","4772","4555","0.544","0.456","126","126","2.69","6225","2885"
10,"2013-09-30",5515,"train","6125","6526","6308","0.544","0.456","-793","793","14.38","7978","4638"
10,"2013-10-01",5542,"train","5359","5691","5510","0.544","0.456","32","32","0.58","7180","3840"
10,"2013-10-02",5743,"train","4909","5245","5062","0.544","0.456","681","681","11.86","6732","3392"
10,"2013-10-04",6017,"train","5205","5527","5352","0.544","0.456","665","665","11.05","7022","3682"
10,"2013-10-05",4833,"train","4446","4772","4595","0.544","0.456","238","238","4.92","6265","2925"
10,"2013-10-07",7173,"train","6196","6526","6346","0.544","0.456","827","827","11.53","8016","4676"
10,"2013-10-08",5908,"train","5365","5691","5514","0.544","0.456","394","394","6.67","7184","3844"
10,"2013-10-09",4946,"train","4915","5245","5065","0.544","0.456","-119","119","2.41","6735","3395"
10,"2013-10-10",5067,"train","4960","5281","5106","0.544","0.456","-39","39","0.77","6776","3436"
10,"2013-10-11",4936,"train","5213","5527","5356","0.544","0.456","-420","420","8.51","7026","3686"
10,"2013-10-12",3644,"train","4453","4772","4598","0.544","0.456","-954","954","26.18","6268","2928"
10,"2013-10-14",4809,"train","6203","6526","6350","0.544","0.456","-1541","1541","32.04","8020","4680"
10,"2013-10-15",4252,"train","5372","5691","5517","0.544","0.456","-1265","1265","29.75","7187","3847"
10,"2013-10-16",3481,"train","4923","5245","5070","0.544","0.456","-1589","1589","45.65","6740","3400"
10,"2013-10-17",4148,"train","4968","5281","5111","0.544","0.456","-963","963","23.22","6781","3441"
10,"2013-10-18",4294,"train","5220","5527","5360","0.544","0.456","-1066","1066","24.83","7030","3690"
10,"2013-10-19",4313,"train","4460","4772","4602","0.544","0.456","-289","289","6.70","6272","2932"
10,"2013-10-21",7099,"train","6210","6526","6354","0.544","0.456","745","745","10.49","8024","4684"
10,"2013-10-22",6067,"train","5380","5691","5522","0.544","0.456","545","545","8.98","7192","3852"
10,"2013-10-23",5570,"train","4930","5245","5074","0.544","0.456","496","496","8.90","6744","3404"
10,"2013-10-24",5789,"train","4975","5281","5115","0.544","0.456","674","674","11.64","6785","3445"
10,"2013-10-25",5592,"train","5227","5527","5364","0.544","0.456","228","228","4.08","7034","3694"
10,"2013-10-26",4450,"train","4468","4772","4607","0.544","0.456","-157","157","3.53","6277","2937"
10,"2013-10-28",4790,"train","6218","6526","6358","0.544","0.456","-1568","1568","32.73","8028","4688"
10,"2013-10-29",4612,"train","5387","5691","5526","0.544","0.456","-914","914","19.82","7196","3856"
10,"2013-10-30",4877,"train","4937","5245","5077","0.544","0.456","-200","200","4.10","6747","3407"
10,"2013-10-31",5093,"train","4983","5281","5119","0.544","0.456","-26","26","0.51","6789","3449"
10,"2013-11-01",5410,"train","5622","5527","5579","0.544","0.456","-169","169","3.12","7249","3909"
10,"2013-11-02",5015,"train","4862","4772","4821","0.544","0.456","194","194","3.87","6491","3151"
10,"2013-11-04",6389,"train","6612","6526","6573","0.544","0.456","-184","184","2.88","8243","4903"
10,"2013-11-05",6824,"train","5781","5691","5740","0.544","0.456","1084","1084","15.89","7410","4070"
10,"2013-11-06",5708,"train","5332","5245","5292","0.544","0.456","416","416","7.29","6962","3622"
10,"2013-11-07",5652,"train","5377","5281","5333","0.544","0.456","319","319","5.64","7003","3663"
10,"2013-11-08",5925,"train","5629","5527","5582","0.544","0.456","343","343","5.79","7252","3912"
10,"2013-11-09",4557,"train","4869","4772","4825","0.544","0.456","-268","268","5.88","6495","3155"
10,"2013-11-11",5022,"train","6620","6526","6577","0.544","0.456","-1555","1555","30.96","8247","4907"
10,"2013-11-12",4209,"train","5789","5691","5744","0.544","0.456","-1535","1535","36.47","7414","4074"
10,"2013-11-13",4601,"train","5339","5245","5296","0.544","0.456","-695","695","15.11","6966","3626"
10,"2013-11-14",4569,"train","5384","5281","5337","0.544","0.456","-768","768","16.81","7007","3667"
10,"2013-11-15",5010,"train","5636","5527","5586","0.544","0.456","-576","576","11.50","7256","3916"
10,"2013-11-16",5092,"train","4877","4772","4829","0.544","0.456","263","263","5.16","6499","3159"
10,"2013-11-18",7573,"train","6627","6526","6581","0.544","0.456","992","992","13.10","8251","4911"
10,"2013-11-19",6130,"train","5796","5691","5748","0.544","0.456","382","382","6.23","7418","4078"
10,"2013-11-20",5630,"train","5346","5245","5300","0.544","0.456","330","330","5.86","6970","3630"
10,"2013-11-21",5514,"train","5392","5281","5341","0.544","0.456","173","173","3.14","7011","3671"
10,"2013-11-22",5675,"train","5644","5527","5591","0.544","0.456","84","84","1.48","7261","3921"
10,"2013-11-23",4489,"train","4884","4772","4833","0.544","0.456","-344","344","7.66","6503","3163"
10,"2013-11-25",5735,"train","6634","6526","6585","0.544","0.456","-850","850","14.82","8255","4915"
10,"2013-11-26",5033,"train","5804","5691","5752","0.544","0.456","-719","719","14.29","7422","4082"
10,"2013-11-27",5496,"train","5354","5245","5304","0.544","0.456","192","192","3.49","6974","3634"
10,"2013-11-28",5422,"train","5399","5281","5345","0.544","0.456","77","77","1.42","7015","3675"
10,"2013-11-29",5948,"train","5651","5527","5594","0.544","0.456","354","354","5.95","7264","3924"
10,"2013-11-30",6766,"train","4891","4772","4837","0.544","0.456","1929","1929","28.51","6507","3167"
10,"2013-12-02",8101,"train","7231","6526","6910","0.544","0.456","1191","1191","14.70","8580","5240"
10,"2013-12-03",7223,"train","6400","5691","6077","0.544","0.456","1146","1146","15.87","7747","4407"
10,"2013-12-04",5291,"train","5950","5245","5629","0.544","0.456","-338","338","6.39","7299","3959"
10,"2013-12-05",6293,"train","5995","5281","5669","0.544","0.456","624","624","9.92","7339","3999"
10,"2013-12-06",5937,"train","6248","5527","5919","0.544","0.456","18","18","0.30","7589","4249"
10,"2013-12-07",4966,"train","5488","4772","5162","0.544","0.456","-196","196","3.95","6832","3492"
10,"2013-12-09",5036,"train","7238","6526","6913","0.544","0.456","-1877","1877","37.27","8583","5243"
10,"2013-12-10",5908,"train","6407","5691","6081","0.544","0.456","-173","173","2.93","7751","4411"
10,"2013-12-11",5002,"train","5957","5245","5632","0.544","0.456","-630","630","12.59","7302","3962"
10,"2013-12-12",5663,"train","6003","5281","5674","0.544","0.456","-11","11","0.19","7344","4004"
10,"2013-12-13",6023,"train","6255","5527","5923","0.544","0.456","100","100","1.66","7593","4253"
10,"2013-12-14",5689,"train","5495","4772","5165","0.544","0.456","524","524","9.21","6835","3495"
10,"2013-12-16",9123,"train","7245","6526","6917","0.544","0.456","2206","2206","24.18","8587","5247"
10,"2013-12-17",8109,"train","6415","5691","6085","0.544","0.456","2024","2024","24.96","7755","4415"
10,"2013-12-18",7893,"train","5965","5245","5637","0.544","0.456","2256","2256","28.58","7307","3967"
10,"2013-12-19",7536,"train","6010","5281","5678","0.544","0.456","1858","1858","24.65","7348","4008"
10,"2013-12-20",8268,"train","6262","5527","5927","0.544","0.456","2341","2341","28.31","7597","4257"
10,"2013-12-21",7007,"train","5503","4772","5170","0.544","0.456","1837","1837","26.22","6840","3500"
10,"2013-12-23",9534,"train","7253","6526","6921","0.544","0.456","2613","2613","27.41","8591","5251"
10,"2013-12-24",3915,"train","6422","5691","6089","0.544","0.456","-2174","2174","55.53","7759","4419"
10,"2013-12-27",5094,"train","6267","5527","5930","0.544","0.456","-836","836","16.41","7600","4260"
10,"2013-12-28",4762,"train","5507","4772","5172","0.544","0.456","-410","410","8.61","6842","3502"
10,"2013-12-30",7525,"train","7258","6526","6924","0.544","0.456","601","601","7.99","8594","5254"
10,"2013-12-31",4062,"train","6427","5691","6091","0.544","0.456","-2029","2029","49.95","7761","4421"
10,"2014-01-02",4533,"train","5040","5281","5150","0.544","0.456","-617","617","13.61","6820","3480"
10,"2014-01-03",5012,"train","5292","5527","5399","0.544","0.456","-387","387","7.72","7069","3729"
10,"2014-01-04",4928,"train","4533","4772","4642","0.544","0.456","286","286","5.80","6312","2972"
10,"2014-01-06",8325,"train","6283","6526","6394","0.544","0.456","1931","1931","23.20","8064","4724"
10,"2014-01-07",6470,"train","5452","5691","5561","0.544","0.456","909","909","14.05","7231","3891"
10,"2014-01-08",5650,"train","5002","5245","5113","0.544","0.456","537","537","9.50","6783","3443"
10,"2014-01-09",5109,"train","5047","5281","5154","0.544","0.456","-45","45","0.88","6824","3484"
10,"2014-01-10",5939,"train","5300","5527","5404","0.544","0.456","535","535","9.01","7074","3734"
10,"2014-01-11",4504,"train","4540","4772","4646","0.544","0.456","-142","142","3.15","6316","2976"
10,"2014-01-13",5164,"train","6290","6526","6398","0.544","0.456","-1234","1234","23.90","8068","4728"
10,"2014-01-14",4612,"train","5459","5691","5565","0.544","0.456","-953","953","20.66","7235","3895"
10,"2014-01-15",3959,"train","5010","5245","5117","0.544","0.456","-1158","1158","29.25","6787","3447"
10,"2014-01-16",4279,"train","5055","5281","5158","0.544","0.456","-879","879","20.54","6828","3488"
10,"2014-01-17",4634,"train","5307","5527","5407","0.544","0.456","-773","773","16.68","7077","3737"
10,"2014-01-18",4788,"train","4547","4772","4650","0.544","0.456","138","138","2.88","6320","2980"
10,"2014-01-20",7962,"train","6298","6526","6402","0.544","0.456","1560","1560","19.59","8072","4732"
10,"2014-01-21",6444,"train","5467","5691","5569","0.544","0.456","875","875","13.58","7239","3899"
10,"2014-01-22",5560,"train","5017","5245","5121","0.544","0.456","439","439","7.90","6791","3451"
10,"2014-01-23",5593,"train","5062","5281","5162","0.544","0.456","431","431","7.71","6832","3492"
10,"2014-01-24",5474,"train","5314","5527","5411","0.544","0.456","63","63","1.15","7081","3741"
10,"2014-01-25",4702,"train","4555","4772","4654","0.544","0.456","48","48","1.02","6324","2984"
10,"2014-01-27",4543,"train","6305","6526","6406","0.544","0.456","-1863","1863","41.01","8076","4736"
10,"2014-01-28",4415,"train","5474","5691","5573","0.544","0.456","-1158","1158","26.23","7243","3903"
10,"2014-01-29",4330,"train","5024","5245","5125","0.544","0.456","-795","795","18.36","6795","3455"
10,"2014-01-30",4752,"train","5070","5281","5166","0.544","0.456","-414","414","8.71","6836","3496"
10,"2014-01-31",5807,"train","5322","5527","5415","0.544","0.456","392","392","6.75","7085","3745"
10,"2014-02-01",4453,"train","4690","4772","4727","0.544","0.456","-274","274","6.15","6397","3057"
10,"2014-02-03",8758,"train","6440","6526","6479","0.544","0.456","2279","2279","26.02","8149","4809"
10,"2014-02-04",6471,"train","5609","5691","5646","0.544","0.456","825","825","12.75","7316","3976"
10,"2014-02-05",5062,"train","5160","5245","5199","0.544","0.456","-137","137","2.71","6869","3529"
10,"2014-02-06",6034,"train","5205","5281","5240","0.544","0.456","794","794","13.16","6910","3570"
10,"2014-02-07",4686,"train","5457","5527","5489","0.544","0.456","-803","803","17.14","7159","3819"
10,"2014-02-08",4802,"train","4697","4772","4731","0.544","0.456","71","71","1.48","6401","3061"
10,"2014-02-10",4809,"train","6448","6526","6484","0.544","0.456","-1675","1675","34.83","8154","4814"
10,"2014-02-11",5372,"train","5617","5691","5651","0.544","0.456","-279","279","5.19","7321","3981"
10,"2014-02-12",4723,"train","5167","5245","5203","0.544","0.456","-480","480","10.16","6873","3533"
10,"2014-02-13",4406,"train","5212","5281","5243","0.544","0.456","-837","837","19.00","6913","3573"
10,"2014-02-14",4992,"train","5465","5527","5493","0.544","0.456","-501","501","10.04","7163","3823"
10,"2014-02-15",4397,"train","4705","4772","4736","0.544","0.456","-339","339","7.71","6406","3066"
10,"2014-02-17",8294,"train","6455","6526","6487","0.544","0.456","1807","1807","21.79","8157","4817"
10,"2014-02-18",6128,"train","5624","5691","5655","0.544","0.456","473","473","7.72","7325","3985"
10,"2014-02-19",5561,"train","5174","5245","5206","0.544","0.456","355","355","6.38","6876","3536"
10,"2014-02-20",5060,"train","5220","5281","5248","0.544","0.456","-188","188","3.72","6918","3578"
10,"2014-02-21",5756,"train","5472","5527","5497","0.544","0.456","259","259","4.50","7167","3827"
10,"2014-02-22",4129,"train","4712","4772","4739","0.544","0.456","-610","610","14.77","6409","3069"
10,"2014-02-24",5319,"train","6462","6526","6491","0.544","0.456","-1172","1172","22.03","8161","4821"
10,"2014-02-25",5035,"train","5632","5691","5659","0.544","0.456","-624","624","12.39","7329","3989"
10,"2014-02-26",4253,"train","5182","5245","5211","0.544","0.456","-958","958","22.53","6881","3541"
10,"2014-02-27",4773,"train","5227","5281","5252","0.544","0.456","-479","479","10.04","6922","3582"
10,"2014-02-28",5721,"train","5479","5527","5501","0.544","0.456","220","220","3.85","7171","3831"
10,"2014-03-01",5235,"train","4807","4772","4791","0.544","0.456","444","444","8.48","6461","3121"
10,"2014-03-03",7761,"train","6558","6526","6543","0.544","0.456","1218","1218","15.69","8213","4873"
10,"2014-03-04",6000,"train","5727","5691","5711","0.544","0.456","289","289","4.82","7381","4041"
10,"2014-03-05",5975,"train","5277","5245","5262","0.544","0.456","713","713","11.93","6932","3592"
10,"2014-03-06",6129,"train","5322","5281","5303","0.544","0.456","826","826","13.48","6973","3633"
10,"2014-03-07",5572,"train","5575","5527","5553","0.544","0.456","19","19","0.34","7223","3883"
10,"2014-03-08",4759,"train","4815","4772","4795","0.544","0.456","-36","36","0.76","6465","3125"
10,"2014-03-10",5560,"train","6565","6526","6547","0.544","0.456","-987","987","17.75","8217","4877"
10,"2014-03-11",4923,"train","5734","5691","5714","0.544","0.456","-791","791","16.07","7384","4044"
10,"2014-03-12",4883,"train","5285","5245","5267","0.544","0.456","-384","384","7.86","6937","3597"
10,"2014-03-13",4865,"train","5330","5281","5308","0.544","0.456","-443","443","9.11","6978","3638"
10,"2014-03-14",5061,"train","5582","5527","5557","0.544","0.456","-496","496","9.80","7227","3887"
10,"2014-03-15",4564,"train","4822","4772","4799","0.544","0.456","-235","235","5.15","6469","3129"
10,"2014-03-17",6613,"train","6572","6526","6551","0.544","0.456","62","62","0.94","8221","4881"
10,"2014-03-18",5791,"train","5742","5691","5719","0.544","0.456","72","72","1.24","7389","4049"
10,"2014-03-19",5882,"train","5292","5245","5271","0.544","0.456","611","611","10.39","6941","3601"
10,"2014-03-20",4452,"train","5337","5281","5311","0.544","0.456","-859","859","19.29","6981","3641"
10,"2014-03-21",5045,"train","5589","5527","5561","0.544","0.456","-516","516","10.23","7231","3891"
10,"2014-03-22",4695,"train","4830","4772","4804","0.544","0.456","-109","109","2.32","6474","3134"
10,"2014-03-24",4887,"train","6580","6526","6555","0.544","0.456","-1668","1668","34.13","8225","4885"
10,"2014-03-25",4394,"train","5749","5691","5723","0.544","0.456","-1329","1329","30.25","7393","4053"
10,"2014-03-26",4416,"train","5299","5245","5274","0.544","0.456","-858","858","19.43","6944","3604"
10,"2014-03-27",4814,"train","5344","5281","5315","0.544","0.456","-501","501","10.41","6985","3645"
10,"2014-03-28",4711,"train","5597","5527","5565","0.544","0.456","-854","854","18.13","7235","3895"
10,"2014-03-29",4847,"train","4837","4772","4807","0.544","0.456","40","40","0.83","6477","3137"
10,"2014-03-31",8438,"train","6587","6526","6559","0.544","0.456","1879","1879","22.27","8229","4889"
10,"2014-04-01",7048,"train","5778","5691","5738","0.544","0.456","1310","1310","18.59","7408","4068"
10,"2014-04-02",6449,"train","5329","5245","5291","0.544","0.456","1158","1158","17.96","6961","3621"
10,"2014-04-03",5898,"train","5374","5281","5332","0.544","0.456","566","566","9.60","7002","3662"
10,"2014-04-04",5932,"train","5626","5527","5581","0.544","0.456","351","351","5.92","7251","3911"
10,"2014-04-05",4778,"train","4866","4772","4823","0.544","0.456","-45","45","0.94","6493","3153"
10,"2014-04-07",4828,"train","6617","6526","6576","0.544","0.456","-1748","1748","36.21","8246","4906"
10,"2014-04-08",4525,"train","5786","5691","5743","0.544","0.456","-1218","1218","26.92","7413","4073"
10,"2014-04-09",4152,"train","5336","5245","5295","0.544","0.456","-1143","1143","27.53","6965","3625"
10,"2014-04-10",4584,"train","5381","5281","5335","0.544","0.456","-751","751","16.38","7005","3665"
10,"2014-04-11",4456,"train","5633","5527","5585","0.544","0.456","-1129","1129","25.34","7255","3915"
10,"2014-04-12",4540,"train","4874","4772","4827","0.544","0.456","-287","287","6.32","6497","3157"
10,"2014-04-14",6419,"train","6624","6526","6579","0.544","0.456","-160","160","2.49","8249","4909"
10,"2014-04-15",6087,"train","5793","5691","5746","0.544","0.456","341","341","5.60","7416","4076"
10,"2014-04-16",5629,"train","5343","5245","5298","0.544","0.456","331","331","5.88","6968","3628"
10,"2014-04-17",6250,"train","5389","5281","5340","0.544","0.456","910","910","14.56","7010","3670"
10,"2014-04-19",6187,"train","4880","4772","4831","0.544","0.456","1356","1356","21.92","6501","3161"
10,"2014-04-22",5969,"train","5798","5691","5749","0.544","0.456","220","220","3.69","7419","4079"
10,"2014-04-23",4712,"train","5348","5245","5301","0.544","0.456","-589","589","12.50","6971","3631"
10,"2014-04-24",4533,"train","5393","5281","5342","0.544","0.456","-809","809","17.85","7012","3672"
10,"2014-04-25",4936,"train","5646","5527","5592","0.544","0.456","-656","656","13.29","7262","3922"
10,"2014-04-26",4804,"train","4886","4772","4834","0.544","0.456","-30","30","0.62","6504","3164"
10,"2014-04-28",7910,"train","6636","6526","6586","0.544","0.456","1324","1324","16.74","8256","4916"
10,"2014-04-29",6685,"train","5805","5691","5753","0.544","0.456","932","932","13.94","7423","4083"
10,"2014-04-30",7006,"train","5356","5245","5305","0.544","0.456","1701","1701","24.28","6975","3635"
10,"2014-05-02",8145,"train","5846","5527","5701","0.544","0.456","2444","2444","30.01","7371","4031"
10,"2014-05-03",5116,"train","5086","4772","4943","0.544","0.456","173","173","3.38","6613","3273"
10,"2014-05-05",7714,"train","6836","6526","6695","0.544","0.456","1019","1019","13.21","8365","5025"
10,"2014-05-06",6837,"train","6006","5691","5862","0.544","0.456","975","975","14.26","7532","4192"
10,"2014-05-07",6372,"train","5556","5245","5414","0.544","0.456","958","958","15.03","7084","3744"
10,"2014-05-08",6279,"train","5601","5281","5455","0.544","0.456","824","824","13.12","7125","3785"
10,"2014-05-09",6547,"train","5853","5527","5704","0.544","0.456","843","843","12.88","7374","4034"
10,"2014-05-10",4632,"train","5093","4772","4947","0.544","0.456","-315","315","6.80","6617","3277"
10,"2014-05-12",4404,"train","6844","6526","6699","0.544","0.456","-2295","2295","52.11","8369","5029"
10,"2014-05-13",5471,"train","6013","5691","5866","0.544","0.456","-395","395","7.22","7536","4196"
10,"2014-05-14",5002,"train","5563","5245","5418","0.544","0.456","-416","416","8.32","7088","3748"
10,"2014-05-15",4677,"train","5608","5281","5459","0.544","0.456","-782","782","16.72","7129","3789"
10,"2014-05-16",5023,"train","5861","5527","5709","0.544","0.456","-686","686","13.66","7379","4039"
10,"2014-05-17",4608,"train","5101","4772","4951","0.544","0.456","-343","343","7.44","6621","3281"
10,"2014-05-19",7880,"train","6851","6526","6703","0.544","0.456","1177","1177","14.94","8373","5033"
10,"2014-05-20",6611,"train","6020","5691","5870","0.544","0.456","741","741","11.21","7540","4200"
10,"2014-05-21",5724,"train","5570","5245","5422","0.544","0.456","302","302","5.28","7092","3752"
10,"2014-05-22",5448,"train","5616","5281","5463","0.544","0.456","-15","15","0.28","7133","3793"
10,"2014-05-23",5890,"train","5868","5527","5713","0.544","0.456","177","177","3.01","7383","4043"
10,"2014-05-24",5034,"train","5108","4772","4955","0.544","0.456","79","79","1.57","6625","3285"
10,"2014-05-26",6172,"train","6858","6526","6707","0.544","0.456","-535","535","8.67","8377","5037"
10,"2014-05-27",5303,"train","6028","5691","5874","0.544","0.456","-571","571","10.77","7544","4204"
10,"2014-05-28",5230,"train","5578","5245","5426","0.544","0.456","-196","196","3.75","7096","3756"
10,"2014-05-30",6624,"train","5874","5527","5716","0.544","0.456","908","908","13.71","7386","4046"
10,"2014-05-31",5322,"train","5114","4772","4958","0.544","0.456","364","364","6.84","6628","3288"
10,"2014-06-02",9211,"train","6838","6526","6696","0.544","0.456","2515","2515","27.30","8366","5026"
10,"2014-06-03",6491,"train","6007","5691","5863","0.544","0.456","628","628","9.67","7533","4193"
10,"2014-06-04",6406,"train","5557","5245","5415","0.544","0.456","991","991","15.47","7085","3745"
10,"2014-06-05",6711,"train","5602","5281","5456","0.544","0.456","1255","1255","18.70","7126","3786"
10,"2014-06-06",6907,"train","5854","5527","5705","0.544","0.456","1202","1202","17.40","7375","4035"
10,"2014-06-07",5189,"train","5095","4772","4948","0.544","0.456","241","241","4.64","6618","3278"
10,"2014-06-10",5762,"train","6013","5691","5866","0.544","0.456","-104","104","1.80","7536","4196"
10,"2014-06-11",5163,"train","5563","5245","5418","0.544","0.456","-255","255","4.94","7088","3748"
10,"2014-06-12",5746,"train","5608","5281","5459","0.544","0.456","287","287","4.99","7129","3789"
10,"2014-06-13",5047,"train","5861","5527","5709","0.544","0.456","-662","662","13.12","7379","4039"
10,"2014-06-14",5188,"train","5101","4772","4951","0.544","0.456","237","237","4.57","6621","3281"
10,"2014-06-16",6816,"train","6851","6526","6703","0.544","0.456","113","113","1.66","8373","5033"
10,"2014-06-17",6750,"train","6020","5691","5870","0.544","0.456","880","880","13.04","7540","4200"
10,"2014-06-18",5833,"train","5570","5245","5422","0.544","0.456","411","411","7.05","7092","3752"
10,"2014-06-19",5484,"train","5616","5281","5463","0.544","0.456","21","21","0.38","7133","3793"
10,"2014-06-20",5656,"train","5868","5527","5713","0.544","0.456","-57","57","1.01","7383","4043"
10,"2014-06-21",4282,"train","5108","4772","4955","0.544","0.456","-673","673","15.72","6625","3285"
10,"2014-06-23",5683,"train","6858","6526","6707","0.544","0.456","-1024","1024","18.02","8377","5037"
10,"2014-06-24",5442,"train","6028","5691","5874","0.544","0.456","-432","432","7.94","7544","4204"
10,"2014-06-25",4823,"train","5578","5245","5426","0.544","0.456","-603","603","12.50","7096","3756"
10,"2014-06-26",4633,"train","5623","5281","5467","0.544","0.456","-834","834","18.00","7137","3797"
10,"2014-06-27",4626,"train","5875","5527","5716","0.544","0.456","-1090","1090","23.56","7386","4046"
10,"2014-06-28",4606,"train","5115","4772","4959","0.544","0.456","-353","353","7.66","6629","3289"
10,"2014-06-30",7707,"train","6866","6526","6711","0.544","0.456","996","996","12.92","8381","5041"
10,"2014-07-01",6192,"train","5804","5691","5752","0.544","0.456","440","440","7.11","7422","4082"
10,"2014-07-02",5951,"train","5354","5245","5304","0.544","0.456","647","647","10.87","6974","3634"
10,"2014-07-03",5637,"train","5399","5281","5345","0.544","0.456","292","292","5.18","7015","3675"
10,"2014-07-04",5176,"train","5652","5527","5595","0.544","0.456","-419","419","8.10","7265","3925"
10,"2014-07-05",5038,"train","4892","4772","4837","0.544","0.456","201","201","3.99","6507","3167"
10,"2014-07-07",5614,"train","6642","6526","6589","0.544","0.456","-975","975","17.37","8259","4919"
10,"2014-07-08",4830,"train","5811","5691","5756","0.544","0.456","-926","926","19.17","7426","4086"
10,"2014-07-09",3567,"train","5362","5245","5309","0.544","0.456","-1742","1742","48.84","6979","3639"
10,"2014-07-10",4693,"train","5407","5281","5350","0.544","0.456","-657","657","14.00","7020","3680"
10,"2014-07-11",5331,"train","5659","5527","5599","0.544","0.456","-268","268","5.03","7269","3929"
10,"2014-07-12",4682,"train","4899","4772","4841","0.544","0.456","-159","159","3.40","6511","3171"
10,"2014-07-14",7386,"train","6649","6526","6593","0.544","0.456","793","793","10.74","8263","4923"
10,"2014-07-15",6704,"train","5819","5691","5761","0.544","0.456","943","943","14.07","7431","4091"
10,"2014-07-16",6726,"train","5369","5245","5312","0.544","0.456","1414","1414","21.02","6982","3642"
10,"2014-07-17",6070,"train","5414","5281","5353","0.544","0.456","717","717","11.81","7023","3683"
10,"2014-07-18",6424,"train","5666","5527","5603","0.544","0.456","821","821","12.78","7273","3933"
10,"2014-07-19",4682,"train","4907","4772","4845","0.544","0.456","-163","163","3.48","6515","3175"
10,"2014-07-21",5703,"train","6657","6526","6597","0.544","0.456","-894","894","15.68","8267","4927"
10,"2014-07-22",4632,"train","5826","5691","5764","0.544","0.456","-1132","1132","24.44","7434","4094"
10,"2014-07-23",5096,"train","5376","5245","5316","0.544","0.456","-220","220","4.32","6986","3646"
10,"2014-07-24",4833,"train","5421","5281","5357","0.544","0.456","-524","524","10.84","7027","3687"
10,"2014-07-25",5027,"train","5674","5527","5607","0.544","0.456","-580","580","11.54","7277","3937"
10,"2014-07-26",5429,"train","4914","4772","4849","0.544","0.456","580","580","10.68","6519","3179"
10,"2014-07-28",8422,"train","6664","6526","6601","0.544","0.456","1821","1821","21.62","8271","4931"
10,"2014-07-29",6635,"train","5833","5691","5768","0.544","0.456","867","867","13.07","7438","4098"
10,"2014-07-30",6316,"train","5384","5245","5321","0.544","0.456","995","995","15.75","6991","3651"
10,"2014-07-31",6637,"train","5429","5281","5362","0.544","0.456","1275","1275","19.21","7032","3692"
10,"2014-08-01",6997,"train","5415","5527","5466","0.544","0.456","1531","1531","21.88","7136","3796"
10,"2014-08-02",5284,"train","4655","4772","4708","0.544","0.456","576","576","10.90","6378","3038"
10,"2014-08-04",7049,"train","6406","6526","6461","0.544","0.456","588","588","8.34","8131","4791"
10,"2014-08-05",6201,"train","5575","5691","5628","0.544","0.456","573","573","9.24","7298","3958"
10,"2014-08-06",5811,"train","5125","5245","5180","0.544","0.456","631","631","10.86","6850","3510"
10,"2014-08-07",5452,"train","5170","5281","5221","0.544","0.456","231","231","4.24","6891","3551"
10,"2014-08-08",5683,"train","5422","5527","5470","0.544","0.456","213","213","3.75","7140","3800"
10,"2014-08-09",4420,"train","4663","4772","4713","0.544","0.456","-293","293","6.63","6383","3043"
10,"2014-08-11",5661,"train","6413","6526","6465","0.544","0.456","-804","804","14.20","8135","4795"
10,"2014-08-12",4672,"train","5582","5691","5632","0.544","0.456","-960","960","20.55","7302","3962"
10,"2014-08-13",4791,"train","5132","5245","5184","0.544","0.456","-393","393","8.20","6854","3514"
10,"2014-08-14",4206,"train","5178","5281","5225","0.544","0.456","-1019","1019","24.23","6895","3555"
10,"2014-08-15",5205,"train","5430","5527","5474","0.544","0.456","-269","269","5.17","7144","3804"
10,"2014-08-16",4478,"train","4670","4772","4717","0.544","0.456","-239","239","5.34","6387","3047"
10,"2014-08-18",6450,"train","6420","6526","6468","0.544","0.456","-18","18","0.28","8138","4798"
10,"2014-08-19",5044,"train","5589","5691","5636","0.544","0.456","-592","592","11.74","7306","3966"
10,"2014-08-20",5053,"train","5140","5245","5188","0.544","0.456","-135","135","2.67","6858","3518"
10,"2014-08-21",5182,"train","5185","5281","5229","0.544","0.456","-47","47","0.91","6899","3559"
10,"2014-08-22",4682,"train","5437","5527","5478","0.544","0.456","-796","796","17.00","7148","3808"
10,"2014-08-23",3567,"train","4677","4772","4720","0.544","0.456","-1153","1153","32.32","6390","3050"
10,"2014-08-25",4346,"train","6428","6526","6473","0.544","0.456","-2127","2127","48.94","8143","4803"
10,"2014-08-26",4496,"train","5597","5691","5640","0.544","0.456","-1144","1144","25.44","7310","3970"
10,"2014-08-27",3755,"train","5147","5245","5192","0.544","0.456","-1437","1437","38.27","6862","3522"
10,"2014-08-28",4043,"train","5192","5281","5233","0.544","0.456","-1190","1190","29.43","6903","3563"
10,"2014-08-29",5266,"train","5445","5527","5482","0.544","0.456","-216","216","4.10","7152","3812"
10,"2014-08-30",4372,"train","4685","4772","4725","0.544","0.456","-353","353","8.07","6395","3055"
10,"2014-09-01",7033,"train","6467","6526","6494","0.544","0.456","539","539","7.66","8164","4824"
10,"2014-09-02",5937,"train","5636","5691","5661","0.544","0.456","276","276","4.65","7331","3991"
10,"2014-09-03",5397,"train","5186","5245","5213","0.544","0.456","184","184","3.41","6883","3543"
10,"2014-09-04",5840,"train","5232","5281","5254","0.544","0.456","586","586","10.03","6924","3584"
10,"2014-09-05",5391,"train","5484","5527","5504","0.544","0.456","-113","113","2.10","7174","3834"
10,"2014-09-06",4228,"train","4724","4772","4746","0.544","0.456","-518","518","12.25","6416","3076"
10,"2014-09-08",5329,"train","6474","6526","6498","0.544","0.456","-1169","1169","21.94","8168","4828"
10,"2014-09-09",4785,"train","5644","5691","5665","0.544","0.456","-880","880","18.39","7335","3995"
10,"2014-09-10",5488,"train","5194","5245","5217","0.544","0.456","271","271","4.94","6887","3547"
10,"2014-09-11",4512,"train","5239","5281","5258","0.544","0.456","-746","746","16.53","6928","3588"
10,"2014-09-12",5471,"train","5491","5527","5507","0.544","0.456","-36","36","0.66","7177","3837"
10,"2014-09-13",4601,"train","4731","4772","4750","0.544","0.456","-149","149","3.24","6420","3080"
10,"2014-09-15",7583,"train","6482","6526","6502","0.544","0.456","1081","1081","14.26","8172","4832"
10,"2014-09-16",6124,"train","5651","5691","5669","0.544","0.456","455","455","7.43","7339","3999"
10,"2014-09-17",5714,"train","5201","5245","5221","0.544","0.456","493","493","8.63","6891","3551"
10,"2014-09-18",5511,"train","5246","5281","5262","0.544","0.456","249","249","4.52","6932","3592"
10,"2014-09-19",5512,"train","5499","5527","5512","0.544","0.456","0","0","0.00","7182","3842"
10,"2014-09-20",5075,"train","4739","4772","4754","0.544","0.456","321","321","6.33","6424","3084"
10,"2014-09-22",5177,"train","6489","6526","6506","0.544","0.456","-1329","1329","25.67","8176","4836"
10,"2014-09-23",4787,"train","5658","5691","5673","0.544","0.456","-886","886","18.51","7343","4003"
10,"2014-09-24",4679,"train","5209","5245","5225","0.544","0.456","-546","546","11.67","6895","3555"
10,"2014-09-25",4547,"train","5254","5281","5266","0.544","0.456","-719","719","15.81","6936","3596"
10,"2014-09-26",4750,"train","5506","5527","5516","0.544","0.456","-766","766","16.13","7186","3846"
10,"2014-09-27",4113,"train","4746","4772","4758","0.544","0.456","-645","645","15.68","6428","3088"
10,"2014-09-29",7302,"train","6496","6526","6510","0.544","0.456","792","792","10.85","8180","4840"
10,"2014-09-30",6790,"train","5666","5691","5677","0.544","0.456","1113","1113","16.39","7347","4007"
10,"2014-10-01",6982,"train","5281","5245","5265","0.544","0.456","1717","1717","24.59","6935","3595"
10,"2014-10-02",7145,"train","5326","5281","5305","0.544","0.456","1840","1840","25.75","6975","3635"
10,"2014-10-04",5966,"train","4817","4772","4796","0.544","0.456","1170","1170","19.61","6466","3126"
10,"2014-10-06",7405,"train","6568","6526","6549","0.544","0.456","856","856","11.56","8219","4879"
10,"2014-10-07",6298,"train","5737","5691","5716","0.544","0.456","582","582","9.24","7386","4046"
10,"2014-10-08",5903,"train","5287","5245","5268","0.544","0.456","635","635","10.76","6938","3598"
10,"2014-10-09",6334,"train","5332","5281","5309","0.544","0.456","1025","1025","16.18","6979","3639"
10,"2014-10-10",6059,"train","5584","5527","5558","0.544","0.456","501","501","8.27","7228","3888"
10,"2014-10-11",4898,"train","4825","4772","4801","0.544","0.456","97","97","1.98","6471","3131"
10,"2014-10-13",5521,"train","6575","6526","6553","0.544","0.456","-1032","1032","18.69","8223","4883"
10,"2014-10-14",4852,"train","5744","5691","5720","0.544","0.456","-868","868","17.89","7390","4050"
10,"2014-10-15",4508,"train","5294","5245","5272","0.544","0.456","-764","764","16.95","6942","3602"
10,"2014-10-16",4876,"train","5340","5281","5313","0.544","0.456","-437","437","8.96","6983","3643"
10,"2014-10-17",5317,"train","5592","5527","5562","0.544","0.456","-245","245","4.61","7232","3892"
10,"2014-10-18",4816,"train","4832","4772","4805","0.544","0.456","11","11","0.23","6475","3135"
10,"2014-10-20",7410,"train","6582","6526","6556","0.544","0.456","854","854","11.52","8226","4886"
10,"2014-10-21",5604,"train","5752","5691","5724","0.544","0.456","-120","120","2.14","7394","4054"
10,"2014-10-22",4773,"train","5302","5245","5276","0.544","0.456","-503","503","10.54","6946","3606"
10,"2014-10-23",5836,"train","5347","5281","5317","0.544","0.456","519","519","8.89","6987","3647"
10,"2014-10-24",6059,"train","5599","5527","5566","0.544","0.456","493","493","8.14","7236","3896"
10,"2014-10-25",5062,"train","4839","4772","4808","0.544","0.456","254","254","5.02","6478","3138"
10,"2014-10-27",4800,"train","6590","6526","6561","0.544","0.456","-1761","1761","36.69","8231","4891"
10,"2014-10-28",4910,"train","5759","5691","5728","0.544","0.456","-818","818","16.66","7398","4058"
10,"2014-10-29",4402,"train","5309","5245","5280","0.544","0.456","-878","878","19.95","6950","3610"
10,"2014-10-30",5090,"train","5354","5281","5321","0.544","0.456","-231","231","4.54","6991","3651"
10,"2014-10-31",5597,"train","5607","5527","5571","0.544","0.456","26","26","0.46","7241","3901"
10,"2014-11-01",4349,"train","5234","4772","5023","0.544","0.456","-674","674","15.50","6693","3353"
10,"2014-11-03",7438,"train","6984","6526","6775","0.544","0.456","663","663","8.91","8445","5105"
10,"2014-11-04",6331,"train","6153","5691","5942","0.544","0.456","389","389","6.14","7612","4272"
10,"2014-11-05",4965,"train","5703","5245","5494","0.544","0.456","-529","529","10.65","7164","3824"
10,"2014-11-06",5907,"train","5749","5281","5536","0.544","0.456","371","371","6.28","7206","3866"
10,"2014-11-07",6498,"train","6001","5527","5785","0.544","0.456","713","713","10.97","7455","4115"
10,"2014-11-08",5561,"train","5241","4772","5027","0.544","0.456","534","534","9.60","6697","3357"
10,"2014-11-10",6811,"train","6991","6526","6779","0.544","0.456","32","32","0.47","8449","5109"
10,"2014-11-11",7009,"train","6161","5691","5947","0.544","0.456","1062","1062","15.15","7617","4277"
10,"2014-11-12",6226,"train","5711","5245","5499","0.544","0.456","727","727","11.68","7169","3829"
10,"2014-11-13",5766,"train","5756","5281","5539","0.544","0.456","227","227","3.94","7209","3869"
10,"2014-11-14",6239,"train","6008","5527","5789","0.544","0.456","450","450","7.21","7459","4119"
10,"2014-11-15",4895,"train","5249","4772","5031","0.544","0.456","-136","136","2.78","6701","3361"
10,"2014-11-17",5346,"train","6999","6526","6783","0.544","0.456","-1437","1437","26.88","8453","5113"
10,"2014-11-18",5290,"train","6168","5691","5950","0.544","0.456","-660","660","12.48","7620","4280"
10,"2014-11-19",5340,"train","5718","5245","5502","0.544","0.456","-162","162","3.03","7172","3832"
10,"2014-11-20",4753,"train","5763","5281","5543","0.544","0.456","-790","790","16.62","7213","3873"
10,"2014-11-21",5577,"train","6016","5527","5793","0.544","0.456","-216","216","3.87","7463","4123"
10,"2014-11-22",5337,"train","5256","4772","5035","0.544","0.456","302","302","5.66","6705","3365"
10,"2014-11-24",7774,"train","7006","6526","6787","0.544","0.456","987","987","12.70","8457","5117"
10,"2014-11-25",6454,"train","6175","5691","5954","0.544","0.456","500","500","7.75","7624","4284"
10,"2014-11-26",6882,"train","5726","5245","5507","0.544","0.456","1375","1375","19.98","7177","3837"
10,"2014-11-27",7212,"train","5771","5281","5548","0.544","0.456","1664","1664","23.07","7218","3878"
10,"2014-11-28",7421,"train","6023","5527","5797","0.544","0.456","1624","1624","21.88","7467","4127"
10,"2014-11-29",6517,"train","5263","4772","5039","0.544","0.456","1478","1478","22.68","6709","3369"
10,"2014-12-01",7440,"train","7602","6526","7111","0.544","0.456","329","329","4.42","8781","5441"
10,"2014-12-02",7432,"train","6772","5691","6279","0.544","0.456","1153","1153","15.51","7949","4609"
10,"2014-12-03",6532,"train","6322","5245","5831","0.544","0.456","701","701","10.73","7501","4161"
10,"2014-12-04",6665,"train","6367","5281","5872","0.544","0.456","793","793","11.90","7542","4202"
10,"2014-12-05",7349,"train","6619","5527","6121","0.544","0.456","1228","1228","16.71","7791","4451"
10,"2014-12-06",5292,"train","5860","4772","5364","0.544","0.456","-72","72","1.36","7034","3694"
10,"2014-12-08",5202,"train","7610","6526","7116","0.544","0.456","-1914","1914","36.79","8786","5446"
10,"2014-12-09",5636,"train","6779","5691","6283","0.544","0.456","-647","647","11.48","7953","4613"
10,"2014-12-10",5268,"train","6329","5245","5835","0.544","0.456","-567","567","10.76","7505","4165"
10,"2014-12-11",4621,"train","6375","5281","5876","0.544","0.456","-1255","1255","27.16","7546","4206"
10,"2014-12-12",5211,"train","6627","5527","6125","0.544","0.456","-914","914","17.54","7795","4455"
10,"2014-12-13",6041,"train","5867","4772","5368","0.544","0.456","673","673","11.14","7038","3698"
10,"2014-12-15",8833,"train","7617","6526","7120","0.544","0.456","1713","1713","19.39","8790","5450"
10,"2014-12-16",7707,"train","6786","5691","6287","0.544","0.456","1420","1420","18.42","7957","4617"
10,"2014-12-17",7015,"train","6337","5245","5839","0.544","0.456","1176","1176","16.76","7509","4169"
10,"2014-12-18",6569,"train","6382","5281","5880","0.544","0.456","689","689","10.49","7550","4210"
10,"2014-12-19",6922,"train","6634","5527","6129","0.544","0.456","793","793","11.46","7799","4459"
10,"2014-12-20",6482,"train","5874","4772","5371","0.544","0.456","1111","1111","17.14","7041","3701"
10,"2014-12-22",8597,"train","7625","6526","7124","0.544","0.456","1473","1473","17.13","8794","5454"
10,"2014-12-23",8406,"train","6794","5691","6291","0.544","0.456","2115","2115","25.16","7961","4621"
10,"2014-12-24",5239,"train","6344","5245","5843","0.544","0.456","-604","604","11.53","7513","4173"
10,"2014-12-27",4787,"train","5879","4772","5374","0.544","0.456","-587","587","12.26","7044","3704"
10,"2014-12-29",6157,"train","7629","6526","7126","0.544","0.456","-969","969","15.74","8796","5456"
10,"2014-12-30",6862,"train","6799","5691","6294","0.544","0.456","568","568","8.28","7964","4624"
10,"2014-12-31",4216,"train","6349","5245","5846","0.544","0.456","-1630","1630","38.66","7516","4176"
10,"2015-01-02",4902,"test","5664","5527","5602","0.544","0.456","-700","700","14.28","7272","3932"
10,"2015-01-03",4956,"test","4904","4772","4844","0.544","0.456","112","112","2.26","6514","3174"
10,"2015-01-05",7581,"test","6655","6526","6596","0.544","0.456","985","985","12.99","8266","4926"
10,"2015-01-06",6192,"test","5824","5691","5763","0.544","0.456","429","429","6.93","7433","4093"
10,"2015-01-07",5200,"test","5374","5245","5315","0.544","0.456","-115","115","2.21","6985","3645"
10,"2015-01-08",4534,"test","5419","5281","5356","0.544","0.456","-822","822","18.13","7026","3686"
10,"2015-01-09",5746,"test","5672","5527","5606","0.544","0.456","140","140","2.44","7276","3936"
10,"2015-01-10",4289,"test","4912","4772","4848","0.544","0.456","-559","559","13.03","6518","3178"
10,"2015-01-12",6460,"test","6662","6526","6600","0.544","0.456","-140","140","2.17","8270","4930"
10,"2015-01-13",5802,"test","5831","5691","5767","0.544","0.456","35","35","0.60","7437","4097"
10,"2015-01-14",5049,"test","5381","5245","5319","0.544","0.456","-270","270","5.35","6989","3649"
10,"2015-01-15",5656,"test","5427","5281","5360","0.544","0.456","296","296","5.23","7030","3690"
10,"2015-01-16",7036,"test","5679","5527","5610","0.544","0.456","1426","1426","20.27","7280","3940"
10,"2015-01-17",4867,"test","4919","4772","4852","0.544","0.456","15","15","0.31","6522","3182"
10,"2015-01-19",5302,"test","6669","6526","6604","0.544","0.456","-1302","1302","24.56","8274","4934"
10,"2015-01-20",4681,"test","5839","5691","5772","0.544","0.456","-1091","1091","23.31","7442","4102"
10,"2015-01-21",3792,"test","5389","5245","5323","0.544","0.456","-1531","1531","40.37","6993","3653"
10,"2015-01-22",4203,"test","5434","5281","5364","0.544","0.456","-1161","1161","27.62","7034","3694"
10,"2015-01-23",5131,"test","5686","5527","5613","0.544","0.456","-482","482","9.39","7283","3943"
10,"2015-01-24",4192,"test","4926","4772","4856","0.544","0.456","-664","664","15.84","6526","3186"
10,"2015-01-26",6088,"test","6677","6526","6608","0.544","0.456","-520","520","8.54","8278","4938"
10,"2015-01-27",6137,"test","5846","5691","5775","0.544","0.456","362","362","5.90","7445","4105"
10,"2015-01-28",5173,"test","5396","5245","5327","0.544","0.456","-154","154","2.98","6997","3657"
10,"2015-01-29",6203,"test","5441","5281","5368","0.544","0.456","835","835","13.46","7038","3698"
10,"2015-01-30",6350,"test","5694","5527","5618","0.544","0.456","732","732","11.53","7288","3948"
10,"2015-01-31",4806,"test","4934","4772","4860","0.544","0.456","-54","54","1.12","6530","3190"
10,"2015-02-02",7275,"test","6812","6526","6682","0.544","0.456","593","593","8.15","8352","5012"
10,"2015-02-03",5982,"test","5981","5691","5849","0.544","0.456","133","133","2.22","7519","4179"
10,"2015-02-04",6052,"test","5532","5245","5401","0.544","0.456","651","651","10.76","7071","3731"
10,"2015-02-05",5416,"test","5577","5281","5442","0.544","0.456","-26","26","0.48","7112","3772"
10,"2015-02-06",5772,"test","5829","5527","5691","0.544","0.456","81","81","1.40","7361","4021"
10,"2015-02-07",4770,"test","5069","4772","4934","0.544","0.456","-164","164","3.44","6604","3264"
10,"2015-02-09",4795,"test","6819","6526","6685","0.544","0.456","-1890","1890","39.42","8355","5015"
10,"2015-02-10",5094,"test","5989","5691","5853","0.544","0.456","-759","759","14.90","7523","4183"
10,"2015-02-11",5530,"test","5539","5245","5405","0.544","0.456","125","125","2.26","7075","3735"
10,"2015-02-12",4602,"test","5584","5281","5446","0.544","0.456","-844","844","18.34","7116","3776"
10,"2015-02-13",5285,"test","5836","5527","5695","0.544","0.456","-410","410","7.76","7365","4025"
10,"2015-02-14",4610,"test","5077","4772","4938","0.544","0.456","-328","328","7.11","6608","3268"
10,"2015-02-16",7738,"test","6827","6526","6690","0.544","0.456","1048","1048","13.54","8360","5020"
10,"2015-02-17",6615,"test","5996","5691","5857","0.544","0.456","758","758","11.46","7527","4187"
10,"2015-02-18",6502,"test","5546","5245","5409","0.544","0.456","1093","1093","16.81","7079","3739"
10,"2015-02-19",5858,"test","5591","5281","5450","0.544","0.456","408","408","6.96","7120","3780"
10,"2015-02-20",5743,"test","5844","5527","5699","0.544","0.456","44","44","0.77","7369","4029"
10,"2015-02-21",5302,"test","5084","4772","4942","0.544","0.456","360","360","6.79","6612","3272"
10,"2015-02-23",5348,"test","6834","6526","6694","0.544","0.456","-1346","1346","25.17","8364","5024"
10,"2015-02-24",4842,"test","6003","5691","5861","0.544","0.456","-1019","1019","21.05","7531","4191"
10,"2015-02-25",4347,"test","5554","5245","5413","0.544","0.456","-1066","1066","24.52","7083","3743"
10,"2015-02-26",4792,"test","5599","5281","5454","0.544","0.456","-662","662","13.81","7124","3784"
10,"2015-02-27",5562,"test","5851","5527","5703","0.544","0.456","-141","141","2.54","7373","4033"
10,"2015-02-28",5127,"test","5091","4772","4946","0.544","0.456","181","181","3.53","6616","3276"
10,"2015-03-02",7600,"test","6930","6526","6746","0.544","0.456","854","854","11.24","8416","5076"
10,"2015-03-03",6313,"test","6099","5691","5913","0.544","0.456","400","400","6.34","7583","4243"
10,"2015-03-04",5959,"test","5649","5245","5465","0.544","0.456","494","494","8.29","7135","3795"
10,"2015-03-05",5823,"test","5694","5281","5506","0.544","0.456","317","317","5.44","7176","3836"
10,"2015-03-06",6374,"test","5946","5527","5755","0.544","0.456","619","619","9.71","7425","4085"
10,"2015-03-07",4710,"test","5187","4772","4998","0.544","0.456","-288","288","6.11","6668","3328"
10,"2015-03-09",5821,"test","6937","6526","6750","0.544","0.456","-929","929","15.96","8420","5080"
10,"2015-03-10",5511,"test","6106","5691","5917","0.544","0.456","-406","406","7.37","7587","4247"
10,"2015-03-11",5043,"test","5656","5245","5469","0.544","0.456","-426","426","8.45","7139","3799"
10,"2015-03-12",4595,"test","5702","5281","5510","0.544","0.456","-915","915","19.91","7180","3840"
10,"2015-03-13",5755,"test","5954","5527","5759","0.544","0.456","-4","4","0.07","7429","4089"
10,"2015-03-14",5187,"test","5194","4772","5002","0.544","0.456","185","185","3.57","6672","3332"
10,"2015-03-16",8298,"test","6944","6526","6753","0.544","0.456","1545","1545","18.62","8423","5083"
10,"2015-03-17",6951,"test","6113","5691","5921","0.544","0.456","1030","1030","14.82","7591","4251"
10,"2015-03-18",6448,"test","5664","5245","5473","0.544","0.456","975","975","15.12","7143","3803"
10,"2015-03-19",4909,"test","5709","5281","5514","0.544","0.456","-605","605","12.32","7184","3844"
10,"2015-03-20",6836,"test","5961","5527","5763","0.544","0.456","1073","1073","15.70","7433","4093"
10,"2015-03-21",4508,"test","5201","4772","5005","0.544","0.456","-497","497","11.02","6675","3335"
10,"2015-03-23",5790,"test","6952","6526","6758","0.544","0.456","-968","968","16.72","8428","5088"
10,"2015-03-24",5059,"test","6121","5691","5925","0.544","0.456","-866","866","17.12","7595","4255"
10,"2015-03-25",3506,"test","5671","5245","5477","0.544","0.456","-1971","1971","56.22","7147","3807"
10,"2015-03-26",4778,"test","5716","5281","5518","0.544","0.456","-740","740","15.49","7188","3848"
10,"2015-03-27",5114,"test","5969","5527","5767","0.544","0.456","-653","653","12.77","7437","4097"
10,"2015-03-28",5332,"test","5209","4772","5010","0.544","0.456","322","322","6.04","6680","3340"
10,"2015-03-30",6774,"test","6959","6526","6762","0.544","0.456","12","12","0.18","8432","5092"
10,"2015-03-31",5848,"test","6128","5691","5929","0.544","0.456","-81","81","1.39","7599","4259"
10,"2015-04-01",6542,"test","5700","5245","5493","0.544","0.456","1049","1049","16.03","7163","3823"
10,"2015-04-02",6725,"test","5746","5281","5534","0.544","0.456","1191","1191","17.71","7204","3864"
10,"2015-04-04",6243,"test","5237","4772","5025","0.544","0.456","1218","1218","19.51","6695","3355"
10,"2015-04-07",5767,"test","6155","5691","5943","0.544","0.456","-176","176","3.05","7613","4273"
10,"2015-04-08",4971,"test","5705","5245","5495","0.544","0.456","-524","524","10.54","7165","3825"
10,"2015-04-09",4723,"test","5751","5281","5537","0.544","0.456","-814","814","17.23","7207","3867"
10,"2015-04-10",4792,"test","6003","5527","5786","0.544","0.456","-994","994","20.74","7456","4116"
10,"2015-04-11",4586,"test","5243","4772","5028","0.544","0.456","-442","442","9.64","6698","3358"
10,"2015-04-13",8442,"test","6993","6526","6780","0.544","0.456","1662","1662","19.69","8450","5110"
10,"2015-04-14",7002,"test","6162","5691","5947","0.544","0.456","1055","1055","15.07","7617","4277"
10,"2015-04-15",5948,"test","5713","5245","5500","0.544","0.456","448","448","7.53","7170","3830"
10,"2015-04-16",5915,"test","5758","5281","5540","0.544","0.456","375","375","6.34","7210","3870"
10,"2015-04-17",6521,"test","6010","5527","5790","0.544","0.456","731","731","11.21","7460","4120"
10,"2015-04-18",5807,"test","5250","4772","5032","0.544","0.456","775","775","13.35","6702","3362"
10,"2015-04-20",5130,"test","7001","6526","6784","0.544","0.456","-1654","1654","32.24","8454","5114"
10,"2015-04-21",5443,"test","6170","5691","5952","0.544","0.456","-509","509","9.35","7622","4282"
10,"2015-04-22",4826,"test","5720","5245","5503","0.544","0.456","-677","677","14.03","7173","3833"
10,"2015-04-23",5576,"test","5765","5281","5544","0.544","0.456","32","32","0.57","7214","3874"
10,"2015-04-24",5182,"test","6018","5527","5794","0.544","0.456","-612","612","11.81","7464","4124"
10,"2015-04-25",4631,"test","5258","4772","5036","0.544","0.456","-405","405","8.75","6706","3366"
10,"2015-04-27",7558,"test","7008","6526","6788","0.544","0.456","770","770","10.19","8458","5118"
10,"2015-04-28",6322,"test","6177","5691","5955","0.544","0.456","367","367","5.81","7625","4285"
10,"2015-04-29",6847,"test","5727","5245","5507","0.544","0.456","1340","1340","19.57","7177","3837"
10,"2015-04-30",8112,"test","5773","5281","5549","0.544","0.456","2563","2563","31.60","7219","3879"
10,"2015-05-02",6183,"test","5458","4772","5145","0.544","0.456","1038","1038","16.79","6815","3475"
10,"2015-05-04",8145,"test","7208","6526","6897","0.544","0.456","1248","1248","15.32","8567","5227"
10,"2015-05-05",5968,"test","6377","5691","6064","0.544","0.456","-96","96","1.61","7734","4394"
10,"2015-05-06",6627,"test","5928","5245","5617","0.544","0.456","1010","1010","15.24","7287","3947"
10,"2015-05-07",6011,"test","5973","5281","5657","0.544","0.456","354","354","5.89","7327","3987"
10,"2015-05-08",6650,"test","6225","5527","5907","0.544","0.456","743","743","11.17","7577","4237"
10,"2015-05-09",5447,"test","5465","4772","5149","0.544","0.456","298","298","5.47","6819","3479"
10,"2015-05-11",4847,"test","7215","6526","6901","0.544","0.456","-2054","2054","42.38","8571","5231"
10,"2015-05-12",5687,"test","6385","5691","6069","0.544","0.456","-382","382","6.72","7739","4399"
10,"2015-05-13",5938,"test","5935","5245","5620","0.544","0.456","318","318","5.36","7290","3950"
10,"2015-05-15",6869,"test","6231","5527","5910","0.544","0.456","959","959","13.96","7580","4240"
10,"2015-05-16",4879,"test","5471","4772","5152","0.544","0.456","-273","273","5.60","6822","3482"
10,"2015-05-18",7674,"test","7222","6526","6905","0.544","0.456","769","769","10.02","8575","5235"
10,"2015-05-19",6514,"test","6391","5691","6072","0.544","0.456","442","442","6.79","7742","4402"
10,"2015-05-20",5893,"test","5941","5245","5624","0.544","0.456","269","269","4.56","7294","3954"
10,"2015-05-21",6038,"test","5986","5281","5665","0.544","0.456","373","373","6.18","7335","3995"
10,"2015-05-22",6339,"test","6239","5527","5914","0.544","0.456","425","425","6.70","7584","4244"
10,"2015-05-23",5080,"test","5479","4772","5157","0.544","0.456","-77","77","1.52","6827","3487"
10,"2015-05-26",6506,"test","6397","5691","6075","0.544","0.456","431","431","6.62","7745","4405"
10,"2015-05-27",6046,"test","5947","5245","5627","0.544","0.456","419","419","6.93","7297","3957"
10,"2015-05-28",5070,"test","5992","5281","5668","0.544","0.456","-598","598","11.79","7338","3998"
10,"2015-05-29",6073,"test","6245","5527","5918","0.544","0.456","155","155","2.55","7588","4248"
10,"2015-05-30",5419,"test","5485","4772","5160","0.544","0.456","259","259","4.78","6830","3490"
10,"2015-06-01",7846,"test","7208","6526","6897","0.544","0.456","949","949","12.10","8567","5227"
10,"2015-06-02",7572,"test","6377","5691","6064","0.544","0.456","1508","1508","19.92","7734","4394"
10,"2015-06-03",6648,"test","5928","5245","5617","0.544","0.456","1031","1031","15.51","7287","3947"
10,"2015-06-04",6486,"test","5973","5281","5657","0.544","0.456","829","829","12.78","7327","3987"
10,"2015-06-05",5828,"test","6225","5527","5907","0.544","0.456","-79","79","1.36","7577","4237"
10,"2015-06-06",5087,"test","5465","4772","5149","0.544","0.456","-62","62","1.22","6819","3479"
10,"2015-06-08",6428,"test","7215","6526","6901","0.544","0.456","-473","473","7.36","8571","5231"
10,"2015-06-09",5299,"test","6385","5691","6069","0.544","0.456","-770","770","14.53","7739","4399"
10,"2015-06-10",5853,"test","5935","5245","5620","0.544","0.456","233","233","3.98","7290","3950"
10,"2015-06-11",5065,"test","5980","5281","5661","0.544","0.456","-596","596","11.77","7331","3991"
10,"2015-06-12",5385,"test","6232","5527","5911","0.544","0.456","-526","526","9.77","7581","4241"
10,"2015-06-13",5892,"test","5473","4772","5153","0.544","0.456","739","739","12.54","6823","3483"
10,"2015-06-15",7902,"test","7223","6526","6905","0.544","0.456","997","997","12.62","8575","5235"
10,"2015-06-16",6681,"test","6392","5691","6072","0.544","0.456","609","609","9.12","7742","4402"
10,"2015-06-17",6338,"test","5942","5245","5624","0.544","0.456","714","714","11.27","7294","3954"
10,"2015-06-18",5829,"test","5988","5281","5666","0.544","0.456","163","163","2.80","7336","3996"
10,"2015-06-19",6191,"test","6240","5527","5915","0.544","0.456","276","276","4.46","7585","4245"
10,"2015-06-20",4736,"test","5480","4772","5157","0.544","0.456","-421","421","8.89","6827","3487"
10,"2015-06-22",4264,"test","7230","6526","6909","0.544","0.456","-2645","2645","62.03","8579","5239"
10,"2015-06-23",5244,"test","6399","5691","6076","0.544","0.456","-832","832","15.87","7746","4406"
10,"2015-06-24",4896,"test","5950","5245","5629","0.544","0.456","-733","733","14.97","7299","3959"
10,"2015-06-25",5018,"test","5995","5281","5669","0.544","0.456","-651","651","12.97","7339","3999"
10,"2015-06-26",4771,"test","6247","5527","5919","0.544","0.456","-1148","1148","24.06","7589","4249"
10,"2015-06-27",4595,"test","5487","4772","5161","0.544","0.456","-566","566","12.32","6831","3491"
10,"2015-06-29",8057,"test","7238","6526","6913","0.544","0.456","1144","1144","14.20","8583","5243"
10,"2015-06-30",8565,"test","6407","5691","6081","0.544","0.456","2484","2484","29.00","7751","4411"
10,"2015-07-01",7896,"test","5726","5245","5507","0.544","0.456","2389","2389","30.26","7177","3837"
10,"2015-07-02",6317,"test","5771","5281","5548","0.544","0.456","769","769","12.17","7218","3878"
10,"2015-07-03",5915,"test","6023","5527","5797","0.544","0.456","118","118","1.99","7467","4127"
10,"2015-07-04",5120,"test","5264","4772","5040","0.544","0.456","80","80","1.56","6710","3370"
10,"2015-07-06",6143,"test","7014","6526","6791","0.544","0.456","-648","648","10.55","8461","5121"
10,"2015-07-07",5476,"test","6183","5691","5959","0.544","0.456","-483","483","8.82","7629","4289"
10,"2015-07-08",4865,"test","5733","5245","5510","0.544","0.456","-645","645","13.26","7180","3840"
10,"2015-07-09",4871,"test","5779","5281","5552","0.544","0.456","-681","681","13.98","7222","3882"
10,"2015-07-10",5747,"test","6031","5527","5801","0.544","0.456","-54","54","0.94","7471","4131"
10,"2015-07-11",4636,"test","5271","4772","5043","0.544","0.456","-407","407","8.78","6713","3373"
10,"2015-07-13",6757,"test","7021","6526","6795","0.544","0.456","-38","38","0.56","8465","5125"
10,"2015-07-14",7491,"test","6191","5691","5963","0.544","0.456","1528","1528","20.40","7633","4293"
10,"2015-07-15",6423,"test","5741","5245","5515","0.544","0.456","908","908","14.14","7185","3845"
10,"2015-07-16",6275,"test","5786","5281","5556","0.544","0.456","719","719","11.46","7226","3886"
10,"2015-07-17",5356,"test","6038","5527","5805","0.544","0.456","-449","449","8.38","7475","4135"
10,"2015-07-18",5761,"test","5278","4772","5047","0.544","0.456","714","714","12.39","6717","3377"
10,"2015-07-20",6111,"test","7029","6526","6800","0.544","0.456","-689","689","11.27","8470","5130"
10,"2015-07-21",6479,"test","6198","5691","5967","0.544","0.456","512","512","7.90","7637","4297"
10,"2015-07-22",5561,"test","5748","5245","5519","0.544","0.456","42","42","0.76","7189","3849"
10,"2015-07-23",6401,"test","5793","5281","5560","0.544","0.456","841","841","13.14","7230","3890"
10,"2015-07-24",6152,"test","6046","5527","5809","0.544","0.456","343","343","5.58","7479","4139"
10,"2015-07-25",4713,"test","5286","4772","5052","0.544","0.456","-339","339","7.19","6722","3382"
10,"2015-07-27",7212,"test","7036","6526","6803","0.544","0.456","409","409","5.67","8473","5133"
10,"2015-07-28",6140,"test","6205","5691","5971","0.544","0.456","169","169","2.75","7641","4301"
10,"2015-07-29",5524,"test","5755","5245","5522","0.544","0.456","2","2","0.04","7192","3852"
10,"2015-07-30",6186,"test","5801","5281","5564","0.544","0.456","622","622","10.05","7234","3894"
10,"2015-07-31",7185,"test","6053","5527","5813","0.544","0.456","1372","1372","19.10","7483","4143"
