"Store","StoreType","Assortment","competition_distance","inventory_risk","forecastability","replenishment_freq","store_segment","avg_daily_forecast","forecast_volatility","avg_mape","pct_excellent","pct_poor","safety_stock","reorder_point","min_stock_level","max_stock_level","optimal_order_qty","demand_cv_pct","alert_level","days_of_stock","velocity_ratio","recommended_order_qty","last_7d_avg_sales","last_7d_mape","sales_rank","accuracy_rank","total_sales","historical_avg_sales","total_customers","avg_daily_customers","sales_per_customer","trading_days","rank_by_avg_sales","rank_by_total_sales","rank_by_efficiency","percentile","promo_day_pct","growth_pct","historical_cv_pct","rfm_segment","composite_score"
817,"a","a","140","Low risk","Highly forecastable","Daily","Premium","21870","3489","10.62","58.6","1.0","16609","75581","9971","316151","153090","16.0","OK       - Stock sufficient","7.4","0.95","76545","20712","5.7","1","30","17057867","21757","2454370","3131","6.94","784","1","2","527","100.0","45.0","-8.6","21.5","Star",12
262,"b","a","1180","Low risk","Highly forecastable","Daily","Premium","20770","3426","9.67","61.4","3.0","15531","72101","9791","300571","145390","16.5","MONITOR  - Reorder soon","6.4","1.10","72695","22793","11.7","2","17","19516842","20719","3204694","3402","6.06","942","2","1","567","99.9","38.2","0.2","22.5","Star",9
1114,"a","c","870","Low risk","Highly forecastable","Daily","Premium","20540","1400","11.02","56.5","2.5","10470","65621","4001","291561","143780","6.8","MONITOR  - Reorder soon","5.9","1.19","71890","24417","16.1","3","37","16202585","20667","2509542","3201","6.45","784","3","4","552","99.8","45.0","5.9","16.7","Star",12
251,"a","c","340","Low risk","Forecastable","Daily","Premium","19092","1336","13.04","47.1","5.1","10933","61094","3818","271106","133644","7.0","OK       - Stock sufficient","7.1","0.98","66822","18746","15.0","4","85","14896870","19123","1908934","2450","7.77","779","4","5","454","99.7","44.9","2.3","18.6","Star",11
842,"d","c","1200","Low risk","Forecastable","Daily","Premium","18361","1706","13.01","49.2","7.4","11702","59959","4876","261930","128527","9.3","MONITOR  - Reorder soon","5.7","1.24","64264","22678","13.0","5","83","11553523","18575","714829","1149","16.06","622","5","17","1","99.6","44.1","10.8","20.4","Star",9
513,"a","a","400","Low risk","Forecastable","Daily","Premium","18153","1313","13.39","45.7","4.8","10699","58211","3752","257894","127071","7.2","OK       - Stock sufficient","7.2","0.97","63536","17583","9.0","6","96","14252406","18179","1643527","2096","8.63","784","6","6","377","99.6","45.0","-5.5","18.1","Star",12
562,"b","c","1210","Low risk","Highly forecastable","Daily","Premium","18034","1823","9.31","63.6","1.4","10008","59312","5210","257686","126238","10.1","OK       - Stock sufficient","7.1","0.99","63119","17876","6.4","7","11","16927322","17970","2924960","3105","5.76","942","7","3","571","99.5","38.2","0.1","16.3","Star",9
788,"a","c","1530","Low risk","Forecastable","Daily","Premium","18013","1694","11.80","49.1","3.5","10916","58880","4841","257023","126091","9.4","OK       - Stock sufficient","7.3","0.96","63046","17320","7.7","8","46","14082141","17962","1346835","1718","10.44","784","8","7","220","99.4","45.0","1.9","17.5","Star",12
383,"a","c","350","Low risk","Forecastable","Daily","Premium","17383","988","12.18","49.6","3.4","8874","54973","2824","246186","121681","5.7","MONITOR  - Reorder soon","6.8","1.03","60841","17956","11.5","9","58","13489879","17295","1720249","2205","7.81","780","9","9","451","99.3","44.7","-0.5","16.1","Star",9
756,"a","c","50","Low risk","Forecastable","Daily","Premium","16698","1599","17.04","38.4","14.8","12701","54664","4570","238342","116886","9.6","MONITOR  - Reorder soon","6.5","1.08","58443","17997","22.2","10","334","12911782","16575","1827980","2347","7.04","779","10","10","519","99.2","44.9","6.1","23.6","Star",10
523,"c","c","50","Low risk","Forecastable","Daily","Premium","15489","1667","13.81","42.2","8.2","10877","51231","4764","221610","108423","10.8","OK       - Stock sufficient","7.9","0.88","54212","13705","10.9","11","113","12175995","15531","1397803","1783","8.66","784","12","13","374","99.0","45.0","-15.5","21.7","Star",12
698,"a","a","1790","Low risk","Highly forecastable","Daily","Premium","15469","1210","10.38","55.6","1.7","8047","49865","3458","220024","108283","7.8","MONITOR  - Reorder soon","6.8","1.04","54142","16014","8.1","12","27","12202270","15564","1518304","1937","8.00","784","11","12","435","99.1","45.0","7.4","16.1","Star",11
586,"a","c","250","Low risk","Forecastable","Daily","Premium","15285","1521","15.84","41.5","11.2","11266","50202","4347","218337","106995","10.0","MONITOR  - Reorder soon","6.7","1.04","53498","15942","21.6","13","249","11742401","15132","1832458","2361","6.39","776","13","15","556","98.9","44.8","7.9","23.4","Star",9
733,"b","b","860","Low risk","Highly forecastable","Daily","Premium","15001","733","8.35","69.0","1.4","5675","47098","2095","212109","105007","4.9","OK       - Stock sufficient","7.1","0.98","52504","14731","7.6","14","3","14067158","14933","3206058","3403","4.39","942","15","8","577","98.7","38.2","4.8","12.3","Star",9
320,"a","c","210","Low risk","Forecastable","Daily","Premium","14926","1669","14.88","43.8","9.2","11117","49548","4770","213734","104482","11.2","MONITOR  - Reorder soon","6.4","1.10","52241","16437","15.5","15","189","11630218","14834","1617489","2063","7.13","784","16","16","513","98.7","45.0","3.5","23.0","Star",12
595,"c","c","1130","Low risk","Forecastable","Daily","Premium","14862","1293","15.84","39.4","12.1","10423","48281","3695","211763","104034","8.7","OK       - Stock sufficient","7.0","0.99","52017","14774","16.1","16","249","11774982","15019","1382516","1763","8.44","784","14","14","393","98.8","45.0","3.4","22.4","Star",12
380,"a","a","2240","Low risk","Hard to forecast","Daily","Premium","14478","1044","19.40","30.1","18.6","11011","46418","2984","205676","101346","7.2","OK       - Stock sufficient","7.0","1.01","50673","14576","17.0","17","497","11261676","14457","1075375","1380","10.38","779","17","18","225","98.6","44.9","-1.5","23.6","Star",10
544,"a","a","250","Low risk","Hard to forecast","Daily","Premium","14209","2583","18.98","35.1","16.8","15089","50009","7382","206308","99463","18.2","MONITOR  - Reorder soon","6.9","1.02","49732","14513","13.4","18","467","10993709","14094","1439156","1845","7.54","780","18","19","473","98.5","45.1","-6.8","29.9","High Volume",10
336,"a","a","190","Low risk","Forecastable","Daily","Premium","14000","1499","17.26","33.8","14.0","11190","46284","4284","200284","98000","10.7","MONITOR  - Reorder soon","6.4","1.09","49000","15253","15.4","19","347","10850316","13911","1529043","1960","7.02","780","19","22","521","98.4","44.7","-1.9","23.6","Star",8
1033,"a","a","7680","Low risk","Forecastable","Daily","Premium","13750","1897","15.31","38.7","10.4","11438","46671","5421","197921","96250","13.8","MONITOR  - Reorder soon","6.5","1.07","48125","14707","14.2","20","218","10870270","13865","1018597","1299","10.60","784","20","20","206","98.3","45.0","2.3","23.7","Star",11
546,"a","a","580","Low risk","Highly forecastable","Daily","Premium","13654","1290","10.80","54.8","1.7","7901","44649","3687","194843","95578","9.4","MONITOR  - Reorder soon","6.9","1.01","47789","13855","5.6","21","33","10726323","13682","1271083","1621","8.42","784","21","23","395","98.2","45.0","6.0","17.2","Star",12
467,"a","c","20390","Low risk","Forecastable","Daily","Premium","13619","1027","15.88","41.8","10.6","9116","43792","2935","193601","95333","7.5","OK       - Stock sufficient","7.2","0.97","47667","13260","17.1","22","252","10501035","13480","1257034","1614","8.31","779","23","25","406","98.0","44.9","0.6","21.6","Star",11
560,"c","c","1910","Low risk","Forecastable","Daily","Premium","13447","1242","16.48","40.1","12.7","9883","43890","3549","191807","94129","9.2","MONITOR  - Reorder soon","6.1","1.16","47065","15547","16.4","23","292","10168806","13613","1225287","1640","8.23","747","22","31","413","98.1","45.2","7.1","24.2","Star",11
470,"a","c","50","Low risk","Hard to forecast","Daily","Premium","13437","925","20.57","34.8","20.9","10543","42955","2644","190762","94059","6.9","OK       - Stock sufficient","7.5","0.94","47030","12569","17.0","24","570","10174712","13112","1377377","1775","7.33","776","25","30","493","97.8","44.8","1.8","24.0","Star",9
335,"b","a","90","Medium risk","Hard to forecast","Daily","Premium","13274","3236","20.89","29.1","16.2","17173","49070","9248","195084","92918","24.4","MONITOR  - Reorder soon","6.6","1.07","46459","14184","16.3","25","584","12541731","13314","2246936","2385","5.50","942","24","11","574","97.9","38.2","6.0","35.8","High Volume",6
1027,"a","c","190","Low risk","Hard to forecast","Daily","Premium","13208","1595","21.68","26.1","22.7","12742","44182","4558","189470","92456","12.1","MONITOR  - Reorder soon","5.6","1.24","46228","16374","22.8","26","624","8163847","13104","1032892","1658","7.79","623","26","70","453","97.8","44.1","1.6","28.7","High Volume",7
768,"a","c","2630","Low risk","Hard to forecast","Daily","Premium","13041","1566","18.02","36.4","18.3","11191","43598","4475","187049","91287","12.0","MONITOR  - Reorder soon","6.3","1.11","45644","14511","18.1","27","398","10185601","12992","1054827","1345","9.53","784","28","29","300","97.6","45.0","4.8","25.8","Star",10
84,"a","c","11810","Low risk","Forecastable","Daily","Premium","12948","1388","15.28","40.0","10.6","9621","42811","3967","185239","90636","10.7","MONITOR  - Reorder soon","6.8","1.03","45318","13295","13.7","28","216","10092722","12956","1084610","1392","9.23","779","29","32","325","97.5","44.9","4.7","22.8","Star",11
827,"a","c","250","Low risk","Highly forecastable","Daily","Premium","12851","1986","11.90","51.4","5.3","10046","44229","5676","185590","89957","15.5","MONITOR  - Reorder soon","5.6","1.26","44979","16165","9.5","29","47","10000214","12772","1302475","1663","7.69","783","30","33","462","97.4","45.1","18.6","23.8","Star",11
211,"a","c","350","Low risk","Forecastable","Daily","Premium","12815","1993","14.73","38.7","7.0","11090","44141","5696","185106","89705","15.6","MONITOR  - Reorder soon","6.1","1.15","44853","14750","16.9","30","177","10187567","12994","1164871","1486","8.67","784","27","28","373","97.7","45.0","3.5","24.4","Star",10
261,"d","c","15340","Medium risk","Hard to forecast","Daily","Premium","12799","2820","26.39","24.7","32.0","17712","46456","8059","187245","89593","22.0","MONITOR  - Reorder soon","6.9","1.02","44797","13060","14.0","31","741","9828244","12616","739220","949","12.93","779","32","35","54","97.2","44.9","0.4","38.6","High Volume",7
831,"a","a","800","Low risk","Hard to forecast","Daily","Premium","12745","1826","21.56","31.1","20.0","13071","43453","5218","183648","89215","14.3","MONITOR  - Reorder soon","6.8","1.03","44608","13151","18.4","32","617","9884733","12689","1228453","1577","7.94","779","31","34","440","97.3","44.9","1.9","28.5","High Volume",8
1014,"a","c","210","Medium risk","Hard to forecast","Daily","Premium","12578","3384","21.03","32.2","21.0","17231","47405","9671","185763","88046","26.9","OK       - Stock sufficient","7.6","0.92","44023","11541","32.7","33","593","9509102","12207","1051375","1350","8.95","779","33","36","351","97.1","44.9","-1.0","37.5","High Volume",7
444,"c","a","1700","Low risk","Hard to forecast","Daily","Premium","12451","1824","16.28","45.3","15.7","11006","42566","5213","179527","87157","14.6","MONITOR  - Reorder soon","6.6","1.05","43579","13120","15.2","34","279","9470625","12189","1105765","1423","8.56","777","34","37","383","97.0","44.9","1.9","26.9","High Volume",9
820,"a","c","1650","Low risk","Forecastable","Daily","Premium","12283","891","13.25","46.2","8.1","7198","39395","2546","174508","85981","7.3","MONITOR  - Reorder soon","6.4","1.10","42991","13522","15.4","35","91","7517399","12086","677726","1090","11.05","622","35","104","172","96.9","44.1","-2.9","18.0","Star",9
469,"c","c","710","Low risk","Hard to forecast","Daily","Premium","11961","1140","19.19","36.5","20.8","9818","39141","3258","170712","83727","9.5","MONITOR  - Reorder soon","6.5","1.08","41864","12873","23.4","36","479","9330742","11901","1192174","1521","7.75","784","37","38","456","96.8","45.0","-2.8","25.6","Star",10
1018,"c","c","140","Low risk","Hard to forecast","Daily","Premium","11877","1061","16.34","42.8","15.8","8579","38663","3032","169310","83139","8.9","OK       - Stock sufficient","7.0","0.99","41570","11812","14.5","37","283","9187204","11748","1063112","1359","8.56","782","39","40","383","96.6","45.0","1.3","24.2","Star",11
1092,"a","a","300","Low risk","Highly forecastable","Daily","Premium","11817","970","10.37","56.4","1.6","6274","38223","2772","168210","82719","8.2","MONITOR  - Reorder soon","5.6","1.25","41360","14765","21.0","38","26","7439455","11961","724644","1165","10.23","622","36","110","239","96.9","44.1","6.7","15.7","Star",9
903,"d","c","7290","Low risk","Forecastable","Daily","Premium","11813","965","13.10","47.5","7.1","7180","38197","2758","168140","82691","8.2","MONITOR  - Reorder soon","6.0","1.16","41346","13694","13.6","39","86","7300878","11738","508657","818","14.31","622","40","126","9","96.5","44.1","2.0","18.8","Star",9
125,"a","a","760","Low risk","Forecastable","Daily","Premium","11773","1466","15.45","38.3","9.9","9388","39509","4190","169012","82411","12.5","MONITOR  - Reorder soon","6.3","1.12","41206","13127","15.2","40","227","9280089","11837","1233970","1574","7.46","784","38","39","480","96.7","45.0","1.5","23.2","Star",12
259,"b","b","210","Low risk","Highly forecastable","Daily","Premium","11658","1754","8.81","66.3","2.8","7948","39987","5013","168225","81606","15.0","MONITOR  - Reorder soon","6.5","1.07","40803","12514","5.8","41","7","10851871","11656","2210980","2375","4.88","931","41","21","575","96.4","38.2","16.3","21.5","Star",9
640,"d","c","8040","Low risk","Hard to forecast","Daily","Premium","11509","977","17.34","37.3","17.3","8496","37319","2792","163918","80563","8.5","MONITOR  - Reorder soon","6.5","1.07","40282","12350","11.3","42","352","8984969","11534","685137","880","13.00","779","44","44","50","96.1","44.9","6.8","23.0","Star",11
390,"a","c","1600","Low risk","Hard to forecast","Daily","Premium","11494","1132","17.04","34.6","15.4","8833","37717","3235","164151","80458","9.8","MONITOR  - Reorder soon","6.3","1.10","40229","12681","17.0","43","334","9023552","11569","832564","1067","10.74","780","42","42","194","96.3","45.3","2.7","23.3","Star",11
449,"a","c","120","Low risk","Forecastable","Daily","Premium","11413","1516","17.16","35.6","13.3","9930","38572","4333","164115","79891","13.3","MONITOR  - Reorder soon","6.7","1.05","39946","11947","12.1","44","340","8789176","11254","1198781","1535","7.26","781","47","45","500","95.9","44.8","-3.1","25.7","Star",9
1075,"a","c","1410","Low risk","Highly forecastable","Daily","Premium","11377","900","8.81","66.0","1.4","5437","36703","2572","161850","79639","7.9","OK       - Stock sufficient","7.0","1.00","39820","11371","6.1","45","7","9004545","11485","856724","1093","10.48","784","45","43","216","96.1","45.0","0.6","13.7","Star",11
479,"a","a","320","Low risk","Forecastable","Daily","Premium","11311","1826","16.47","40.5","13.3","10543","39151","5218","163572","79177","16.1","MONITOR  - Reorder soon","5.9","1.19","39589","13508","20.7","46","291","8782548","11231","1039144","1329","8.36","782","48","46","401","95.8","44.9","4.3","27.0","High Volume",9
974,"a","a","150","Low risk","Forecastable","Daily","Premium","11248","1176","12.07","47.9","3.5","7241","37105","3361","160833","78736","10.5","MONITOR  - Reorder soon","5.9","1.19","39368","13363","16.0","47","54","7178474","11541","971204","1561","7.36","622","43","140","490","96.2","44.1","9.9","18.8","Star",9
207,"a","a","6870","Low risk","Hard to forecast","Daily","Premium","11245","1860","18.84","33.8","17.9","11370","39051","5316","162746","78715","16.5","MONITOR  - Reorder soon","6.5","1.08","39358","12192","14.8","48","456","8768418","11184","1019499","1300","8.47","784","50","47","391","95.6","45.0","1.4","29.1","High Volume",9
539,"a","a","770","Low risk","Highly forecastable","Daily","Premium","11244","817","10.68","53.9","1.5","5767","36067","2335","159751","78708","7.3","MONITOR  - Reorder soon","6.2","1.13","39354","12705","13.1","49","31","7035419","11311","710498","1142","9.86","622","46","155","270","96.0","44.1","2.1","15.2","Star",9
1066,"a","a","3350","Low risk","Highly forecastable","Daily","Premium","11211","817","12.50","51.2","6.0","6340","35968","2335","159289","78477","7.3","OK       - Stock sufficient","8.3","0.84","39239","9431","22.9","50","65","8626583","11074","877097","1126","9.80","779","53","49","275","95.3","44.9","-1.0","17.4","Star",11
25,"c","a","430","Low risk","Forecastable","Daily","Premium","11155","1328","18.12","37.5","12.4","9572","37260","3795","159965","78085","11.9","OK       - Stock sufficient","7.5","0.94","39043","10443","15.5","51","404","8376557","11169","1177772","1570","7.05","750","51","58","518","95.5","45.1","-4.9","25.1","Star",11
234,"d","a","4370","Low risk","Hard to forecast","Daily","Premium","11138","1502","24.11","28.2","29.2","11967","37707","4293","160225","77966","13.5","OK       - Stock sufficient","7.2","0.97","38983","10786","18.5","52","712","8625334","11072","798258","1025","10.61","779","54","50","205","95.2","44.9","2.0","31.7","High Volume",7
682,"b","a","150","Medium risk","Forecastable","Daily","Premium","11111","2340","15.33","40.6","6.9","11555","40020","6687","162241","77777","21.1","MONITOR  - Reorder soon","6.9","1.02","38889","11305","11.0","53","219","10557379","11207","1656830","1759","6.28","942","49","24","561","95.7","38.2","1.8","29.0","High Volume",7
726,"a","c","40540","Medium risk","Hard to forecast","Daily","Premium","11107","2643","19.60","33.4","20.5","13775","40874","7553","163051","77749","23.8","MONITOR  - Reorder soon","6.5","1.08","38875","12035","15.4","54","508","8617965","11049","830336","1065","10.23","780","55","51","239","95.2","45.1","4.2","35.5","High Volume",9
416,"a","c","4650","Low risk","Forecastable","Daily","Premium","11022","1049","14.97","40.4","9.5","7713","36064","2998","157306","77154","9.5","MONITOR  - Reorder soon","6.5","1.07","38577","11780","12.8","55","198","8633413","11012","1096337","1398","7.81","784","57","48","451","95.0","45.0","6.5","21.2","Star",12
502,"a","a","220","Low risk","Hard to forecast","Daily","Premium","11004","1037","17.18","36.1","16.2","8366","35976","2964","157020","77028","9.4","MONITOR  - Reorder soon","6.7","1.05","38514","11526","13.2","56","341","8377408","10824","1176212","1520","7.06","774","63","57","517","94.4","45.2","-3.0","24.1","Star",11
713,"a","c","220","Low risk","Hard to forecast","Daily","Premium","10968","922","20.12","34.0","21.0","8942","35539","2635","156187","76776","8.4","OK       - Stock sufficient","8.6","0.81","38388","8935","34.7","57","546","8349365","10718","1023424","1314","8.08","779","68","59","427","94.0","44.9","-10.0","25.1","Star",10
57,"d","c","420","Low risk","Hard to forecast","Daily","Premium","10956","1961","22.06","35.0","25.0","12512","38472","5604","158988","76692","17.9","OK       - Stock sufficient","7.6","0.92","38346","10086","12.1","58","638","8155633","10606","761161","990","10.54","769","76","71","211","93.3","45.1","-20.1","34.8","High Volume",9
906,"a","a","90","Low risk","Hard to forecast","Daily","Premium","10952","1149","17.34","38.6","20.1","8711","36140","3284","156612","76664","10.5","MONITOR  - Reorder soon","6.5","1.07","38332","11754","10.4","59","352","8535775","10929","992530","1271","8.53","781","59","53","385","94.8","44.8","-5.0","24.4","Star",8
342,"d","c","15770","Low risk","Forecastable","Daily","Premium","10882","667","13.99","41.7","7.1","6257","34552","1906","154254","76174","6.1","MONITOR  - Reorder soon","5.8","1.21","38087","13136","19.4","60","125","6895670","11104","527685","850","13.00","621","52","168","50","95.4","44.0","4.7","18.7","Star",9
432,"a","a","810","Low risk","Highly forecastable","Daily","Premium","10876","1672","12.44","50.6","1.9","8645","37406","4778","157042","76132","15.4","MONITOR  - Reorder soon","5.9","1.18","38066","12885","13.4","61","63","8610571","10983","1218907","1555","7.05","784","58","52","518","94.9","45.0","7.0","22.1","Star",12
108,"d","c","2190","Low risk","Forecastable","Daily","Premium","10843","1171","12.52","46.2","5.8","7226","35876","3347","155149","75901","10.8","MONITOR  - Reorder soon","5.5","1.28","37951","13871","15.3","62","66","6863994","11035","527942","849","12.92","622","56","171","55","95.1","44.1","19.4","21.2","Star",9
769,"b","b","840","Low risk","Highly forecastable","Daily","Premium","10827","1108","8.82","65.7","1.9","5896","35648","3167","154745","75789","10.2","MONITOR  - Reorder soon","6.5","1.08","37895","11644","8.3","63","8","10198000","10826","2902351","3081","3.53","942","62","27","582","94.5","38.2","18.1","17.1","Star",9
532,"a","c","1070","Low risk","Highly forecastable","Daily","Premium","10800","736","13.76","53.3","2.5","6350","34503","2103","153303","75600","6.8","OK       - Stock sufficient","7.1","0.99","37800","10716","5.1","64","110","8487100","10895","996269","1279","8.49","779","60","54","389","94.7","44.9","5.0","17.7","Star",11
464,"c","a","520","Low risk","Forecastable","Daily","Premium","10793","1294","14.11","45.6","10.1","8050","36077","3698","154800","75551","12.0","MONITOR  - Reorder soon","6.6","1.06","37776","11465","11.9","65","132","8343864","10643","1023585","1306","8.14","784","72","61","422","93.6","45.0","0.3","23.1","Star",12
527,"d","c","5830","Low risk","Forecastable","Daily","Premium","10787","741","14.67","43.8","9.0","6640","34479","2118","153136","75509","6.9","MONITOR  - Reorder soon","6.7","1.04","37755","11259","14.0","66","172","8383796","10735","781383","1000","10.67","781","65","56","201","94.3","44.9","5.2","20.3","Star",11
423,"b","a","1270","Low risk","Highly forecastable","Daily","Premium","10751","1452","10.35","59.2","3.3","7330","36403","4150","154664","75257","13.5","MONITOR  - Reorder soon","6.3","1.11","37629","11929","8.3","67","25","10200356","10828","1776735","1886","5.74","942","61","26","572","94.6","38.2","2.4","20.0","Star",9
963,"a","c","23620","Medium risk","Hard to forecast","Daily","Premium","10744","3384","21.05","28.5","18.6","16135","41903","9671","160087","75208","31.5","MONITOR  - Reorder soon","6.0","1.17","37604","12549","22.3","68","595","8385406","10764","791630","1016","10.44","779","64","55","220","94.3","45.1","5.8","41.9","High Volume",9
528,"a","c","20620","Low risk","Hard to forecast","Daily","Premium","10732","1370","19.69","30.7","20.3","9954","36111","3915","154163","75124","12.8","MONITOR  - Reorder soon","6.4","1.10","37562","11767","13.4","69","516","8338762","10704","744295","955","11.06","779","70","62","171","93.8","44.9","2.9","27.0","High Volume",9
195,"a","c","220","Low risk","Hard to forecast","Daily","Premium","10715","830","18.75","34.8","16.7","8114","34517","2372","152382","75005","7.7","MONITOR  - Reorder soon","6.9","1.02","37503","10891","16.1","70","449","8345567","10713","1011485","1298","8.18","779","69","60","418","93.9","44.9","3.4","23.2","Star",11
526,"a","a","120","Low risk","Hard to forecast","Daily","Premium","10695","1931","20.30","31.6","19.0","11723","37604","5519","155249","74865","18.1","MONITOR  - Reorder soon","6.5","1.08","37433","11557","13.3","71","554","8312841","10630","1139140","1457","7.18","782","74","64","508","93.4","45.1","4.3","30.4","High Volume",9
252,"d","c","22330","Low risk","Hard to forecast","Daily","Premium","10659","1157","20.89","31.6","22.4","9670","35284","3307","152533","74613","10.9","MONITOR  - Reorder soon","6.3","1.11","37307","11862","20.4","72","584","8269484","10616","630702","810","12.96","779","75","67","51","93.4","44.9","-2.5","27.2","High Volume",9
645,"a","a","90","Low risk","Hard to forecast","Daily","Premium","10650","839","20.63","28.8","23.1","8677","34348","2398","151498","74550","7.9","WATCH    - Demand surging","5.3","1.31","97661","13967","28.9","73","573","8337410","10730","1031306","1327","8.00","777","66","63","435","94.2","44.8","-1.9","25.6","Star",9
697,"d","a","3780","Low risk","Hard to forecast","Daily","Premium","10635","970","17.44","33.6","16.5","8073","34677","2772","151662","74445","9.1","MONITOR  - Reorder soon","6.7","1.05","37223","11145","14.2","74","359","8301159","10656","782616","1005","10.50","779","71","65","214","93.7","44.9","7.4","23.9","Star",10
545,"a","c","5020","Low risk","Hard to forecast","Daily","Premium","10603","1497","20.21","27.8","22.0","10402","36087","4278","152720","74221","14.1","MONITOR  - Reorder soon","6.2","1.12","37111","11891","18.1","75","550","8284865","10635","799891","1027","10.23","779","73","66","239","93.5","44.9","6.7","28.4","High Volume",8
729,"c","c","8980","Low risk","Forecastable","Daily","Premium","10531","1374","17.49","36.5","14.0","9191","35520","3927","151361","73717","13.0","MONITOR  - Reorder soon","6.6","1.07","36859","11220","20.6","76","362","8217604","10549","843139","1082","9.64","779","77","68","289","93.2","44.9","7.2","26.1","Star",10
755,"d","c","13130","Low risk","Forecastable","Daily","Premium","10498","1231","13.85","46.7","9.1","7673","35012","3518","150490","73486","11.7","MONITOR  - Reorder soon","6.4","1.09","36743","11468","9.2","77","116","8187392","10483","699323","895","11.62","781","78","69","130","93.1","45.1","7.5","22.5","Star",12
909,"a","c","1680","Low risk","Hard to forecast","Daily","Premium","10487","1149","20.53","28.0","23.3","9437","34745","3284","150102","73409","11.0","WATCH    - Demand surging","5.1","1.37","100570","14392","21.4","78","566","6512493","10729","619197","1020","10.35","607","67","223","228","94.1","44.0","12.6","30.3","High Volume",6
983,"a","a","40","Low risk","Hard to forecast","Daily","Premium","10405","1433","21.95","32.2","24.8","10622","35310","4095","149765","72835","13.8","OK       - Stock sufficient","8.0","0.87","36418","9056","25.4","79","634","7941077","10286","1068066","1384","7.37","772","83","82","489","92.6","45.3","-21.5","31.1","High Volume",9
704,"d","c","1910","Low risk","Forecastable","Daily","Premium","10383","1646","12.76","46.0","5.2","8490","35853","4704","150066","72681","15.9","MONITOR  - Reorder soon","6.8","1.03","36341","10731","6.7","80","74","8138397","10394","843720","1078","9.62","783","79","72","291","93.0","45.0","9.8","23.5","Star",10
580,"a","c","170","Low risk","Forecastable","Daily","Premium","10381","994","14.87","43.4","9.6","7252","33984","2841","148175","72667","9.6","OK       - Stock sufficient","7.6","0.92","36334","9546","14.9","81","188","7994967","10198","1256554","1603","6.34","784","89","77","559","92.1","45.0","-3.7","22.7","Star",12
64,"d","c","22560","Low risk","Hard to forecast","Daily","Premium","10374","983","18.29","36.3","19.0","8232","33931","2809","148045","72618","9.5","MONITOR  - Reorder soon","6.0","1.17","36309","12131","15.0","82","416","8070070","10360","617633","793","12.94","779","80","74","53","92.9","44.9","14.2","25.5","Star",10
358,"a","a","2890","Low risk","Hard to forecast","Daily","Premium","10327","1104","18.47","36.1","18.0","8606","34136","3155","147733","72289","10.7","MONITOR  - Reorder soon","6.8","1.03","36145","10605","16.9","83","430","8028461","10306","874499","1123","9.07","779","82","75","340","92.7","44.9","2.6","25.2","Star",10
388,"a","a","2260","Low risk","Forecastable","Daily","Premium","10281","1293","16.82","34.1","13.5","8637","34538","3695","147629","71967","12.6","OK       - Stock sufficient","7.2","0.98","35984","10025","13.0","84","319","7990920","10258","854131","1096","9.27","779","84","78","322","92.5","44.9","5.1","24.4","Star",10
396,"a","c","23130","Medium risk","Hard to forecast","Daily","Premium","10265","2431","17.25","38.5","16.2","12008","37743","6948","150658","71855","23.7","MONITOR  - Reorder soon","6.3","1.11","35928","11363","16.0","85","346","7973232","10222","840769","1078","9.44","780","88","81","306","92.2","45.0","4.9","33.8","High Volume",9
787,"c","c","3210","Low risk","Forecastable","Daily","Premium","10265","1450","15.16","43.1","12.9","8591","34939","4144","147854","71855","14.1","MONITOR  - Reorder soon","6.5","1.08","35928","11077","13.4","85","209","7977175","10227","890735","1142","8.88","780","87","79","357","92.3","45.1","7.3","25.4","Star",11
389,"a","c","6690","Low risk","Forecastable","Daily","Premium","10251","1438","13.40","44.7","5.3","8035","34863","4110","147624","71757","14.0","MONITOR  - Reorder soon","6.4","1.09","35879","11207","12.4","86","97","8104523","10337","992082","1265","8.10","784","81","73","426","92.8","45.0","10.6","22.5","Star",12
1112,"c","c","1880","Low risk","Hard to forecast","Daily","Premium","10243","1617","23.12","28.0","24.6","11389","35350","4621","148023","71701","15.8","OK       - Stock sufficient","7.7","0.90","35851","9266","15.5","87","677","7974294","10237","653276","839","11.99","779","85","80","103","92.5","44.9","-16.5","32.6","High Volume",7
525,"d","c","1870","Low risk","Highly forecastable","Daily","Premium","10240","745","12.27","50.8","4.8","5720","32849","2129","145489","71680","7.3","OK       - Stock sufficient","7.2","0.97","35840","9979","8.8","88","61","8012460","10233","685569","876","11.64","783","86","76","128","92.4","45.1","-1.9","16.6","Star",12
42,"a","c","290","Low risk","Forecastable","Daily","Premium","10200","1145","16.41","36.2","14.2","8056","33872","3272","146072","71400","11.2","OK       - Stock sufficient","7.0","1.00","35700","10238","12.8","89","287","7928768","10178","856938","1100","9.16","779","91","84","332","91.9","44.9","7.2","24.4","Star",10
178,"d","a","1710","Low risk","Hard to forecast","Daily","Premium","10170","1678","19.23","32.2","19.8","10385","35306","4796","147176","71190","16.5","MONITOR  - Reorder soon","6.4","1.09","35595","11070","12.7","90","483","7870142","10090","720381","924","10.76","780","94","86","192","91.7","45.1","8.1","29.2","High Volume",10
256,"a","c","80","Low risk","Hard to forecast","Daily","Premium","10161","981","24.19","30.7","28.1","9828","33287","2804","145058","71127","9.7","OK       - Stock sufficient","8.0","0.88","35564","8922","32.6","91","714","7630314","9833","967823","1247","7.79","776","103","97","453","90.8","44.8","-9.1","28.8","High Volume",8
1089,"d","a","5220","Low risk","Forecastable","Daily","Premium","10141","802","17.60","38.4","14.5","7393","32715","2292","144266","70987","7.9","MONITOR  - Reorder soon","6.6","1.07","35494","10804","16.4","92","368","7915233","10161","781006","1003","10.06","779","92","85","255","91.8","44.9","3.9","22.4","Star",11
104,"a","a","390","Low risk","Highly forecastable","Daily","Premium","10133","837","8.45","65.5","0.4","4839","32791","2392","144254","70931","8.3","MONITOR  - Reorder soon","6.8","1.03","35466","10481","6.3","93","4","7939205","10127","1028904","1312","7.69","784","93","83","462","91.7","45.0","3.6","14.0","Star",11
1080,"a","a","2410","Low risk","Forecastable","Daily","Premium","10045","754","12.49","47.9","3.9","5740","32290","2155","142785","70315","7.5","MONITOR  - Reorder soon","5.9","1.20","35158","12009","15.3","94","64","6338656","10191","523432","842","12.06","622","90","241","96","92.0","44.1","7.0","17.7","Star",9
679,"a","a","4140","Low risk","Forecastable","Every 2 days","High","9983","1227","13.98","42.1","8.2","7495","33456","3507","143269","69881","12.3","MONITOR  - Reorder soon","6.9","1.01","34941","10126","9.8","95","124","7796037","9944","832152","1061","9.32","784","96","88","317","91.5","45.0","3.4","21.7","Star",12
722,"a","a","50","Low risk","Forecastable","Every 2 days","High","9981","781","15.29","41.7","11.2","6593","32175","2232","141966","69867","7.8","OK       - Stock sufficient","8.7","0.81","34934","8041","26.7","96","217","7711931","9837","1241124","1583","6.17","784","102","91","565","90.9","45.0","-0.5","20.6","Star",11
1101,"d","c","4060","Low risk","Forecastable","Every 2 days","High","9980","1285","17.50","36.5","14.9","8664","33612","3672","143392","69860","12.9","MONITOR  - Reorder soon","6.2","1.12","34930","11185","15.9","97","363","7818257","9972","774945","988","9.97","784","95","87","263","91.6","45.0","6.1","25.3","Star",10
799,"a","c","2700","Low risk","Forecastable","Every 2 days","High","9977","777","14.32","42.4","9.5","6304","32152","2221","141899","69839","7.8","MONITOR  - Reorder soon","6.9","1.02","34920","10193","13.5","98","149","7708195","9895","700034","899","10.94","779","98","92","180","91.3","44.9","2.1","20.5","Star",11
911,"a","c","16490","Low risk","Forecastable","Every 2 days","High","9972","1136","14.65","44.5","10.9","7422","33163","3247","142855","69804","11.4","MONITOR  - Reorder soon","6.7","1.04","34902","10347","11.4","99","171","7749768","9885","712986","909","10.79","784","100","90","190","91.1","45.0","4.0","22.7","Star",12
964,"a","a","270","Low risk","Hard to forecast","Every 2 days","High","9968","808","19.59","36.5","18.9","7890","32213","2309","141861","69776","8.1","MONITOR  - Reorder soon","6.4","1.09","34888","10824","14.5","100","507","7534699","9760","1077174","1395","6.94","772","107","102","527","90.5","45.1","-1.6","24.5","Star",11
709,"a","a","500","Medium risk","Forecastable","Every 2 days","High","9902","2877","13.23","43.9","3.2","11966","37928","8222","146850","69314","29.1","MONITOR  - Reorder soon","6.9","1.01","34657","10007","7.6","101","90","7751342","9887","1017426","1298","7.63","784","99","89","467","91.2","45.0","4.3","32.1","High Volume",9
807,"a","a","3870","Low risk","Forecastable","Every 2 days","High","9858","725","12.63","47.8","4.8","5630","31646","2072","140084","69006","7.4","MONITOR  - Reorder soon","6.5","1.07","34503","10554","8.1","102","71","7669453","9820","767032","982","9.95","781","104","94","265","90.8","44.8","2.8","17.3","Star",10
316,"d","a","9000","Low risk","Hard to forecast","Every 2 days","High","9827","1026","19.07","30.1","17.4","8288","32413","2932","140510","68789","10.4","MONITOR  - Reorder soon","6.6","1.07","34395","10495","15.0","103","473","7677532","9856","702532","902","10.80","779","101","93","189","91.0","44.9","3.8","25.4","Star",10
434,"a","a","13020","Low risk","Forecastable","Every 2 days","High","9818","1097","13.15","47.2","6.9","6825","32589","3135","140587","68726","11.2","MONITOR  - Reorder soon","6.3","1.12","34363","10977","13.3","104","87","6160800","9905","461312","742","13.31","622","97","270","35","91.4","44.1","8.8","20.8","Star",9
615,"d","a","730","Low risk","Hard to forecast","Every 2 days","High","9815","905","17.81","34.6","16.2","7582","32031","2586","139996","68705","9.2","MONITOR  - Reorder soon","6.7","1.04","34353","10220","13.1","105","381","7585401","9712","968524","1240","7.76","781","110","98","455","90.2","44.8","-1.4","23.7","Star",9
599,"d","c","580","Low risk","Forecastable","Every 2 days","High","9771","1178","14.63","42.3","8.8","7452","32680","3367","140161","68397","12.1","MONITOR  - Reorder soon","6.6","1.06","34199","10367","13.4","106","169","7659466","9770","686442","876","11.10","784","106","96","167","90.6","45.0","1.9","21.6","Star",12
333,"a","c","3720","Low risk","Forecastable","Every 2 days","High","9732","835","15.22","36.9","8.3","6619","31582","2386","138634","68124","8.6","MONITOR  - Reorder soon","6.4","1.09","34062","10577","12.4","107","211","7662181","9773","993414","1267","7.66","784","105","95","465","90.7","45.0","5.3","20.5","Star",11
157,"a","c","2950","Low risk","Forecastable","Every 2 days","High","9721","1293","16.22","39.3","11.2","8201","32858","3695","139789","68047","13.3","MONITOR  - Reorder soon","6.9","1.01","34024","9858","11.1","108","274","7574054","9723","771078","990","9.74","779","109","99","279","90.3","44.9","3.8","24.9","Star",10
4,"c","c","620","Low risk","Forecastable","Every 2 days","High","9661","779","13.92","47.3","10.6","6070","31209","2226","137480","67627","8.1","MONITOR  - Reorder soon","6.3","1.10","33814","10661","13.7","109","119","7556507","9638","1036254","1322","7.25","784","115","101","501","89.8","45.0","6.1","20.1","Star",11
1097,"b","b","720","Low risk","Highly forecastable","Every 2 days","High","9655","1256","8.66","67.5","2.3","5979","32555","3590","138760","67585","13.0","MONITOR  - Reorder soon","6.4","1.09","33793","10497","4.6","110","5","9179413","9745","2280508","2421","4.02","942","108","41","580","90.4","38.2","9.4","19.5","Star",9
368,"d","c","1450","Low risk","Hard to forecast","Every 2 days","High","9637","1107","27.08","20.2","34.6","10622","32075","3164","138082","67459","11.5","WATCH    - Demand surging","5.2","1.34","90395","12928","26.5","111","746","7526231","9686","553908","713","13.32","777","112","103","34","90.0","44.8","7.7","32.6","High Volume",7
593,"a","c","33060","Low risk","Forecastable","Every 2 days","High","9618","1223","15.67","44.9","12.6","7802","32349","3495","138147","67326","12.7","MONITOR  - Reorder soon","6.7","1.04","33663","10008","15.0","112","240","7454238","9508","965705","1232","7.67","784","120","108","464","89.3","45.0","2.8","24.7","Star",11
421,"c","c","3530","Low risk","Hard to forecast","Every 2 days","High","9616","1502","17.90","39.1","19.7","9212","33141","4293","138917","67312","15.6","WATCH    - Demand surging","5.4","1.31","88179","12580","24.5","113","388","7517189","9588","795282","1014","9.36","784","116","105","313","89.7","45.0","6.1","29.2","High Volume",9
914,"c","c","2640","Low risk","Forecastable","Every 2 days","High","9573","1419","15.45","41.6","12.5","8282","32774","4055","138077","67011","14.8","OK       - Stock sufficient","7.0","1.01","33506","9621","12.2","114","227","7453259","9507","888608","1133","8.33","784","121","109","404","89.2","45.0","3.9","25.0","Star",11
35,"d","c","7660","Low risk","Hard to forecast","Every 2 days","High","9535","1392","21.04","27.5","22.6","9712","32583","3978","137468","66745","14.6","MONITOR  - Reorder soon","6.3","1.11","33373","10559","13.8","115","594","7558693","9703","568401","730","13.06","779","111","100","46","90.1","44.9","14.8","30.9","High Volume",7
69,"c","c","1130","Low risk","Forecastable","Every 2 days","High","9514","868","16.10","41.2","12.8","6858","31023","2481","135677","66598","9.1","MONITOR  - Reorder soon","6.7","1.04","33299","9935","11.4","116","267","7362059","9426","924441","1184","7.90","781","128","120","443","88.6","44.8","-3.2","23.1","Star",10
431,"d","c","4520","Low risk","Forecastable","Every 2 days","High","9508","793","14.64","41.7","9.8","6244","30790","2266","135378","66556","8.3","MONITOR  - Reorder soon","6.7","1.05","33278","9993","14.1","117","170","7419918","9525","780912","1002","9.44","779","119","112","306","89.4","44.9","7.0","20.9","Star",11
587,"d","c","330","Low risk","Forecastable","Every 2 days","High","9506","1035","17.18","36.1","14.8","7625","31476","2958","136042","66542","10.9","MONITOR  - Reorder soon","5.5","1.27","33271","12063","15.2","118","341","6020227","9663","427184","686","13.97","623","113","290","18","89.9","44.0","15.8","25.2","Star",8
1026,"c","a","450","Low risk","Hard to forecast","Every 2 days","High","9495","1249","22.67","28.5","23.3","9721","32054","3569","136499","66465","13.2","MONITOR  - Reorder soon","6.7","1.04","33233","9900","17.7","119","664","7397085","9496","919445","1180","7.93","779","122","113","441","89.1","44.9","2.3","29.0","High Volume",8
269,"a","c","60","Low risk","Hard to forecast","Every 2 days","High","9493","1528","23.16","29.8","26.7","10650","32846","4367","137269","66451","16.1","OK       - Stock sufficient","7.9","0.89","33226","8424","31.5","120","679","7281084","9347","959027","1231","7.47","779","137","129","479","87.7","44.9","-2.1","32.3","High Volume",7
27,"a","a","60","Low risk","Hard to forecast","Every 2 days","High","9492","1289","22.13","27.6","26.7","9687","32160","3684","136572","66444","13.6","MONITOR  - Reorder soon","6.8","1.03","33222","9797","22.7","121","641","7383809","9479","837237","1075","8.68","779","123","116","372","89.0","44.9","4.5","30.8","High Volume",7
868,"d","c","1360","Low risk","Forecastable","Every 2 days","High","9486","781","14.68","41.5","8.3","6212","30690","2232","135036","66402","8.2","MONITOR  - Reorder soon","6.1","1.15","33201","10872","12.7","122","173","7480652","9578","509296","652","14.62","781","117","107","5","89.6","44.8","0.2","20.0","Star",10
843,"c","a","60","Low risk","Hard to forecast","Every 2 days","High","9486","767","17.43","39.1","18.7","6917","30650","2192","134996","66402","8.1","MONITOR  - Reorder soon","6.8","1.03","33201","9739","14.8","122","358","7423466","9469","875136","1116","8.42","784","125","111","395","88.9","45.0","-6.9","23.3","Star",10
921,"a","a","840","Medium risk","Forecastable","Every 2 days","High","9473","2525","12.74","47.1","5.1","10665","35635","7216","139838","66311","26.7","OK       - Stock sufficient","8.3","0.85","33156","8031","14.0","123","73","7389638","9474","853783","1095","8.69","780","124","114","371","89.0","45.1","-7.4","31.2","High Volume",9
533,"a","c","5950","Low risk","Forecastable","Every 2 days","High","9449","1432","14.95","40.5","10.4","8130","32439","4092","136378","66143","15.2","WATCH    - Demand surging","5.2","1.33","87970","12608","22.5","124","196","7505547","9660","701034","902","10.62","777","114","106","204","89.9","44.8","16.0","26.9","High Volume",8
626,"c","c","10740","Low risk","Hard to forecast","Every 2 days","High","9444","1137","21.23","29.9","22.7","8979","31581","3249","135465","66108","12.0","MONITOR  - Reorder soon","6.0","1.18","33054","11109","17.6","125","607","7318373","9383","647107","830","11.17","780","132","123","163","88.2","45.1","2.2","28.6","High Volume",10
938,"a","a","2820","Low risk","Forecastable","Every 2 days","High","9436","1001","13.80","43.6","7.7","6582","31169","2861","134965","66052","10.6","MONITOR  - Reorder soon","6.3","1.12","33026","10538","11.9","126","112","7375962","9408","755547","964","9.70","784","129","117","283","88.5","45.0","1.9","20.4","Star",11
1064,"a","c","420","Low risk","Forecastable","Every 2 days","High","9423","847","15.74","41.0","10.7","6659","30690","2421","134343","65961","9.0","MONITOR  - Reorder soon","6.6","1.06","32981","10034","13.9","127","244","7365896","9456","831862","1068","8.80","779","126","118","362","88.8","44.9","6.6","21.8","Star",11
739,"d","c","2770","Low risk","Hard to forecast","Every 2 days","High","9421","999","20.28","28.8","21.9","8315","31118","2855","134749","65947","10.6","MONITOR  - Reorder soon","6.0","1.16","32974","10955","14.1","128","553","5944868","9558","476019","765","12.34","622","118","305","82","89.5","44.1","15.4","27.7","High Volume",7
129,"a","a","2460","Low risk","Forecastable","Every 2 days","High","9398","752","16.32","39.3","13.0","6532","30343","2149","133721","65786","8.0","OK       - Stock sufficient","7.0","1.00","32893","9369","11.1","129","281","5727451","9208","724918","1165","7.84","622","149","344","448","86.6","44.1","-4.6","22.1","Star",9
809,"a","a","12770","Low risk","Hard to forecast","Every 2 days","High","9391","1441","25.09","26.0","26.7","10852","32291","4118","135592","65737","15.3","MONITOR  - Reorder soon","6.6","1.07","32869","10005","14.9","130","729","7317626","9394","624924","802","11.49","779","130","124","137","88.4","44.9","2.0","32.0","High Volume",7
267,"c","a","2460","Low risk","Hard to forecast","Every 2 days","High","9383","1231","17.97","39.4","20.0","8337","31667","3518","134880","65681","13.1","MONITOR  - Reorder soon","5.6","1.26","32841","11784","23.0","131","393","7282702","9289","881620","1125","8.23","784","143","128","413","87.2","45.0","2.5","28.1","High Volume",9
233,"a","a","1890","Low risk","Forecastable","Every 2 days","High","9380","843","13.32","43.5","5.2","5980","30549","2409","133729","65660","9.0","MONITOR  - Reorder soon","5.9","1.19","32830","11125","15.0","132","95","7365681","9431","805731","1032","9.09","781","127","119","338","88.7","44.8","3.5","19.1","Star",10
167,"a","a","140","Medium risk","Hard to forecast","Every 2 days","High","9372","1988","21.13","29.8","23.4","11341","33797","5681","136889","65604","21.2","MONITOR  - Reorder soon","6.2","1.12","32802","10533","17.3","133","600","7250708","9296","823044","1055","8.66","780","141","132","374","87.3","45.0","8.9","34.6","High Volume",8
387,"c","a","210","Low risk","Hard to forecast","Every 2 days","High","9371","1191","22.74","28.4","25.4","9494","31517","3404","134598","65597","12.7","MONITOR  - Reorder soon","6.0","1.16","32799","10878","22.0","134","667","7171744","9375","915984","1197","7.71","765","134","144","460","88.1","44.8","1.0","29.7","High Volume",8
308,"a","a","1070","Low risk","Hard to forecast","Every 2 days","High","9360","1162","20.34","30.8","20.3","8762","31401","3321","134361","65520","12.4","OK       - Stock sufficient","7.3","0.96","32760","8987","15.8","135","556","7183229","9353","720753","938","9.84","768","136","138","272","87.8","44.9","-9.5","28.5","High Volume",8
608,"a","c","18370","Medium risk","Hard to forecast","Every 2 days","High","9358","2408","19.39","32.8","17.9","12067","34956","6882","137894","65506","25.7","MONITOR  - Reorder soon","6.0","1.17","32753","10940","19.9","136","496","7275038","9327","735209","943","9.77","780","140","130","276","87.4","45.0","8.3","36.7","High Volume",8
214,"d","a","8650","Low risk","Hard to forecast","Every 2 days","High","9337","912","18.68","37.1","18.7","7591","30617","2606","133324","65359","9.8","MONITOR  - Reorder soon","6.6","1.06","32680","9916","11.4","137","446","7269531","9332","557336","715","12.96","779","138","131","51","87.6","44.9","2.4","24.5","Star",10
362,"c","c","340","Low risk","Forecastable","Every 2 days","High","9328","997","15.51","38.6","11.9","6984","30833","2849","133441","65296","10.7","MONITOR  - Reorder soon","6.3","1.12","32648","10410","15.6","138","231","7323168","9377","898633","1151","8.10","781","133","122","426","88.2","44.8","6.7","22.4","Star",10
1019,"d","c","2740","Low risk","Hard to forecast","Every 2 days","High","9324","1101","22.28","31.4","26.8","9083","31119","3147","133683","65268","11.8","MONITOR  - Reorder soon","6.2","1.12","32634","10445","14.9","139","648","5651236","9071","469473","754","11.85","623","158","372","113","85.8","44.1","-3.8","29.0","High Volume",7
995,"d","a","6560","Low risk","Forecastable","Every 2 days","High","9313","991","15.28","40.5","11.7","6899","30771","2832","133214","65191","10.6","MONITOR  - Reorder soon","6.5","1.07","32596","10001","12.2","140","216","7226190","9264","614734","788","11.66","780","144","134","126","87.1","45.1","9.7","23.0","Star",12
24,"a","c","4590","Low risk","Hard to forecast","Every 2 days","High","9313","1276","17.62","36.7","16.9","8336","31586","3647","134029","65191","13.7","MONITOR  - Reorder soon","6.2","1.13","32596","10546","20.4","140","370","7313475","9388","650800","835","11.10","779","131","125","167","88.3","44.9","8.2","27.7","High Volume",9
846,"a","c","8860","Low risk","Hard to forecast","Every 2 days","High","9312","1692","19.25","32.7","19.2","9958","32772","4836","135204","65184","18.2","MONITOR  - Reorder soon","6.4","1.09","32592","10122","15.5","141","485","7185993","9225","673539","865","10.56","779","148","137","210","86.7","44.9","5.3","30.2","High Volume",7
895,"a","c","4150","Low risk","Forecastable","Every 2 days","High","9290","796","12.60","45.1","4.1","5620","30145","2275","132335","65030","8.6","MONITOR  - Reorder soon","5.5","1.27","32515","11790","18.5","142","69","7248912","9329","685097","882","10.52","777","139","133","212","87.5","44.8","7.8","18.8","Star",10
731,"a","a","15270","Low risk","Hard to forecast","Every 2 days","High","9275","1277","18.74","36.0","17.7","8617","31475","3650","133500","64925","13.8","OK       - Stock sufficient","7.2","0.97","32463","9040","16.9","143","448","7177402","9249","737912","951","9.60","776","145","141","293","87.0","44.8","-1.0","27.3","High Volume",7
999,"d","c","15140","Low risk","Hard to forecast","Every 2 days","High","9250","1814","22.11","30.4","23.5","11029","32934","5184","134684","64750","19.6","MONITOR  - Reorder soon","6.3","1.11","32375","10266","18.1","144","639","7163321","9184","515113","660","13.68","780","151","146","24","86.4","45.1","2.9","33.9","High Volume",9
853,"a","a","14040","Low risk","Forecastable","Every 2 days","High","9242","1026","15.04","41.2","11.1","6905","30658","2932","132320","64694","11.1","MONITOR  - Reorder soon","5.7","1.23","32347","11370","17.3","145","203","7181892","9243","792735","1020","8.99","777","146","139","347","86.9","44.8","6.2","23.0","Star",10
36,"a","c","540","Low risk","Highly forecastable","Every 2 days","High","9241","535","9.88","58.2","1.5","4138","29252","1529","130903","64687","5.8","MONITOR  - Reorder soon","5.6","1.24","32344","11489","18.7","146","20","5824183","9364","678178","1090","8.57","622","135","326","382","88.0","44.1","5.2","14.1","Star",9
644,"c","a","4030","Low risk","Forecastable","Every 2 days","High","9224","967","17.77","43.6","12.8","7448","30436","2764","131900","64568","10.5","MONITOR  - Reorder soon","6.2","1.14","32284","10476","16.0","147","379","5537010","9353","609472","1030","8.98","592","136","400","348","87.8","44.4","7.9","28.7","High Volume",7
459,"a","a","250","Low risk","Hard to forecast","Every 2 days","High","9216","1646","21.23","28.6","24.3","10296","32352","4704","133728","64512","17.9","MONITOR  - Reorder soon","6.1","1.14","32256","10495","20.8","148","607","7194572","9177","886078","1130","8.01","784","152","136","434","86.4","45.0","3.9","31.7","High Volume",9
375,"a","c","15710","Medium risk","Hard to forecast","Every 2 days","High","9204","2440","23.06","28.3","27.0","13039","34585","6973","135829","64428","26.5","MONITOR  - Reorder soon","6.1","1.15","32214","10596","20.4","149","675","7148220","9164","592001","759","11.86","780","153","147","112","86.3","45.0","4.6","39.7","High Volume",9
355,"a","c","9720","Low risk","Forecastable","Every 2 days","High","9191","1339","13.65","47.9","8.6","7412","31400","3827","132501","64337","14.6","MONITOR  - Reorder soon","6.6","1.05","32169","9678","9.6","150","104","7172668","9149","863704","1102","8.24","784","154","142","412","86.2","45.0","4.4","24.5","Star",11
683,"a","a","2850","Low risk","Hard to forecast","Every 2 days","High","9187","1551","17.88","33.8","15.1","9127","31994","4433","133051","64309","16.9","OK       - Stock sufficient","7.9","0.89","32155","8176","14.0","151","387","7171315","9147","688589","878","10.32","784","155","145","231","86.1","45.0","-11.0","28.0","High Volume",9
1032,"d","c","270","Medium risk","Forecastable","Every 2 days","High","9180","2041","16.96","37.6","14.4","10282","33373","5833","134353","64260","22.2","MONITOR  - Reorder soon","6.4","1.10","32130","10100","15.3","152","328","7172255","9195","752136","964","9.48","780","150","143","304","86.5","45.0","2.1","31.9","High Volume",9
270,"a","a","1450","Low risk","Forecastable","Every 2 days","High","9175","753","12.12","47.5","3.4","5330","29677","2152","130602","64225","8.2","MONITOR  - Reorder soon","6.4","1.09","32113","9993","10.7","153","57","7284633","9292","944773","1205","7.67","784","142","127","464","87.3","45.0","5.7","17.3","Star",12
71,"a","a","17500","Low risk","Hard to forecast","Every 2 days","High","9124","1278","20.40","29.8","23.3","8972","31024","3652","131388","63868","14.0","MONITOR  - Reorder soon","6.7","1.05","31934","9573","20.5","154","559","7058595","9061","581851","747","11.97","779","160","151","104","85.6","44.9","2.8","28.5","High Volume",8
497,"a","c","1610","Low risk","Forecastable","Every 2 days","High","9120","971","14.56","42.2","8.6","6570","30135","2775","130455","63840","10.6","MONITOR  - Reorder soon","6.4","1.09","31920","9939","11.0","155","165","7077518","9062","871875","1116","8.07","781","159","149","428","85.7","44.8","2.9","21.3","Star",9
515,"d","c","11260","Low risk","Forecastable","Every 2 days","High","9109","897","15.42","41.8","12.7","6578","29891","2564","130090","63763","9.8","MONITOR  - Reorder soon","6.7","1.05","31882","9564","16.5","156","224","7056301","9058","575142","738","12.20","779","161","153","89","85.5","44.9","5.3","22.3","Star",11
411,"d","c","8460","Low risk","Hard to forecast","Every 2 days","High","9105","894","18.93","34.4","19.3","7481","29870","2555","130025","63735","9.8","MONITOR  - Reorder soon","5.8","1.22","31868","11064","15.7","157","463","7133158","9133","547362","701","12.90","781","156","148","56","86.0","44.8","7.4","25.3","Star",8
412,"d","c","4460","Low risk","Forecastable","Every 2 days","High","9097","1289","14.48","43.4","9.2","7448","30975","3684","131042","63679","14.2","MONITOR  - Reorder soon","5.7","1.23","31840","11210","17.6","158","160","5661520","9102","401013","645","14.07","622","157","366","15","85.9","44.1","6.6","23.5","Star",8
1020,"a","a","40","Low risk","Forecastable","Every 2 days","High","9070","923","14.69","41.9","9.5","6446","29848","2638","129618","63490","10.2","OK       - Stock sufficient","7.0","1.00","31745","9065","9.1","159","174","7054345","9032","866840","1110","8.10","781","162","154","426","85.5","44.8","-5.4","20.2","Star",10
815,"a","a","590","Low risk","Hard to forecast","Every 2 days","High","9063","800","24.04","26.3","28.3","8513","29475","2286","129168","63441","8.8","OK       - Stock sufficient","8.8","0.80","31721","7249","25.5","160","710","5222211","8396","507202","815","10.23","622","220","497","239","79.9","44.1","-30.8","26.6","High Volume",7
82,"a","a","22390","Low risk","Hard to forecast","Every 2 days","High","9048","1645","20.06","32.2","19.5","9888","31845","4701","131373","63336","18.2","MONITOR  - Reorder soon","6.7","1.04","31668","9430","14.1","161","541","7026310","9020","653238","839","10.62","779","163","156","204","85.4","44.9","3.8","31.0","High Volume",7
381,"a","a","1800","Medium risk","Forecastable","Every 2 days","High","9030","1987","12.41","47.9","3.8","8881","32769","5679","132099","63210","22.0","MONITOR  - Reorder soon","6.6","1.06","31605","9555","9.4","162","62","7021213","9002","752849","965","9.31","780","165","157","318","85.2","45.0","4.4","27.7","High Volume",9
672,"c","a","240","Low risk","Hard to forecast","Every 2 days","High","9030","754","17.22","38.9","16.1","6599","29245","2155","128575","63210","8.3","OK       - Stock sufficient","7.0","1.00","31605","9040","10.9","162","344","6892942","8837","1083587","1389","6.33","780","176","169","560","84.1","45.1","-0.2","23.8","Star",11
1053,"a","a","1710","Low risk","Hard to forecast","Every 2 days","High","9007","1402","19.87","32.2","21.9","9121","31028","4007","130105","63049","15.6","OK       - Stock sufficient","7.0","1.00","31525","9010","15.1","163","531","7002929","8932","791662","1010","8.71","784","168","159","369","84.9","45.0","1.4","28.8","High Volume",10
76,"d","c","19960","Low risk","Forecastable","Every 2 days","High","9002","876","15.34","42.0","12.5","6450","29510","2504","128532","63014","9.7","MONITOR  - Reorder soon","6.0","1.17","31507","10537","14.6","164","220","5606718","9000","578204","928","9.61","623","166","385","292","85.1","44.1","4.8","23.0","Star",9
1043,"c","a","420","Low risk","Hard to forecast","Every 2 days","High","8954","859","19.84","33.6","21.9","7532","29317","2455","127811","62678","9.6","OK       - Stock sufficient","7.0","1.00","31339","8982","18.5","165","529","6858406","8793","941445","1207","7.23","780","179","173","503","83.8","45.0","-4.6","26.8","High Volume",9
245,"a","c","1310","Low risk","Highly forecastable","Every 2 days","High","8952","649","12.03","50.3","4.0","4932","28711","1855","127183","62664","7.2","MONITOR  - Reorder soon","6.3","1.11","31332","9981","5.9","166","52","6949075","8898","797211","1021","8.70","781","169","161","370","84.7","44.8","5.8","17.3","Star",10
668,"c","a","1270","Low risk","Forecastable","Every 2 days","High","8919","830","15.98","39.5","12.2","6445","29129","2372","127238","62433","9.3","MONITOR  - Reorder soon","6.6","1.06","31217","9415","17.4","167","260","7009629","8941","906876","1157","7.66","784","167","158","465","85.0","45.0","4.0","22.3","Star",12
913,"a","a","280","Low risk","Hard to forecast","Every 2 days","High","8919","792","24.04","24.8","26.8","8391","29020","2263","127129","62433","8.9","MONITOR  - Reorder soon","6.0","1.17","31217","10469","20.5","167","710","6900317","8892","902068","1162","7.54","776","170","166","473","84.6","44.8","-2.6","27.8","High Volume",7
574,"d","a","4400","Low risk","Hard to forecast","Every 2 days","High","8897","864","17.35","34.6","15.2","6881","29160","2469","127027","62279","9.7","MONITOR  - Reorder soon","5.7","1.24","31140","11012","17.1","168","353","6913915","8898","517928","667","13.23","777","169","165","38","84.7","44.8","3.6","23.6","Star",9
7,"a","c","24000","Low risk","Forecastable","Every 2 days","High","8890","1557","16.08","41.5","13.9","8535","31120","4450","128910","62230","17.5","WATCH    - Demand surging","5.3","1.32","82144","11709","17.7","169","265","6930202","8817","745569","949","9.23","786","177","163","325","84.0","45.0","8.1","27.8","High Volume",10
384,"a","c","130","Medium risk","Forecastable","Every 2 days","High","8887","2035","16.34","41.4","13.5","9966","32477","5816","130234","62209","22.9","MONITOR  - Reorder soon","6.1","1.15","31105","10225","15.8","170","283","6937572","8872","781105","999","8.76","782","174","162","364","84.3","45.1","13.1","33.4","High Volume",9
775,"d","c","6970","Low risk","Forecastable","Every 2 days","High","8886","684","14.68","44.9","11.7","5683","28613","1955","126359","62202","7.7","MONITOR  - Reorder soon","6.4","1.10","31101","9737","12.6","171","173","5405733","8691","386321","621","13.92","622","191","450","19","82.7","44.1","-1.2","20.5","Star",9
878,"d","c","1100","Low risk","Hard to forecast","Every 2 days","High","8885","1421","18.18","35.6","17.9","8677","30716","4061","128451","62195","16.0","MONITOR  - Reorder soon","6.6","1.06","31098","9459","11.4","172","410","6801666","8720","620669","796","10.84","780","187","183","187","83.1","45.0","1.9","27.7","High Volume",10
1010,"d","c","4610","Low risk","Hard to forecast","Every 2 days","High","8876","897","19.86","35.2","23.8","7601","29192","2564","126828","62132","10.1","WATCH    - Demand surging","5.2","1.34","83257","11893","23.9","173","530","6957339","8874","633057","807","10.89","784","173","160","183","84.4","45.0","11.0","26.9","High Volume",9
826,"a","c","7980","Low risk","Forecastable","Every 2 days","High","8858","1219","14.01","46.9","9.1","7030","30058","3484","127496","62006","13.8","OK       - Stock sufficient","7.0","1.00","31003","8897","12.2","174","126","6859209","8839","598363","771","11.44","776","175","172","140","84.2","44.8","4.6","23.5","Star",9
667,"d","c","2870","Low risk","Hard to forecast","Every 2 days","High","8846","981","18.61","33.7","19.6","7508","29342","2804","126648","61922","11.1","MONITOR  - Reorder soon","6.4","1.09","30961","9682","17.0","175","440","6879831","8787","621178","793","10.95","783","181","170","179","83.7","45.1","1.6","25.3","Star",11
189,"d","a","5760","Low risk","Forecastable","Every 2 days","High","8840","746","17.29","39.7","14.0","6500","28652","2132","125892","61880","8.4","MONITOR  - Reorder soon","6.7","1.05","30940","9274","11.9","176","349","6826322","8763","652121","837","10.38","779","183","181","225","83.5","44.9","-3.1","22.2","Star",11
1021,"a","a","1080","Low risk","Highly forecastable","Every 2 days","High","8828","718","10.70","54.1","2.2","4752","28536","2052","125644","61796","8.1","MONITOR  - Reorder soon","6.5","1.07","30898","9444","8.9","177","32","6835866","8878","817747","1062","8.33","770","172","179","404","84.5","45.1","5.7","16.5","Star",12
872,"a","c","3860","Low risk","Hard to forecast","Every 2 days","High","8806","832","17.31","40.9","15.4","6734","28796","2378","125662","61642","9.4","OK       - Stock sufficient","7.9","0.88","30821","7766","19.5","178","351","6649861","8536","640124","822","10.37","779","201","197","226","81.8","44.9","-9.1","22.8","Star",11
348,"a","a","16490","Low risk","Forecastable","Every 2 days","High","8794","551","18.68","47.9","9.1","6269","27957","1575","124691","61558","6.3","MONITOR  - Reorder soon","6.2","1.12","30779","9880","15.7","179","446","5255376","8803","439128","736","11.85","597","178","484","113","83.9","44.2","1.5","26.3","Star",8
1079,"a","a","16680","Low risk","Hard to forecast","Every 2 days","High","8793","1256","21.98","28.6","26.3","9113","29969","3590","126692","61551","14.3","MONITOR  - Reorder soon","6.4","1.10","30776","9631","9.9","180","635","6783229","8685","538364","689","12.42","781","192","187","78","82.6","44.8","-3.8","29.9","High Volume",8
154,"d","c","16420","Low risk","Hard to forecast","Every 2 days","High","8780","1037","17.50","35.5","16.4","7355","29304","2964","125884","61460","11.8","MONITOR  - Reorder soon","6.3","1.12","30730","9829","12.0","181","363","6824045","8738","575933","737","11.72","781","185","182","122","83.3","44.8","10.2","26.2","Star",9
400,"a","a","70","Low risk","Hard to forecast","Every 2 days","High","8778","1698","19.89","29.3","20.1","9842","31187","4853","127745","61446","19.3","MONITOR  - Reorder soon","6.4","1.09","30723","9585","15.3","182","533","6839152","8746","938908","1201","7.15","782","184","177","511","83.4","45.1","7.2","32.0","High Volume",9
450,"c","a","5780","Low risk","Hard to forecast","Every 2 days","High","8774","864","18.46","36.3","21.4","7098","28791","2469","125305","61418","9.8","MONITOR  - Reorder soon","5.4","1.29","30709","11289","23.9","183","429","6830229","8791","846853","1090","8.07","777","180","180","428","83.8","44.8","2.0","24.6","Star",8
1040,"a","a","4030","Low risk","Hard to forecast","Every 2 days","High","8761","1256","18.94","35.3","18.2","8332","29873","3590","126244","61327","14.3","MONITOR  - Reorder soon","6.8","1.03","30664","8993","15.7","184","464","6775360","8698","674734","866","9.92","779","190","188","266","82.8","44.9","3.9","28.0","High Volume",8
279,"d","c","2320","Low risk","Hard to forecast","Every 2 days","High","8756","1348","23.97","23.5","26.8","9851","30120","3852","126436","61292","15.4","WATCH    - Demand surging","5.0","1.40","85809","12286","23.0","185","708","5532919","8881","415873","668","13.05","623","171","404","47","84.6","44.1","23.0","34.1","High Volume",6
637,"d","c","9790","Low risk","Forecastable","Every 2 days","High","8740","924","14.12","43.8","8.4","6168","28861","2641","125001","61180","10.6","MONITOR  - Reorder soon","5.6","1.24","30590","10844","18.3","186","133","5415918","8707","431086","693","12.48","622","189","448","75","82.9","44.1","3.7","21.6","Star",9
372,"d","c","4880","Low risk","Hard to forecast","Every 2 days","High","8735","889","17.37","36.2","15.3","6877","28746","2541","124831","61145","10.2","MONITOR  - Reorder soon","6.3","1.10","30573","9635","17.4","187","354","6844455","8786","591494","759","11.45","779","182","175","139","83.6","44.9","8.2","24.9","Star",10
753,"d","c","540","Low risk","Hard to forecast","Every 2 days","High","8695","945","19.73","29.5","18.8","7603","28786","2701","124431","60865","10.9","OK       - Stock sufficient","7.3","0.96","30433","8317","15.5","188","519","6785308","8710","595402","764","11.26","779","188","185","155","83.0","44.9","-2.4","25.8","Star",10
1046,"d","c","29070","Low risk","Hard to forecast","Every 2 days","High","8695","1254","19.67","33.9","19.5","8472","29669","3584","125314","60865","14.4","MONITOR  - Reorder soon","5.9","1.19","30433","10345","15.9","188","514","6784716","8698","533570","684","12.54","780","190","186","70","82.8","45.0","10.6","29.2","High Volume",9
965,"a","c","110","Low risk","Hard to forecast","Every 2 days","High","8684","1059","21.09","32.5","24.3","8261","29078","3026","124602","60788","12.2","MONITOR  - Reorder soon","6.6","1.05","30394","9149","13.6","189","598","6626600","8485","707184","905","9.24","781","206","202","324","81.3","44.8","0.9","29.4","High Volume",8
247,"d","c","70","Low risk","Hard to forecast","Every 2 days","High","8679","999","21.02","32.6","24.1","8069","28892","2855","124361","60753","11.5","MONITOR  - Reorder soon","6.3","1.11","30377","9647","18.8","190","592","6698411","8577","534178","684","12.37","781","199","194","80","82.0","44.8","3.3","28.5","High Volume",8
445,"a","a","240","Low risk","Forecastable","Every 2 days","High","8674","1261","16.32","40.4","9.2","7649","29626","3604","125040","60718","14.5","MONITOR  - Reorder soon","6.4","1.09","30359","9494","15.7","191","281","6673717","8600","1052928","1357","6.38","776","198","195","557","82.0","44.8","3.4","23.7","Star",9
862,"a","c","2840","Low risk","Forecastable","Every 2 days","High","8667","1175","15.12","43.8","12.1","7103","29359","3358","124696","60669","13.6","MONITOR  - Reorder soon","6.8","1.02","30335","8863","16.3","192","206","6715065","8565","876626","1118","7.62","784","200","193","468","81.9","45.0","-1.3","25.0","Star",10
229,"d","c","17410","Low risk","Hard to forecast","Every 2 days","High","8658","846","18.78","33.5","19.1","7065","28392","2418","123630","60606","9.8","MONITOR  - Reorder soon","5.8","1.20","30303","10368","16.6","193","452","6734738","8645","571982","734","11.64","779","194","190","128","82.4","44.9","7.5","25.8","Star",10
967,"a","c","3560","Low risk","Forecastable","Every 2 days","High","8652","1367","15.38","43.4","11.1","7710","29863","3907","125035","60564","15.8","OK       - Stock sufficient","7.5","0.94","30282","8127","15.8","194","221","6731473","8641","719270","923","9.32","779","195","191","317","82.3","44.9","-8.2","25.8","Star",10
761,"a","a","2390","Low risk","Forecastable","Every 2 days","High","8626","1233","15.45","38.8","10.4","7333","29402","3524","124288","60382","14.3","MONITOR  - Reorder soon","6.5","1.08","30191","9295","12.8","195","227","6843911","8729","780038","995","8.70","784","186","176","370","83.2","45.0","4.1","24.1","Star",11
106,"a","a","1390","Low risk","Highly forecastable","Every 2 days","High","8622","1260","11.93","52.7","5.8","6541","29467","3601","124309","60354","14.6","MONITOR  - Reorder soon","6.9","1.01","30177","8743","9.5","196","48","6718335","8669","639877","826","10.45","775","193","192","219","82.5","45.3","0.8","23.9","Star",11
430,"d","c","12870","Low risk","Forecastable","Every 2 days","High","8619","660","14.82","41.8","10.9","5537","27743","1886","122552","60333","7.7","MONITOR  - Reorder soon","5.9","1.18","30167","10154","13.6","197","184","5369397","8632","435346","700","12.27","622","197","458","86","82.1","44.1","3.9","21.4","Star",9
148,"a","a","2090","Low risk","Forecastable","Every 2 days","High","8586","843","11.95","49.4","3.8","5341","28167","2409","122613","60102","9.8","MONITOR  - Reorder soon","6.9","1.02","30051","8735","7.8","198","49","6772949","8639","642470","819","10.50","784","196","189","214","82.2","45.0","3.9","18.3","Star",11
123,"a","a","16760","Medium risk","Hard to forecast","Every 2 days","High","8548","2220","20.60","32.9","22.0","11377","31989","6345","126017","59836","26.0","MONITOR  - Reorder soon","6.7","1.05","29918","8977","15.7","199","572","6450589","8399","737109","960","8.60","768","219","232","380","80.0","45.1","3.1","38.6","High Volume",9
814,"d","c","24530","Low risk","Hard to forecast","Every 2 days","High","8546","1565","19.49","33.3","19.1","9233","30111","4473","124117","59822","18.3","MONITOR  - Reorder soon","6.5","1.08","29911","9247","15.6","200","502","6628829","8477","543698","695","12.01","782","209","200","101","81.1","45.1","3.4","30.8","High Volume",9
905,"a","a","90","Low risk","Hard to forecast","Every 2 days","High","8533","1549","19.03","37.5","17.8","9068","30026","4427","123889","59731","18.2","OK       - Stock sufficient","9.0","0.78","29866","6645","21.2","201","472","6645066","8530","987344","1267","6.65","779","202","199","540","81.7","44.9","-28.8","31.1","High Volume",7
248,"a","c","340","Low risk","Hard to forecast","Every 2 days","High","8530","926","16.69","41.3","16.1","6715","28236","2646","122066","59710","10.9","OK       - Stock sufficient","7.2","0.98","29855","8335","17.1","202","308","6555942","8362","872228","1113","7.44","784","226","213","482","79.4","45.0","-0.3","27.0","High Volume",9
765,"a","c","25430","Low risk","Forecastable","Every 2 days","High","8525","1205","14.64","42.6","8.9","7011","29019","3444","122794","59675","14.1","MONITOR  - Reorder soon","5.9","1.18","29838","10049","16.9","203","170","6609836","8507","552225","711","11.91","777","204","206","109","81.5","44.8","6.9","24.3","Star",8
947,"a","a","460","Low risk","Forecastable","Every 2 days","High","8523","729","15.10","43.2","10.4","5761","27652","2083","121405","59661","8.6","MONITOR  - Reorder soon","6.7","1.04","29831","8844","14.1","204","205","6470539","8392","879169","1140","7.33","771","221","228","493","79.8","45.1","-5.4","20.9","Star",12
616,"a","c","3040","Low risk","Forecastable","Every 2 days","High","8513","1280","15.42","40.4","11.2","7410","29197","3658","122840","59591","15.0","OK       - Stock sufficient","7.3","0.95","29796","8125","17.7","205","224","6611772","8488","646898","830","10.13","779","205","205","248","81.4","44.9","-1.4","24.8","Star",10
376,"a","a","160","Low risk","Hard to forecast","Every 2 days","High","8490","1217","18.94","32.9","19.2","8074","28948","3478","122338","59430","14.3","MONITOR  - Reorder soon","6.7","1.04","29715","8833","15.0","206","464","6548133","8460","735270","950","8.80","774","212","215","362","80.8","45.1","-0.1","27.7","High Volume",10
448,"a","c","3970","Low risk","Forecastable","Every 2 days","High","8481","1507","15.18","42.0","9.9","7986","29750","4307","123041","59367","17.8","OK       - Stock sufficient","7.1","0.99","29684","8389","10.3","207","210","6609087","8484","577957","742","11.37","779","207","207","147","81.2","44.9","4.4","26.8","High Volume",9
171,"a","a","2640","Low risk","Hard to forecast","Every 2 days","High","8476","1548","18.85","33.1","17.4","8990","29852","4424","123088","59332","18.3","OK       - Stock sufficient","7.3","0.96","29666","8116","11.3","208","457","6566306","8429","675584","867","9.60","779","216","212","293","80.4","44.9","3.1","29.8","High Volume",8
738,"d","c","5980","Low risk","Forecastable","Every 2 days","High","8473","638","15.90","41.3","8.0","5673","27242","1823","120445","59311","7.5","MONITOR  - Reorder soon","6.7","1.05","29656","8857","10.9","209","254","6628200","8509","546636","702","12.04","779","203","201","98","81.6","44.9","6.5","20.7","Star",11
894,"a","a","190","Low risk","Hard to forecast","Every 2 days","High","8471","1267","23.38","25.6","24.3","9281","29034","3621","122215","59297","15.0","MONITOR  - Reorder soon","6.5","1.08","29649","9167","20.8","210","690","6529198","8468","797763","1035","8.06","771","211","217","429","80.9","45.3","-0.4","31.2","High Volume",9
507,"a","c","9070","Low risk","Hard to forecast","Every 2 days","High","8471","874","18.21","35.0","18.7","6906","27911","2498","121092","59297","10.3","MONITOR  - Reorder soon","6.6","1.07","29649","9026","12.3","210","413","6587045","8456","517083","664","12.61","779","213","210","67","80.7","44.9","5.2","25.1","Star",10
579,"c","a","20970","Low risk","Hard to forecast","Every 2 days","High","8469","752","21.22","33.9","24.8","7285","27556","2149","120715","59283","8.9","OK       - Stock sufficient","7.1","0.98","29642","8328","12.7","211","606","6461297","8294","709982","911","9.00","779","235","230","346","78.5","44.9","-3.1","26.2","Star",10
250,"d","a","3520","Low risk","Hard to forecast","Every 2 days","High","8466","1024","23.03","25.0","26.6","8499","28324","2926","121450","59262","12.1","MONITOR  - Reorder soon","5.4","1.30","29631","10967","20.8","212","674","6615557","8471","513850","658","12.67","781","210","204","65","81.0","44.8","11.9","29.3","High Volume",8
145,"a","a","280","Low risk","Hard to forecast","Every 2 days","High","8463","1013","18.08","35.2","17.3","7268","28284","2895","121377","59241","12.0","MONITOR  - Reorder soon","6.5","1.08","29621","9160","15.9","213","402","5072096","8342","770814","1268","6.54","608","228","535","547","79.2","44.2","-9.0","24.8","Star",8
150,"c","c","31830","Low risk","Hard to forecast","Every 2 days","High","8463","877","17.88","38.6","16.6","6831","27895","2506","120988","59241","10.4","MONITOR  - Reorder soon","5.7","1.22","29621","10357","20.3","213","387","6599117","8417","643191","820","10.15","784","218","209","246","80.2","45.0","10.9","25.6","Star",10
90,"a","a","330","Low risk","Hard to forecast","Every 2 days","High","8452","753","17.77","36.0","15.1","6444","27508","2152","120480","59164","8.9","MONITOR  - Reorder soon","6.9","1.02","29582","8604","21.0","214","379","6548246","8417","822393","1057","7.90","778","218","214","443","80.2","45.0","4.4","24.0","Star",11
482,"c","a","2550","Low risk","Hard to forecast","Every 2 days","High","8432","1080","20.14","34.1","23.6","7940","28383","3087","121135","59024","12.8","MONITOR  - Reorder soon","6.7","1.04","29512","8809","21.6","215","547","6517671","8335","720149","921","8.97","782","230","221","349","79.0","44.9","-2.7","28.4","High Volume",8
662,"d","a","1070","Low risk","Hard to forecast","Every 2 days","High","8422","1137","25.26","24.3","31.4","9329","28515","3249","121157","58954","13.5","OK       - Stock sufficient","7.0","1.00","29477","8463","17.3","216","733","6616587","8440","604735","771","10.74","784","214","203","194","80.6","45.0","0.4","31.7","High Volume",9
33,"a","c","1320","Low risk","Forecastable","Every 2 days","High","8420","592","15.81","38.8","12.4","5496","26952","1692","119572","58940","7.0","OK       - Stock sufficient","7.1","0.99","29470","8296","12.1","217","247","6572158","8437","651485","836","10.02","779","215","211","259","80.5","44.9","-0.9","20.7","Star",11
536,"a","c","4700","Low risk","Hard to forecast","Every 2 days","High","8419","1502","18.02","35.6","17.8","8628","29550","4293","122159","58933","17.8","MONITOR  - Reorder soon","6.5","1.08","29467","9064","20.5","218","398","6484095","8324","687884","883","9.35","779","232","226","314","78.8","44.9","2.8","29.5","High Volume",8
691,"d","c","3030","Low risk","Hard to forecast","Every 2 days","High","8409","739","19.30","35.4","20.4","6750","27339","2112","119838","58863","8.8","MONITOR  - Reorder soon","6.9","1.01","29432","8470","16.3","219","489","6521018","8371","484001","621","13.36","779","225","220","31","79.4","44.9","-1.4","24.8","Star",10
298,"d","a","19840","Low risk","Forecastable","Every 2 days","High","8404","781","15.50","41.1","12.2","5955","27444","2232","119888","58828","9.3","MONITOR  - Reorder soon","6.3","1.12","29414","9377","9.4","220","230","5223940","8399","429979","691","12.09","622","219","496","93","80.0","44.1","2.3","22.3","Star",9
1059,"c","a","3380","Low risk","Forecastable","Every 2 days","High","8390","629","15.69","39.2","13.0","5560","26968","1798","119258","58730","7.5","MONITOR  - Reorder soon","6.1","1.15","29365","9648","18.2","221","242","6604849","8425","904541","1154","7.24","784","217","208","502","80.3","45.0","7.5","21.8","Star",12
1093,"c","c","10450","Low risk","Forecastable","Every 2 days","High","8385","720","23.66","43.7","12.4","7727","27213","2058","119448","58695","8.6","MONITOR  - Reorder soon","6.3","1.11","29348","9282","16.3","222","696","6504285","8339","678171","869","9.52","780","229","224","301","79.1","45.1","5.7","23.3","Star",11
354,"d","c","1500","Low risk","Hard to forecast","Every 2 days","High","8380","764","18.31","32.9","17.5","6568","27323","2183","119503","58660","9.1","MONITOR  - Reorder soon","6.9","1.01","29330","8486","14.4","223","418","6536263","8391","549547","705","11.79","779","222","216","116","79.7","44.9","5.0","24.0","Star",10
985,"c","c","490","Low risk","Hard to forecast","Every 2 days","High","8370","734","18.62","36.0","20.3","6552","27208","2098","119278","58590","8.8","MONITOR  - Reorder soon","5.8","1.21","29295","10093","22.6","224","441","6516900","8387","601984","775","10.77","777","223","222","191","79.6","44.8","5.0","26.9","High Volume",8
677,"d","a","1740","Low risk","Hard to forecast","Every 2 days","High","8363","713","21.58","30.6","22.5","7195","27127","2038","119120","58541","8.5","OK       - Stock sufficient","7.2","0.97","29271","8094","16.1","225","619","4938047","7939","396633","638","12.34","622","276","564","82","74.7","44.1","-14.3","25.5","Core",7
344,"a","c","300","Low risk","Hard to forecast","Every 2 days","High","8353","1216","21.19","26.0","22.6","8534","28534","3475","120417","58471","14.6","MONITOR  - Reorder soon","5.7","1.22","29236","10195","16.5","226","605","6649189","8481","893298","1139","7.32","784","208","198","494","81.1","45.0","8.3","30.1","High Volume",10
394,"d","a","10850","Low risk","Hard to forecast","Every 2 days","High","8333","659","18.00","37.7","17.1","6170","26882","1883","118545","58331","7.9","MONITOR  - Reorder soon","5.9","1.19","29166","9930","15.4","227","396","6523885","8353","516922","662","12.52","781","227","218","71","79.3","44.8","7.1","23.7","Star",9
1039,"a","c","70","Low risk","Hard to forecast","Every 2 days","High","8323","657","20.82","32.5","23.0","6830","26847","1878","118400","58261","7.9","OK       - Stock sufficient","7.0","1.01","29131","8372","17.0","228","581","6307879","8203","799824","1040","7.81","769","246","246","451","77.6","44.9","13.7","27.5","High Volume",9
687,"d","c","2770","Low risk","Forecastable","Every 2 days","High","8309","696","15.52","40.5","10.3","5674","26916","1989","118315","58163","8.4","MONITOR  - Reorder soon","5.9","1.18","29082","9787","12.7","229","232","6522150","8372","572085","734","11.31","779","224","219","151","79.5","44.9","13.8","21.5","Star",11
707,"a","c","2900","Medium risk","Forecastable","Every 2 days","High","8307","1703","16.46","39.5","14.4","8775","29788","4867","121165","58149","20.5","MONITOR  - Reorder soon","6.4","1.09","29075","9068","18.9","230","290","6481071","8320","711970","914","9.07","779","233","227","340","78.7","44.9","6.2","30.4","High Volume",7
699,"a","a","180","Low risk","Forecastable","Every 2 days","High","8303","572","16.51","38.1","12.3","5552","26544","1635","117877","58121","6.9","MONITOR  - Reorder soon","6.4","1.10","29061","9122","17.1","231","295","6373219","8331","749312","979","8.43","765","231","238","394","78.9","44.6","-3.6","24.3","Star",8
1091,"a","c","9990","Low risk","Hard to forecast","Every 2 days","High","8296","1089","17.97","35.1","17.0","7373","28000","3112","119256","58072","13.1","MONITOR  - Reorder soon","6.2","1.12","29036","9305","12.8","232","393","6488655","8276","546598","697","11.74","784","237","225","120","78.4","45.0","7.6","26.5","High Volume",9
493,"d","c","1150","Low risk","Hard to forecast","Every 2 days","High","8275","945","18.14","34.5","17.5","6991","27526","2701","118551","57925","11.4","MONITOR  - Reorder soon","6.3","1.11","28963","9182","12.6","233","406","6462326","8296","629636","808","10.14","779","234","229","247","78.6","44.9","15.4","26.4","High Volume",9
665,"a","a","90","Low risk","Hard to forecast","Every 2 days","High","8272","1468","19.54","31.6","15.7","8815","29011","4195","120003","57904","17.7","MONITOR  - Reorder soon","6.6","1.07","28952","8828","12.1","234","505","6360621","8228","975872","1262","6.43","773","242","239","553","77.9","45.1","-2.9","30.5","High Volume",9
629,"d","a","510","Low risk","Hard to forecast","Every 2 days","High","8257","702","22.27","34.5","24.3","7261","26777","2006","117604","57799","8.5","OK       - Stock sufficient","8.5","0.83","28900","6829","28.4","235","647","4760004","7653","422113","679","11.21","622","318","616","160","70.6","44.1","-24.1","24.9","Core",7
173,"a","a","350","Low risk","Forecastable","Every 2 days","High","8252","1010","16.14","38.2","13.1","6693","27642","2886","118414","57764","12.2","MONITOR  - Reorder soon","6.7","1.05","28882","8651","14.2","236","269","6454502","8233","789125","1007","8.11","784","241","231","425","78.0","45.0","-2.9","23.2","Star",12
510,"a","c","8260","Low risk","Forecastable","Every 2 days","High","8250","1505","16.67","40.7","12.9","8231","29051","4301","119801","57750","18.2","MONITOR  - Reorder soon","6.7","1.04","28875","8598","13.5","237","306","6385260","8197","656074","842","9.68","779","247","237","285","77.5","44.9","0.5","28.2","High Volume",8
147,"d","c","8540","Low risk","Hard to forecast","Every 2 days","High","8248","783","17.87","38.0","17.9","6450","26982","2238","117710","57736","9.5","MONITOR  - Reorder soon","6.7","1.04","28868","8568","13.0","238","386","6397583","8213","685221","880","9.25","779","244","234","323","77.7","44.9","3.8","24.2","Star",10
604,"d","a","10950","Low risk","Hard to forecast","Every 2 days","High","8237","722","19.10","36.3","20.7","6560","26774","2063","117381","57659","8.8","OK       - Stock sufficient","7.3","0.96","28830","7926","14.7","239","474","4953601","7964","368077","592","13.35","622","273","563","32","75.0","44.1","-10.1","24.6","Core",7
137,"a","a","1730","Low risk","Forecastable","Every 2 days","High","8235","881","16.68","47.0","7.2","6443","27223","2518","117808","57645","10.7","OK       - Stock sufficient","7.5","0.93","28823","7646","18.2","240","307","5147039","8275","595429","957","8.62","622","238","511","378","78.3","44.1","5.5","20.7","Star",9
11,"a","c","960","Low risk","Hard to forecast","Every 2 days","High","8220","1006","16.68","41.6","17.0","6793","27535","2875","117955","57540","12.2","OK       - Stock sufficient","7.6","0.92","28770","7548","21.3","241","307","6296286","8031","885992","1130","7.05","784","261","248","518","76.1","45.0","-0.3","27.9","High Volume",10
310,"a","c","2290","Medium risk","Hard to forecast","Every 2 days","High","8219","2337","24.73","33.0","16.9","12488","31336","6679","121745","57533","28.4","MONITOR  - Reorder soon","5.9","1.19","28767","9769","14.6","242","725","7388018","8236","627604","700","11.54","897","240","115","134","78.1","39.5","11.6","38.2","High Volume",6
213,"d","c","4030","Low risk","Hard to forecast","Every 2 days","High","8210","831","19.37","34.0","20.0","6920","27005","2375","117315","57470","10.1","MONITOR  - Reorder soon","6.2","1.12","28735","9212","18.2","243","494","6334081","8131","508427","653","12.30","779","253","242","84","76.9","44.9","10.8","26.7","High Volume",9
158,"d","c","11840","Low risk","Forecastable","Every 2 days","High","8206","719","14.20","44.2","10.7","5385","26673","2055","116939","57442","8.8","MONITOR  - Reorder soon","6.1","1.15","28721","9442","16.0","244","140","6354198","8157","405068","520","15.63","779","250","240","4","77.2","44.9","5.2","20.2","Star",11
971,"c","a","1140","Low risk","Hard to forecast","Every 2 days","High","8204","830","20.96","30.9","23.0","7286","26984","2372","117228","57428","10.1","MONITOR  - Reorder soon","5.8","1.22","28714","9983","20.3","245","588","6392792","8281","761659","987","8.27","772","236","236","409","78.5","45.1","7.1","28.7","High Volume",10
578,"d","a","12700","Low risk","Forecastable","Every 2 days","High","8200","1426","16.42","44.4","12.7","7923","28675","4075","118875","57400","17.4","WARNING  - Order within 24hrs","4.8","1.45","57400","11877","17.5","246","288","7356117","8164","697049","774","10.50","901","248","121","214","77.4","39.3","10.3","28.4","High Volume",7
1011,"a","c","490","Low risk","Hard to forecast","Every 2 days","High","8184","635","22.49","32.3","25.9","7075","26367","1815","116391","57288","7.8","OK       - Stock sufficient","7.1","0.99","28644","8078","21.6","247","655","6137147","7878","734852","943","8.27","779","282","272","409","74.1","44.9","-1.4","26.1","Core",9
849,"c","c","5000","Low risk","Forecastable","Every 2 days","High","8180","697","15.67","39.9","13.2","5655","26532","1992","116512","57260","8.5","MONITOR  - Reorder soon","6.0","1.17","28630","9606","16.2","248","240","6393691","8155","697085","889","9.10","784","251","235","337","77.1","45.0","6.9","21.8","Star",12
490,"a","a","660","Low risk","Highly forecastable","Every 2 days","High","8174","733","10.50","54.6","2.0","4548","26617","2095","116531","57218","9.0","MONITOR  - Reorder soon","6.4","1.09","28609","8920","9.4","249","28","5131331","8250","661634","1064","7.73","622","239","518","458","78.2","44.1","3.9","15.7","Star",9
674,"a","a","2640","Low risk","Hard to forecast","Every 2 days","High","8169","1504","18.66","34.2","18.3","8655","28805","4298","118664","57183","18.4","MONITOR  - Reorder soon","6.5","1.08","28592","8786","18.3","250","444","6112239","8204","756535","1015","7.99","745","245","276","436","77.6","45.0","5.7","33.0","High Volume",9
386,"d","c","1460","Low risk","Hard to forecast","Every 2 days","High","8144","1102","22.06","30.6","26.5","8284","27581","3149","117165","57008","13.5","OK       - Stock sufficient","7.2","0.98","28504","7969","19.0","251","638","6255013","8030","502764","645","12.24","779","262","256","87","76.0","44.9","-18.2","30.9","High Volume",7
754,"c","c","380","Low risk","Hard to forecast","Every 2 days","High","8139","1407","20.51","34.5","24.1","8792","28438","4021","117967","56973","17.3","OK       - Stock sufficient","7.3","0.96","28487","7829","18.8","252","565","6324001","8087","755067","966","8.26","782","255","243","410","76.8","45.1","-8.7","32.7","High Volume",9
522,"d","c","7160","Low risk","Forecastable","Every 2 days","High","8136","681","14.14","42.5","9.4","5234","26354","1946","115850","56952","8.4","MONITOR  - Reorder soon","5.5","1.28","28476","10421","17.1","253","134","5122860","8223","394373","633","12.90","623","243","525","56","77.8","44.1","9.2","21.5","Star",9
535,"a","a","3570","Low risk","Forecastable","Every 2 days","High","8133","1480","17.59","38.6","12.3","8318","28629","4230","118092","56931","18.2","OK       - Stock sufficient","7.0","1.00","28466","8134","12.5","254","367","6322186","8116","718716","923","8.71","779","254","244","369","76.8","44.9","3.5","28.2","High Volume",8
291,"d","a","2325","Medium risk","Hard to forecast","Every 2 days","High","8130","1739","18.51","36.7","20.1","9271","29360","4970","118790","56910","21.4","MONITOR  - Reorder soon","6.6","1.06","28455","8631","13.2","255","434","6257971","8023","655473","840","9.43","780","265","254","307","75.8","45.1","1.4","32.8","High Volume",9
891,"a","c","350","Low risk","Hard to forecast","Every 2 days","High","8128","756","17.30","37.5","19.2","6179","26545","2161","115953","56896","9.3","MONITOR  - Reorder soon","6.9","1.01","28448","8223","21.1","256","350","6189692","7976","851629","1097","7.21","776","271","268","505","75.2","44.8","-2.4","24.2","Star",9
982,"d","a","21930","Low risk","Hard to forecast","Every 2 days","High","8124","1269","19.65","34.9","18.9","8189","27999","3627","117363","56868","15.6","MONITOR  - Reorder soon","6.0","1.17","28434","9483","13.8","257","512","6285458","8058","539497","692","11.50","780","256","249","136","76.7","45.1","6.8","29.4","High Volume",10
944,"c","a","1670","Low risk","Hard to forecast","Every 2 days","High","8109","855","17.99","38.6","19.6","6613","26770","2443","115969","56763","10.5","MONITOR  - Reorder soon","6.6","1.06","28382","8615","16.8","258","395","6217518","7931","963947","1230","6.39","784","277","261","556","74.6","45.0","-3.1","27.7","Promo Driven",9
784,"a","a","560","Low risk","Hard to forecast","Every 2 days","High","8102","1248","21.92","31.1","24.1","8642","27873","3567","116995","56714","15.4","OK       - Stock sufficient","8.0","0.88","28357","7112","27.4","259","631","6038270","7751","642805","825","9.27","779","299","287","322","72.6","44.9","-6.9","29.6","Core",7
655,"d","c","960","Low risk","Hard to forecast","Every 2 days","High","8099","1053","22.63","31.8","27.5","8247","27306","3009","116395","56693","13.0","MONITOR  - Reorder soon","5.8","1.20","28347","9721","21.5","260","663","6256703","8032","535521","687","11.50","779","260","255","136","76.3","44.9","20.0","31.0","High Volume",7
287,"c","a","2740","Low risk","Forecastable","Every 2 days","High","8092","752","12.08","48.5","3.9","4943","26425","2149","115437","56644","9.3","MONITOR  - Reorder soon","6.1","1.15","28322","9310","14.4","261","55","5070793","8152","509417","819","9.90","622","252","536","267","77.0","44.1","4.6","17.4","Star",9
747,"c","c","45740","Low risk","Hard to forecast","Every 2 days","High","8080","1068","18.16","36.4","18.5","7246","27292","3052","116172","56560","13.2","MONITOR  - Reorder soon","6.2","1.13","28280","9129","14.6","262","408","6261174","8027","547051","701","11.30","780","263","253","152","75.9","45.0","6.4","27.7","High Volume",10
382,"c","c","26130","Low risk","Hard to forecast","Every 2 days","High","8070","1215","21.56","31.5","24.0","8445","27682","3472","116452","56490","15.1","MONITOR  - Reorder soon","6.2","1.12","28245","9068","14.2","263","617","6228961","7986","507968","651","12.07","780","270","260","95","75.3","45.0","4.9","30.8","High Volume",9
643,"a","a","230","Low risk","Hard to forecast","Every 2 days","High","8063","932","18.50","34.4","19.6","6927","26853","2664","115546","56441","11.6","MONITOR  - Reorder soon","6.7","1.05","28221","8445","17.4","264","433","6267634","7994","799871","1020","7.75","784","268","251","456","75.5","45.0","2.0","26.3","Star",10
349,"c","c","1490","Low risk","Highly forecastable","Every 2 days","High","8052","683","9.42","60.1","1.3","4120","26108","1952","114680","56364","8.5","MONITOR  - Reorder soon","6.6","1.06","28182","8575","6.3","265","13","5711451","8159","580713","830","9.80","700","249","352","275","77.3","45.0","9.9","18.1","Star",12
928,"d","c","1090","Low risk","Hard to forecast","Every 2 days","High","8045","921","24.47","27.1","31.2","8258","26767","2632","115262","56315","11.4","MONITOR  - Reorder soon","6.0","1.17","28158","9415","25.4","266","718","6243438","8015","539545","693","11.39","779","266","259","145","75.7","44.9","5.8","31.0","High Volume",7
34,"c","a","2240","Low risk","Forecastable","Every 2 days","High","8039","671","13.39","45.5","6.5","4994","26035","1918","114464","56273","8.3","MONITOR  - Reorder soon","6.5","1.08","28137","8720","14.4","267","96","6296685","8031","778872","993","8.04","784","261","247","431","76.1","45.0","3.4","18.8","Star",12
730,"c","a","1190","Low risk","Forecastable","Every 2 days","High","8036","692","17.02","36.2","14.4","5886","26086","1978","114482","56252","8.6","OK       - Stock sufficient","7.5","0.93","28126","7457","13.8","268","332","6315412","8055","771672","984","8.13","784","257","245","423","76.6","45.0","-10.8","23.5","Star",10
742,"d","c","4380","Low risk","Hard to forecast","Every 2 days","High","8011","833","18.01","33.6","17.1","6504","26414","2381","114535","56077","10.4","MONITOR  - Reorder soon","6.4","1.09","28039","8736","17.7","269","397","6252167","8026","679893","873","9.10","779","264","257","337","75.9","44.9","5.5","24.7","Star",10
1055,"c","a","1980","Low risk","Hard to forecast","Every 2 days","High","8008","712","17.77","37.3","20.4","6102","26059","2035","114147","56056","8.9","MONITOR  - Reorder soon","6.8","1.02","28028","8189","13.9","270","379","6197127","7915","775488","990","7.91","783","278","265","442","74.5","45.0","0.8","24.2","Promo Driven",10
192,"d","c","2770","Low risk","Hard to forecast","Every 2 days","High","8008","1485","19.07","31.4","22.2","8608","28268","4244","116356","56056","18.5","WARNING  - Order within 24hrs","3.7","1.91","56056","15262","34.5","270","473","5608471","9017","401447","645","13.79","622","164","382","21","85.3","44.1","73.7","37.2","High Volume",6
60,"d","c","5540","Medium risk","Hard to forecast","Every 2 days","High","7995","1640","19.12","33.4","17.9","9056","28672","4687","116617","55965","20.5","MONITOR  - Reorder soon","5.6","1.24","27983","9952","17.2","271","476","6265808","8033","556509","713","11.11","780","259","252","166","76.4","45.1","15.8","33.6","High Volume",9
718,"a","a","1100","Low risk","Forecastable","Every 2 days","High","7985","1043","14.46","41.7","8.3","6281","26936","2981","114771","55895","13.1","MONITOR  - Reorder soon","6.9","1.02","27948","8131","9.4","272","159","6178736","7911","667942","855","9.19","781","279","269","329","74.4","44.8","0.8","22.2","Reliable",9
888,"d","a","4450","Low risk","Forecastable","Every 2 days","High","7968","771","14.84","42.2","9.9","5583","26107","2203","113755","55776","9.7","MONITOR  - Reorder soon","5.9","1.19","27888","9454","16.4","273","186","6271013","7999","582833","743","10.67","784","267","250","201","75.6","45.0","15.1","21.9","Star",12
100,"d","a","17930","Low risk","Forecastable","Every 2 days","High","7966","707","13.80","45.6","7.4","5162","25919","2021","113545","55762","8.9","MONITOR  - Reorder soon","5.9","1.18","27881","9407","11.8","274","112","4826434","7964","415849","686","11.55","606","273","595","133","75.0","43.7","4.8","21.0","Reliable",8
705,"a","a","4140","Low risk","Hard to forecast","Every 2 days","High","7964","1573","18.85","33.9","18.6","8786","28387","4495","115991","55748","19.8","MONITOR  - Reorder soon","6.7","1.05","27874","8333","20.3","275","457","6206501","7967","747320","959","8.19","779","272","263","417","75.1","44.9","3.9","31.1","High Volume",7
199,"d","c","6360","Low risk","Hard to forecast","Every 2 days","High","7963","842","19.47","32.9","19.5","6837","26295","2406","113888","55741","10.6","MONITOR  - Reorder soon","5.9","1.19","27871","9486","14.9","276","500","6197488","7956","486550","625","12.60","779","274","264","68","74.9","44.9","12.6","26.2","Core",9
838,"d","c","6890","Low risk","Forecastable","Every 2 days","High","7951","1065","15.46","38.2","10.7","6557","26897","3044","114358","55657","13.4","MONITOR  - Reorder soon","6.3","1.11","27829","8788","12.3","277","228","6246047","7987","639466","818","9.66","782","269","258","287","75.4","45.1","13.7","24.1","Star",11
54,"d","c","7170","Low risk","Hard to forecast","Every 2 days","High","7947","914","19.81","33.1","21.3","7111","26453","2612","113870","55629","11.5","MONITOR  - Reorder soon","6.0","1.17","27815","9313","20.9","278","526","6207418","7908","573426","730","10.76","785","280","262","192","74.3","45.1","3.0","26.3","Promo Driven",10
228,"d","c","10800","Low risk","Forecastable","Every 2 days","High","7923","515","14.05","42.7","8.8","4653","25241","1472","112394","55461","6.5","MONITOR  - Reorder soon","6.5","1.08","27731","8531","16.8","279","128","6190043","7946","462038","593","13.34","779","275","267","33","74.8","44.9","9.0","19.5","Reliable",10
694,"a","c","460","Low risk","Forecastable","Every 2 days","High","7921","642","14.61","38.3","8.2","5142","25598","1835","112729","55447","8.1","MONITOR  - Reorder soon","5.9","1.19","27724","9460","17.4","280","167","5005559","8048","482870","776","10.30","622","258","555","233","76.5","44.1","7.1","19.4","Star",9
492,"a","a","1740","Low risk","Hard to forecast","Every 2 days","High","7895","746","17.91","36.8","18.8","6173","25817","2132","112662","55265","9.4","MONITOR  - Reorder soon","6.3","1.11","27633","8740","15.6","281","389","4825503","7859","709936","1156","6.73","614","283","596","537","74.1","44.5","3.8","26.2","Core",7
319,"a","c","570","Low risk","Forecastable","Every 2 days","High","7877","1015","13.73","48.3","9.6","5992","26532","2901","113179","55139","12.9","OK       - Stock sufficient","7.0","1.00","27570","7893","13.1","282","108","6105068","7787","661449","844","9.19","784","291","277","329","73.3","45.0","2.2","23.2","Reliable",11
453,"a","c","75860","Medium risk","Hard to forecast","Every 2 days","High","7877","1733","18.76","38.4","18.6","9176","28584","4953","115231","55139","22.0","WARNING  - Order within 24hrs","4.4","1.59","55139","12511","16.5","282","450","6896821","7775","811228","915","8.50","887","294","167","388","73.1","39.9","10.4","36.5","Core",5
144,"a","c","16570","Low risk","Forecastable","Every 2 days","High","7868","875","16.09","44.7","10.5","6119","26105","2501","112653","55076","11.1","MONITOR  - Reorder soon","6.4","1.09","27538","8566","13.4","283","266","4823879","7718","455556","729","10.52","625","307","598","212","71.6","43.8","-5.5","24.6","Core",7
529,"d","c","12920","Low risk","Hard to forecast","Every 2 days","High","7861","828","16.46","41.2","15.1","6064","25949","2366","112420","55027","10.5","MONITOR  - Reorder soon","6.2","1.13","27514","8910","9.6","284","290","6133846","7824","596775","761","10.18","784","287","273","243","73.7","45.0","8.5","24.2","Promo Driven",10
95,"a","a","1890","Low risk","Hard to forecast","Every 2 days","High","7859","1566","19.86","33.7","20.5","8936","28052","4475","114501","55013","19.9","OK       - Stock sufficient","7.1","0.98","27507","7701","12.8","285","530","5958064","7639","658101","844","8.97","780","322","301","349","70.3","45.1","-7.4","31.9","Promo Driven",8
822,"a","c","410","Low risk","Hard to forecast","Every 2 days","High","7859","813","23.22","29.6","27.4","7539","25900","2323","112349","55013","10.3","MONITOR  - Reorder soon","6.2","1.14","27507","8943","19.6","285","681","6066329","7738","499161","637","12.00","784","302","282","102","72.2","45.0","0.5","29.4","Core",8
377,"a","c","100","Low risk","Hard to forecast","Every 2 days","High","7856","958","17.51","37.5","18.1","6669","26306","2738","112722","54992","12.2","MONITOR  - Reorder soon","5.9","1.19","27496","9331","18.3","286","364","6129725","7819","760021","969","7.98","784","288","274","437","73.6","45.0","15.9","27.5","Promo Driven",9
162,"d","c","5340","Low risk","Hard to forecast","Every 2 days","High","7847","742","22.02","30.5","26.5","7059","25662","2121","111979","54929","9.5","MONITOR  - Reorder soon","5.9","1.18","27465","9250","17.4","287","637","6066911","7768","433998","556","13.80","781","296","281","20","72.9","44.8","4.7","27.9","Core",6
957,"d","c","1420","Medium risk","Hard to forecast","Every 2 days","High","7847","1630","18.49","33.9","16.4","8805","28199","4658","114516","54929","20.8","MONITOR  - Reorder soon","6.3","1.11","27465","8705","18.1","287","432","6192726","7899","666924","851","9.16","784","281","266","332","74.2","45.0","6.8","31.8","Promo Driven",8
271,"a","a","420","Medium risk","Hard to forecast","Every 2 days","High","7847","2436","23.80","23.5","25.6","12299","30503","6962","116820","54929","31.0","MONITOR  - Reorder soon","6.1","1.15","27465","9043","24.8","287","703","6116519","7842","617651","792","9.86","780","285","275","270","73.9","45.1","8.8","43.9","Promo Driven",8
357,"a","a","2060","Low risk","Hard to forecast","Every 2 days","High","7828","960","19.62","35.9","20.8","7133","26228","2744","112336","54796","12.3","MONITOR  - Reorder soon","6.2","1.12","27398","8778","16.6","288","510","5986921","7806","781188","1018","7.55","767","290","296","472","73.4","45.2","8.6","30.3","Promo Driven",8
146,"d","c","8050","Low risk","Hard to forecast","Every 2 days","High","7803","885","18.05","34.4","18.2","6554","25938","2529","111771","54621","11.3","MONITOR  - Reorder soon","6.4","1.10","27311","8586","15.9","289","400","6086195","7813","547187","702","10.99","779","289","278","175","73.5","44.9","12.4","26.0","Core",9
67,"a","c","410","Low risk","Hard to forecast","Every 2 days","High","7796","1311","17.87","31.3","16.4","7728","27135","3747","112891","54572","16.8","MONITOR  - Reorder soon","5.4","1.29","27286","10079","20.1","290","386","6083079","7829","620297","798","9.70","777","286","280","283","73.8","44.8","5.7","28.0","Core",6
524,"a","c","40860","Medium risk","Forecastable","Every 2 days","High","7792","2153","23.15","41.2","13.5","11308","29529","6153","115241","54544","27.6","MONITOR  - Reorder soon","6.3","1.11","27272","8642","13.7","291","678","6793232","7711","721100","819","9.31","881","310","184","318","71.4","40.2","7.5","36.5","Core",5
159,"d","a","8530","Low risk","Hard to forecast","Every 2 days","High","7783","880","20.80","29.2","20.2","7141","25864","2515","111477","54481","11.3","MONITOR  - Reorder soon","6.0","1.16","27241","9034","14.8","292","580","4827383","7749","433591","696","10.98","623","300","594","176","72.5","44.1","0.0","27.0","Core",6
238,"a","a","320","Low risk","Hard to forecast","Every 2 days","High","7783","980","17.69","33.8","15.8","6735","26150","2801","111763","54481","12.6","OK       - Stock sufficient","7.1","0.99","27241","7723","22.7","292","375","5868876","7672","843640","1103","6.89","765","316","319","529","70.8","44.8","1.3","24.6","Core",7
552,"a","a","4260","Medium risk","Hard to forecast","Every 2 days","High","7774","1831","27.43","20.5","34.4","11327","28555","5233","114069","54418","23.6","MONITOR  - Reorder soon","6.2","1.13","27209","8816","18.5","293","748","6030778","7722","538809","690","10.87","781","305","288","185","71.9","44.8","1.4","40.3","Core",5
951,"d","c","710","Low risk","Hard to forecast","Every 2 days","High","7772","668","18.08","34.9","17.8","5925","25225","1909","110717","54404","8.6","MONITOR  - Reorder soon","6.7","1.05","27202","8175","15.8","294","402","6058267","7777","559971","719","10.71","779","293","285","197","73.2","44.9","10.6","24.9","Core",9
696,"a","c","430","Low risk","Forecastable","Every 2 days","High","7768","1013","15.38","39.7","11.2","6309","26199","2895","111647","54376","13.0","MONITOR  - Reorder soon","5.5","1.28","27188","9921","17.3","295","221","6154509","7850","780542","996","7.81","784","284","271","451","74.0","45.0","14.1","24.9","Core",9
118,"d","c","3580","Low risk","Hard to forecast","Every 2 days","High","7758","1002","21.27","31.0","23.8","7579","26138","2864","111476","54306","12.9","MONITOR  - Reorder soon","5.8","1.20","27153","9346","18.5","296","609","6085216","7782","528277","676","11.35","782","292","279","148","73.2","45.0","13.1","29.5","Core",8
863,"a","c","21370","Medium risk","Forecastable","Every 2 days","High","7754","2243","18.83","45.6","10.1","10583","29672","6410","114966","54278","28.9","MONITOR  - Reorder soon","5.9","1.19","27139","9191","13.8","297","455","6836861","7708","814889","919","8.28","887","311","178","408","71.3","39.9","4.8","35.9","Core",5
327,"c","c","1390","Low risk","Hard to forecast","Every 2 days","High","7753","856","16.98","36.4","15.5","6209","25705","2446","110988","54271","11.0","MONITOR  - Reorder soon","6.2","1.13","27136","8786","19.2","298","330","6012573","7738","723138","931","8.23","777","302","292","413","72.2","45.2","10.5","25.5","Promo Driven",10
466,"a","c","3110","Medium risk","Hard to forecast","Every 2 days","High","7751","1681","19.90","31.0","18.8","9212","28057","4804","113318","54257","21.7","OK       - Stock sufficient","7.0","0.99","27129","7702","20.2","299","534","6007933","7712","588740","756","10.10","779","309","294","251","71.5","44.9","3.8","32.8","Core",6
1099,"a","c","200","Low risk","Forecastable","Every 2 days","High","7737","1410","15.84","41.3","11.7","7532","27241","4030","112348","54159","18.2","MONITOR  - Reorder soon","5.5","1.26","27080","9773","16.8","300","249","6914599","7743","875095","980","7.86","893","301","164","447","72.4","39.6","0.8","27.5","Core",6
465,"d","c","10890","Low risk","Hard to forecast","Every 2 days","High","7735","757","20.07","30.9","20.6","6600","25368","2163","110453","54145","9.8","MONITOR  - Reorder soon","5.8","1.21","27073","9369","15.0","301","542","6062752","7763","472261","605","12.69","781","297","283","64","72.8","44.8","7.5","26.3","Core",8
200,"a","a","1650","Low risk","Forecastable","Every 2 days","High","7730","567","13.84","43.8","7.5","4678","24810","1620","109840","54110","7.3","OK       - Stock sufficient","7.3","0.96","27055","7435","20.7","302","115","6021315","7730","753802","968","7.95","779","303","289","439","72.1","44.9","2.7","19.0","Reliable",10
484,"a","c","14300","Low risk","Forecastable","Every 2 days","High","7727","1076","14.70","44.9","11.9","6321","26256","3075","111253","54089","13.9","MONITOR  - Reorder soon","6.5","1.08","27045","8360","9.3","303","175","6050653","7718","580053","740","10.37","784","307","286","226","71.6","45.0","5.0","25.2","Core",9
975,"a","c","9630","Low risk","Forecastable","Every 2 days","High","7724","1045","17.97","36.6","14.9","6953","26158","2986","111122","54068","13.5","MONITOR  - Reorder soon","6.9","1.02","27034","7868","13.4","304","393","6010559","7716","579446","744","10.29","779","308","293","234","71.5","44.9","-0.5","26.3","Core",9
417,"a","c","840","Low risk","Hard to forecast","Every 2 days","High","7720","1138","18.34","35.3","19.7","7299","26412","3252","111332","54040","14.7","OK       - Stock sufficient","7.8","0.90","27020","6929","25.0","305","420","5946326","7633","626318","804","9.39","779","324","304","311","70.1","44.9","-7.6","27.2","Core",8
676,"b","b","1410","Medium risk","Highly forecastable","Every 2 days","High","7710","1831","10.86","60.2","6.5","7626","28363","5233","113173","53970","23.7","MONITOR  - Reorder soon","5.9","1.19","26985","9181","8.5","306","35","7057092","7687","1549211","1688","4.50","918","312","152","576","71.2","37.8","28.4","31.2","Core",5
16,"a","c","3270","Low risk","Forecastable","Every 2 days","High","7692","1239","13.84","42.6","6.9","6583","26617","3541","111229","53844","16.1","MONITOR  - Reorder soon","5.9","1.18","26922","9110","10.1","307","115","5967891","7681","662375","852","8.98","777","313","299","348","71.1","44.8","8.7","24.8","Core",7
20,"d","a","2340","Low risk","Highly forecastable","Every 2 days","High","7689","1261","10.55","56.2","2.6","5922","26671","3604","111250","53823","16.4","MONITOR  - Reorder soon","5.4","1.29","26912","9916","16.1","308","29","4801543","7757","525258","849","9.22","619","298","606","326","72.7","43.8","9.4","21.9","Reliable",8
892,"a","a","19370","Medium risk","Hard to forecast","Every 2 days","High","7685","2074","19.35","35.5","19.1","10177","28982","5927","113517","53795","27.0","MONITOR  - Reorder soon","6.7","1.05","26898","8078","12.0","309","492","5927347","7599","608437","780","9.64","780","329","313","289","69.6","45.1","2.3","36.9","Promo Driven",8
1086,"a","a","180","Medium risk","Hard to forecast","Every 2 days","High","7685","1870","26.05","26.9","29.3","11066","28399","5344","112934","53795","24.3","OK       - Stock sufficient","7.6","0.93","26898","7122","19.7","309","740","5996057","7677","655364","839","8.90","781","314","295","355","71.0","44.8","-29.2","39.9","Core",5
721,"a","c","3590","Low risk","Forecastable","Every 2 days","High","7682","535","12.49","48.1","5.6","4271","24575","1529","109077","53774","7.0","MONITOR  - Reorder soon","6.8","1.02","26887","7856","14.1","310","64","6015956","7673","592864","756","10.10","784","315","291","251","70.9","45.0","4.8","19.2","Reliable",11
52,"d","c","450","Low risk","Hard to forecast","Every 2 days","High","7679","690","21.57","31.9","22.7","6706","25009","1972","109478","53753","9.0","OK       - Stock sufficient","7.3","0.96","26877","7378","12.3","311","618","4607742","7408","313176","503","14.59","622","354","658","6","67.1","44.1","-14.2","26.9","Core",6
1085,"c","a","4030","Low risk","Hard to forecast","Every 2 days","High","7677","1109","17.49","35.5","15.8","7007","26200","3169","110647","53739","14.4","OK       - Stock sufficient","7.1","0.99","26870","7594","12.3","312","362","5932711","7567","596091","760","9.87","784","333","310","269","69.1","45.0","-3.3","25.7","Core",9
113,"d","c","20930","Low risk","Hard to forecast","Every 2 days","High","7676","644","19.81","32.2","20.1","6186","24868","1840","109304","53732","8.4","OK       - Stock sufficient","8.1","0.86","26866","6610","22.0","313","526","4477826","7199","434973","699","10.22","622","399","692","240","62.4","44.1","-22.4","23.8","Core",7
506,"a","a","1850","Low risk","Hard to forecast","Every 2 days","High","7661","1239","19.28","31.4","19.3","7762","26524","3541","110795","53627","16.2","MONITOR  - Reorder soon","6.7","1.05","26814","8036","19.3","314","487","5905867","7581","655686","842","8.89","779","332","315","356","69.3","44.9","-2.8","28.8","Core",7
494,"b","a","1260","Low risk","Forecastable","Every 2 days","High","7656","991","14.50","41.7","8.4","6005","25800","2832","110016","53592","12.9","MONITOR  - Reorder soon","6.8","1.03","26796","7897","10.4","315","162","7205637","7649","1016989","1080","7.03","942","320","135","520","70.5","38.2","3.9","22.1","Reliable",8
370,"d","a","8250","Low risk","Hard to forecast","Every 2 days","High","7651","694","18.03","33.5","17.5","5926","24936","1983","109097","53557","9.1","MONITOR  - Reorder soon","6.5","1.08","26779","8300","16.9","316","399","5959072","7650","495158","636","11.93","779","319","300","107","70.6","44.9","2.4","24.0","Core",9
496,"d","c","2780","Low risk","Hard to forecast","Every 2 days","High","7640","796","17.95","32.2","17.0","6194","25195","2275","109235","53480","10.4","MONITOR  - Reorder soon","6.6","1.06","26740","8132","19.0","317","391","6059458","7729","650918","830","9.21","784","304","284","327","72.0","45.0","6.4","24.9","Promo Driven",10
1045,"a","c","26990","Medium risk","Hard to forecast","Every 2 days","High","7640","1735","18.73","41.7","16.7","9048","27878","4958","111918","53480","22.7","WATCH    - Demand surging","5.1","1.38","73802","10511","15.0","317","447","6654188","7536","808163","915","8.16","883","336","196","420","68.9","40.1","8.0","33.3","Core",5
760,"a","a","560","Low risk","Highly forecastable","Every 2 days","High","7638","512","8.24","69.6","0.9","3262","24377","1463","108395","53466","6.7","MONITOR  - Reorder soon","6.5","1.07","26733","8185","6.3","318","1","5935009","7638","953570","1227","6.22","777","323","307","564","70.2","44.9","2.9","13.3","Reliable",10
68,"a","c","250","Low risk","Forecastable","Every 2 days","High","7636","777","15.27","42.7","11.2","5553","25129","2221","109125","53452","10.2","MONITOR  - Reorder soon","6.3","1.12","26726","8529","14.0","319","215","5929590","7563","903132","1152","6.50","784","334","311","549","69.0","45.0","10.6","25.5","Core",9
77,"d","c","1090","Low risk","Hard to forecast","Every 2 days","High","7628","778","19.33","32.9","20.1","6437","25107","2223","109015","53396","10.2","MONITOR  - Reorder soon","6.0","1.16","26698","8872","11.3","320","491","5952383","7621","517673","663","11.37","781","325","302","147","70.0","44.8","9.3","25.7","Core",8
741,"d","c","11900","Low risk","Forecastable","Every 2 days","High","7627","804","16.91","36.8","14.5","5984","25179","2298","109076","53389","10.5","MONITOR  - Reorder soon","5.9","1.19","26695","9060","12.6","321","324","5973663","7619","721461","920","8.20","784","326","298","416","69.9","45.0","12.7","23.9","Promo Driven",10
620,"d","c","5440","Low risk","Forecastable","Every 2 days","High","7623","715","11.78","48.0","3.9","4610","24912","2043","108765","53361","9.4","MONITOR  - Reorder soon","5.4","1.30","26681","9918","16.2","322","45","4835283","7774","441221","709","10.90","622","295","590","182","73.0","44.1","14.1","18.7","Reliable",8
651,"a","a","200","Low risk","Forecastable","Every 2 days","High","7621","667","15.64","39.2","9.5","5313","24769","1906","108600","53347","8.8","OK       - Stock sufficient","7.1","0.98","26674","7463","11.9","323","237","5932759","7616","738819","948","7.98","779","328","309","437","69.7","44.9","2.3","20.8","Reliable",10
427,"a","c","70","Low risk","Hard to forecast","Every 2 days","High","7617","1133","22.78","24.3","26.9","8197","26089","3238","109876","53319","14.9","MONITOR  - Reorder soon","5.6","1.25","26660","9486","22.2","324","668","4761741","7643","480391","771","9.73","623","321","614","280","70.4","44.1","-0.7","31.2","Core",5
275,"d","a","300","Low risk","Hard to forecast","Every 2 days","High","7613","641","17.61","35.4","15.6","5663","24671","1832","108414","53291","8.4","MONITOR  - Reorder soon","6.9","1.01","26646","7698","11.8","325","369","4630070","7444","466063","749","9.86","622","352","650","270","67.2","44.1","-9.7","22.2","Reliable",8
571,"d","a","2110","Low risk","Forecastable","Every 2 days","High","7598","1046","15.26","39.3","11.2","6303","25783","2989","109361","53186","13.8","MONITOR  - Reorder soon","5.6","1.24","26593","9443","16.0","326","214","4815991","7743","358047","576","13.36","622","301","601","31","72.4","44.1","13.7","24.0","Core",7
318,"d","c","32330","Low risk","Hard to forecast","Every 2 days","High","7593","1219","17.68","40.2","18.5","7320","26263","3484","109786","53151","16.1","MONITOR  - Reorder soon","6.6","1.05","26576","8008","11.2","327","374","5871619","7528","513822","659","11.30","780","337","318","152","68.8","45.1","2.0","29.3","Promo Driven",9
458,"c","a","3390","Low risk","Hard to forecast","Every 2 days","High","7585","988","16.85","41.2","17.3","6476","25579","2824","109014","53095","13.0","MONITOR  - Reorder soon","6.1","1.15","26548","8720","13.0","328","320","5921634","7582","548787","703","10.72","781","331","314","196","69.4","44.8","1.2","24.6","Core",7
791,"a","a","5950","Low risk","Hard to forecast","Every 2 days","High","7583","1036","17.86","34.9","17.4","6831","25710","2961","109123","53081","13.7","MONITOR  - Reorder soon","5.8","1.22","26541","9216","21.8","329","385","5973977","7669","631301","810","9.35","779","317","297","314","70.7","44.9","17.3","28.4","Core",7
12,"a","c","1070","Low risk","Hard to forecast","Every 2 days","High","7582","887","19.71","28.4","20.8","6806","25281","2535","108683","53074","11.7","MONITOR  - Reorder soon","6.6","1.06","26537","8072","15.6","330","517","5950245","7590","703211","897","8.35","784","330","303","402","69.5","45.0","5.6","27.1","Core",8
80,"d","a","7910","Low risk","Hard to forecast","Every 2 days","High","7574","708","17.85","37.6","15.6","5887","24745","2023","108059","53018","9.3","MONITOR  - Reorder soon","5.8","1.21","26509","9184","14.3","331","384","5933077","7616","450064","578","13.10","779","328","308","43","69.7","44.9","5.2","23.3","Core",8
993,"d","c","3460","Low risk","Hard to forecast","Every 2 days","High","7570","1221","17.50","35.5","15.5","7275","26199","3489","109469","52990","16.1","MONITOR  - Reorder soon","6.2","1.13","26495","8572","17.4","332","363","5942063","7618","587207","753","10.01","780","327","306","260","69.8","45.1","3.9","28.3","Promo Driven",9
230,"d","c","6680","Low risk","Forecastable","Every 2 days","High","7558","639","14.65","44.2","13.0","4991","24500","1826","107638","52906","8.5","MONITOR  - Reorder soon","6.9","1.01","26453","7621","15.9","333","171","5928326","7562","737138","940","7.97","784","335","312","438","68.9","45.0","9.4","22.0","Reliable",11
745,"a","a","17650","Medium risk","Hard to forecast","Every 2 days","High","7556","2141","21.15","31.9","22.6","10686","28787","6119","111903","52892","28.3","MONITOR  - Reorder soon","6.3","1.12","26446","8460","20.8","334","602","5849281","7499","553511","710","10.40","780","343","321","224","68.2","45.1","2.5","39.6","Promo Driven",8
474,"c","a","14810","Low risk","Hard to forecast","Every 2 days","High","7553","1355","17.98","34.8","17.4","7754","26531","3872","109614","52871","17.9","MONITOR  - Reorder soon","6.6","1.06","26436","8022","13.0","335","394","5885972","7527","576183","737","10.09","782","338","317","252","68.7","45.1","4.2","29.1","Promo Driven",9
168,"a","a","12540","Low risk","Hard to forecast","Every 2 days","High","7548","1439","18.18","34.9","15.1","8034","26756","4112","109784","52836","19.1","MONITOR  - Reorder soon","5.7","1.22","26418","9218","15.4","336","410","5840824","7517","568177","731","10.16","777","340","322","245","68.5","44.8","5.1","30.4","Core",6
169,"d","a","980","Low risk","Hard to forecast","Every 2 days","High","7523","678","20.90","36.8","22.9","6431","24507","1938","107260","52661","9.0","OK       - Stock sufficient","8.3","0.84","26331","6326","31.2","337","585","5529699","7219","526944","688","10.41","766","395","405","223","62.9","44.8","-18.4","27.4","Core",6
880,"a","c","4570","Low risk","Forecastable","Every 2 days","High","7510","911","12.90","44.7","5.0","5372","25134","2604","107744","52570","12.1","MONITOR  - Reorder soon","5.5","1.27","26285","9534","20.0","338","80","5832985","7507","614028","790","9.45","777","341","324","305","68.4","44.8","8.2","21.2","Reliable",8
798,"a","a","9560","Medium risk","Hard to forecast","Every 2 days","High","7506","2126","18.50","34.7","18.0","10044","28594","6076","111160","52542","28.3","MONITOR  - Reorder soon","6.7","1.04","26271","7832","11.9","339","433","5825254","7468","702461","901","8.25","780","347","325","411","67.8","45.1","3.4","38.1","Promo Driven",8
1051,"c","a","200","Low risk","Hard to forecast","Every 2 days","High","7504","1065","18.06","33.1","16.8","6917","25556","3044","108100","52528","14.2","MONITOR  - Reorder soon","5.6","1.26","26264","9458","18.2","340","401","5737921","7491","770860","1006","7.35","766","344","339","491","68.1","44.8","7.9","27.4","Core",6
1050,"d","c","13170","Low risk","Hard to forecast","Every 2 days","High","7502","732","19.12","35.6","21.9","6191","24598","2092","107120","52514","9.8","MONITOR  - Reorder soon","6.3","1.10","26257","8280","12.6","341","476","5771211","7390","404342","518","14.13","781","357","331","14","66.8","44.8","2.8","25.9","Core",8
684,"d","c","680","Low risk","Hard to forecast","Every 2 days","High","7501","1012","20.90","29.8","23.5","7373","25395","2892","107906","52507","13.5","WATCH    - Demand surging","5.0","1.40","73510","10519","22.8","342","585","4802690","7721","385149","619","12.34","622","306","603","82","71.8","44.1","22.7","29.8","Core",6
437,"c","c","430","Low risk","Hard to forecast","Every 2 days","High","7493","1171","21.39","33.9","24.8","7927","25826","3347","108249","52451","15.6","MONITOR  - Reorder soon","6.0","1.18","26226","8811","20.2","343","612","5746040","7367","567017","727","10.12","780","363","336","249","66.2","45.1","6.1","32.7","Promo Driven",8
865,"d","c","2640","Low risk","Forecastable","Every 2 days","High","7489","678","16.90","36.6","12.2","5555","24405","1938","106784","52423","9.1","MONITOR  - Reorder soon","6.3","1.11","26212","8312","13.6","344","323","5894369","7567","496348","637","11.79","779","333","316","116","69.1","44.9","7.7","22.4","Reliable",10
101,"d","c","2440","Low risk","Hard to forecast","Every 2 days","High","7478","580","16.56","37.0","16.4","5197","24092","1658","106350","52346","7.8","MONITOR  - Reorder soon","6.2","1.12","26173","8399","19.4","345","298","5856384","7470","609290","777","9.53","784","345","320","300","68.0","45.0","8.4","22.4","Reliable",11
792,"d","a","17280","Low risk","Hard to forecast","Every 2 days","High","7473","1316","23.15","28.0","26.1","8705","26180","3761","108383","52311","17.6","MONITOR  - Reorder soon","6.7","1.04","26156","7787","17.4","346","678","5756322","7389","538855","692","10.47","779","358","333","217","66.7","44.9","-2.1","33.1","Core",6
790,"d","c","9070","Low risk","Forecastable","Every 2 days","High","7472","716","15.02","43.5","12.8","5254","24462","2046","106654","52304","9.6","MONITOR  - Reorder soon","6.2","1.13","26152","8441","11.3","347","201","5820810","7453","532923","682","10.85","781","350","328","186","67.4","44.8","3.2","21.9","Reliable",9
128,"d","c","2000","Low risk","Hard to forecast","Every 2 days","High","7467","1009","18.64","33.2","19.3","6861","25285","2884","107422","52269","13.5","MONITOR  - Reorder soon","5.6","1.25","26135","9306","13.5","348","443","5822099","7455","464447","595","12.37","781","349","327","80","67.6","44.8","21.2","28.8","Core",7
140,"a","c","1090","Low risk","Forecastable","Every 2 days","High","7465","793","14.95","43.0","9.5","5456","24661","2266","106776","52255","10.6","MONITOR  - Reorder soon","6.3","1.12","26128","8326","13.8","349","196","5833328","7469","752581","964","7.69","781","346","323","462","67.9","44.8","4.2","21.7","Reliable",9
534,"d","a","1200","Low risk","Hard to forecast","Every 2 days","High","7453","752","23.81","27.4","28.7","7221","24508","2149","106491","52171","10.1","MONITOR  - Reorder soon","5.5","1.27","26086","9455","21.2","350","704","4684684","7520","354298","569","13.03","623","339","635","48","68.6","44.1","3.7","30.2","Core",5
403,"a","a","4970","Low risk","Forecastable","Every 2 days","High","7450","1221","13.97","44.3","6.8","6464","25839","3489","107789","52150","16.4","MONITOR  - Reorder soon","6.7","1.04","26075","7727","11.3","351","123","5817980","7469","573879","737","10.07","779","346","329","254","67.9","44.9","1.5","24.4","Core",9
859,"c","a","21770","Low risk","Highly forecastable","Every 2 days","High","7449","590","12.18","50.3","4.8","4279","24033","1686","105972","52143","7.9","MONITOR  - Reorder soon","5.8","1.20","26072","8949","13.4","352","58","4667332","7504","451729","726","10.29","622","342","639","234","68.3","44.1","7.5","18.2","Reliable",8
922,"d","a","2110","Low risk","Forecastable","Every 2 days","High","7430","636","14.74","41.7","11.6","4948","24108","1818","105838","52010","8.6","MONITOR  - Reorder soon","6.9","1.02","26005","7570","12.4","353","178","5739531","7406","552904","713","10.32","775","355","337","231","67.0","45.2","2.9","20.4","Reliable",11
840,"a","a","1070","Low risk","Forecastable","Every 2 days","High","7418","1442","13.97","45.2","6.2","7083","26375","4121","107973","51926","19.4","OK       - Stock sufficient","7.4","0.95","25963","7026","14.8","354","123","5738112","7319","827775","1056","6.87","784","372","338","530","65.4","45.0","-2.5","26.2","Core",9
857,"c","a","6270","Low risk","Forecastable","Every 2 days","High","7415","923","15.58","42.1","9.4","5939","24883","2638","106448","51905","12.4","MONITOR  - Reorder soon","5.4","1.30","25953","9648","16.7","355","234","5815578","7446","720850","923","8.01","781","351","330","434","67.3","44.8","17.2","23.7","Core",8
1025,"a","a","720","Low risk","Forecastable","Every 2 days","High","7396","668","12.72","46.9","4.7","4598","24097","1909","105453","51772","9.0","MONITOR  - Reorder soon","6.7","1.05","25886","7752","8.8","356","72","5762189","7426","672559","867","8.52","776","353","332","386","67.1","44.8","-1.3","18.1","Reliable",8
455,"d","c","7660","Low risk","Forecastable","Every 2 days","High","7388","976","16.39","37.0","13.1","6250","24953","2789","106221","51716","13.2","MONITOR  - Reorder soon","5.9","1.19","25858","8813","16.7","357","286","5727571","7371","359933","463","15.76","777","362","343","3","66.3","44.8","19.1","25.3","Core",7
744,"a","a","1370","Low risk","Forecastable","Every 2 days","High","7387","532","12.88","43.5","4.2","4240","23681","1520","104938","51709","7.2","MONITOR  - Reorder soon","6.1","1.15","25855","8522","13.0","358","79","4511526","7457","505061","835","8.89","605","348","684","356","67.7","43.8","3.5","17.8","Reliable",8
323,"d","c","8400","Low risk","Forecastable","Every 2 days","High","7386","607","14.19","46.5","10.6","4730","23893","1735","105139","51702","8.2","MONITOR  - Reorder soon","6.0","1.17","25851","8628","12.0","359","139","5737615","7365","483870","621","11.78","779","364","340","117","66.1","44.9","8.3","21.3","Reliable",10
932,"a","a","15700","Low risk","Forecastable","Every 2 days","High","7382","1219","14.43","41.4","9.4","6528","25630","3484","106832","51674","16.5","MONITOR  - Reorder soon","5.9","1.19","25837","8802","15.1","360","156","4607215","7395","455455","731","10.03","623","356","659","258","66.9","44.1","2.1","25.6","Core",7
138,"a","c","25360","Medium risk","Hard to forecast","Every 2 days","High","7377","2030","18.09","35.8","17.9","9615","27933","5802","109080","51639","27.5","MONITOR  - Reorder soon","5.9","1.18","25820","8681","19.6","361","403","5721236","7335","557266","714","10.20","780","367","346","241","65.8","45.1","10.0","37.2","Promo Driven",8
1022,"a","c","1520","Low risk","Hard to forecast","Every 2 days","High","7370","979","20.76","31.1","22.1","7170","24908","2798","105978","51590","13.3","MONITOR  - Reorder soon","6.8","1.03","25795","7555","15.9","362","577","5706179","7325","641135","823","8.76","779","370","354","364","65.5","44.9","6.9","29.1","Core",7
1000,"a","c","2230","Low risk","Forecastable","Every 2 days","High","7370","527","15.08","37.8","9.2","4682","23616","1506","104686","51590","7.2","MONITOR  - Reorder soon","6.5","1.08","25795","7959","13.9","362","204","4635525","7453","423675","681","10.87","622","350","649","185","67.4","44.1","-1.9","20.0","Reliable",8
1003,"a","a","170","Low risk","Hard to forecast","Every 2 days","High","7368","1474","24.65","24.7","25.9","9403","26317","4213","107365","51576","20.0","MONITOR  - Reorder soon","6.4","1.09","25788","8019","21.3","363","723","5751204","7383","602250","773","9.40","779","359","335","310","66.6","44.9","-6.3","35.3","Core",6
1061,"d","c","8110","Low risk","Forecastable","Every 2 days","High","7366","814","15.66","41.7","11.8","5623","24424","2326","105450","51562","11.1","MONITOR  - Reorder soon","5.4","1.30","25781","9578","14.1","364","239","5732970","7378","431026","555","13.20","777","360","342","40","66.5","44.8","17.9","24.2","Core",8
933,"a","c","6270","Medium risk","Forecastable","Every 2 days","High","7357","1767","15.48","43.5","12.8","8305","27121","5050","108048","51499","24.0","MONITOR  - Reorder soon","6.4","1.10","25750","8066","13.1","365","229","5718554","7331","706128","905","7.98","780","368","349","437","65.7","45.1","5.4","33.0","Promo Driven",8
1060,"a","c","3430","Low risk","Hard to forecast","Every 2 days","High","7351","993","16.65","38.8","16.7","6336","24891","2838","105752","51457","13.5","MONITOR  - Reorder soon","6.6","1.06","25729","7807","21.6","366","304","5707977","7327","660675","848","8.54","779","369","353","384","65.6","44.9","4.1","25.8","Core",9
385,"d","a","4580","Low risk","Hard to forecast","Every 2 days","High","7347","695","23.20","26.2","29.1","6858","24027","1986","104844","51429","9.5","MONITOR  - Reorder soon","6.1","1.15","25715","8432","20.1","367","680","4570779","7349","407132","655","11.08","622","365","670","169","66.0","44.1","3.4","27.8","Core",6
216,"c","a","190","Low risk","Hard to forecast","Every 2 days","High","7344","782","20.08","34.5","22.3","6449","24267","2235","105051","51408","10.6","OK       - Stock sufficient","7.0","1.00","25704","7347","18.6","368","543","5607978","7227","688834","888","8.05","776","392","384","430","63.2","44.8","2.2","25.9","Core",8
489,"a","a","14960","Medium risk","Hard to forecast","Every 2 days","High","7344","2126","24.22","25.5","27.2","11159","28108","6076","108892","51408","28.9","MONITOR  - Reorder soon","5.9","1.19","25704","8727","17.4","368","715","5698967","7306","506711","650","10.96","780","374","356","178","65.2","45.0","3.8","42.1","Promo Driven",8
1017,"c","a","110","Low risk","Forecastable","Every 2 days","High","7340","984","14.15","44.9","7.7","5780","24832","2812","105572","51380","13.4","OK       - Stock sufficient","7.8","0.90","25690","6582","13.9","369","135","5539437","7222","781115","1018","7.05","767","393","399","518","63.1","45.0","-4.9","23.2","Reliable",11
179,"a","c","480","Low risk","Hard to forecast","Every 2 days","High","7337","832","21.25","31.2","23.4","6834","24389","2378","105096","51359","11.3","MONITOR  - Reorder soon","6.6","1.06","25680","7781","23.9","370","608","5683019","7295","744593","956","7.53","779","378","359","474","64.6","44.9","7.6","28.5","Core",7
1052,"a","c","5080","Low risk","Forecastable","Every 2 days","High","7330","1152","17.04","36.9","14.4","6862","25282","3292","105912","51310","15.7","MONITOR  - Reorder soon","6.6","1.06","25655","7787","20.4","371","334","5662859","7269","588984","756","9.52","779","383","365","301","64.2","44.9","2.3","26.8","Core",8
49,"d","c","18010","Low risk","Hard to forecast","Every 2 days","High","7328","634","16.91","40.1","15.3","5353","23796","1812","104404","51296","8.7","MONITOR  - Reorder soon","5.5","1.26","25648","9250","16.9","372","324","5675296","7304","413137","532","13.61","777","375","360","26","65.1","44.8","10.5","24.8","Core",7
981,"d","c","2620","Low risk","Hard to forecast","Every 2 days","High","7326","982","18.19","36.3","19.6","6615","24784","2806","105370","51282","13.4","MONITOR  - Reorder soon","6.4","1.10","25641","8031","17.4","373","411","5700952","7309","588296","754","9.57","780","373","355","296","65.3","45.0","4.6","27.4","Core",8
29,"d","c","2170","Low risk","Hard to forecast","Every 2 days","High","7309","1075","20.34","29.5","20.3","7321","24999","3072","105398","51163","14.7","MONITOR  - Reorder soon","6.2","1.13","25582","8232","13.4","374","556","5737160","7365","509233","654","11.09","779","364","341","168","66.1","44.9","20.8","29.9","Core",7
107,"a","a","1930","Low risk","Forecastable","Every 2 days","High","7304","593","11.90","48.3","4.2","4179","23607","1695","103951","51128","8.1","MONITOR  - Reorder soon","6.5","1.08","25564","7853","6.9","375","47","5751886","7337","748964","955","7.64","784","366","334","466","65.9","45.0","7.1","17.2","Reliable",11
392,"a","a","2120","Medium risk","Forecastable","Every 2 days","High","7301","1555","17.58","35.4","14.4","8112","26347","4444","106658","51107","21.3","OK       - Stock sufficient","7.4","0.95","25554","6917","14.2","376","366","5670675","7279","559386","718","10.00","779","380","361","261","64.5","44.9","6.4","31.7","Core",6
1058,"a","c","180","Low risk","Hard to forecast","Every 2 days","High","7298","1208","19.33","30.6","17.9","7484","25346","3452","105624","51086","16.6","MONITOR  - Reorder soon","6.6","1.06","25543","7712","15.3","377","491","5658141","7263","546009","701","10.26","779","384","368","237","64.1","44.9","3.9","28.9","Core",7
115,"d","c","5740","Low risk","Forecastable","Every 2 days","High","7295","964","13.45","44.1","6.7","5559","24640","2755","104885","51065","13.2","MONITOR  - Reorder soon","5.5","1.28","25533","9303","15.9","378","99","4585191","7372","343372","552","13.28","622","361","667","37","66.4","44.1","15.2","23.0","Reliable",8
153,"a","a","16240","Medium risk","Hard to forecast","Every 2 days","High","7295","1585","25.85","24.4","30.6","9919","26415","4530","106660","51065","21.7","OK       - Stock sufficient","7.6","0.92","25533","6710","25.0","378","738","5505047","7067","493792","634","10.88","779","424","411","184","59.9","44.9","-4.5","36.8","Core",6
439,"a","a","1350","Low risk","Hard to forecast","Every 2 days","High","7293","1020","18.33","34.8","17.5","6735","24794","2915","105017","51051","14.0","OK       - Stock sufficient","7.1","0.99","25526","7203","14.7","379","419","5719235","7295","693947","885","8.13","784","378","347","423","64.6","45.0","1.5","26.9","Core",8
808,"a","a","18620","Low risk","Forecastable","Every 2 days","High","7289","1320","16.01","39.2","12.5","7107","25639","3772","105818","51023","18.1","MONITOR  - Reorder soon","5.9","1.18","25512","8615","17.4","380","261","5687084","7291","469085","601","12.02","780","379","357","100","64.5","45.1","7.1","27.8","Promo Driven",9
264,"a","a","180","Low risk","Hard to forecast","Every 2 days","High","7287","960","21.14","32.2","25.5","7146","24605","2744","104762","51009","13.2","OK       - Stock sufficient","7.1","0.99","25505","7187","16.7","381","601","5512491","7234","727234","954","7.47","762","389","409","479","63.6","45.0","-12.8","31.7","Promo Driven",8
678,"c","a","3250","Low risk","Hard to forecast","Every 2 days","High","7277","868","19.57","30.7","22.1","6551","24312","2481","104359","50939","11.9","MONITOR  - Reorder soon","6.3","1.11","25470","8071","17.9","382","506","5686651","7300","642924","825","8.74","779","376","358","366","65.0","44.9","6.8","28.8","Core",7
163,"a","a","1480","Low risk","Highly forecastable","Every 2 days","High","7275","771","12.02","50.6","4.4","4703","24028","2203","104053","50925","10.6","OK       - Stock sufficient","8.1","0.86","25463","6256","8.5","383","51","5722186","7299","682711","871","8.36","784","377","345","401","64.9","45.0","-10.9","20.8","Reliable",10
926,"d","c","5150","Low risk","Hard to forecast","Every 2 days","High","7274","720","21.68","29.9","23.5","6565","23880","2058","103894","50918","9.9","MONITOR  - Reorder soon","5.8","1.20","25459","8740","18.6","384","624","5655998","7261","422709","543","13.22","779","385","371","39","64.0","44.9","6.7","27.7","Core",8
901,"a","c","3170","Low risk","Forecastable","Every 2 days","High","7270","1184","16.01","40.8","13.8","6710","25194","3384","105164","50890","16.3","OK       - Stock sufficient","7.2","0.98","25445","7095","12.1","385","261","5669137","7231","500746","639","11.22","784","391","362","159","63.3","45.0","-0.5","26.9","Core",8
940,"d","c","6470","Low risk","Hard to forecast","Every 2 days","High","7270","1080","17.19","38.5","16.1","6658","24897","3087","104867","50890","14.9","MONITOR  - Reorder soon","6.2","1.14","25445","8263","13.6","385","342","5657022","7253","579554","743","9.65","780","387","369","288","63.7","45.1","10.4","27.1","Promo Driven",9
223,"d","c","2920","Low risk","Hard to forecast","Every 2 days","High","7264","1049","19.50","33.3","19.7","7046","24790","2998","104694","50848","14.4","MONITOR  - Reorder soon","6.5","1.08","25424","7823","11.2","386","503","5656109","7233","577676","739","9.65","782","390","370","288","63.4","45.1","0.2","28.7","Promo Driven",9
226,"a","a","450","Low risk","Forecastable","Every 2 days","High","7259","928","15.24","41.5","11.1","5814","24429","2652","104278","50813","12.8","OK       - Stock sufficient","7.0","0.99","25407","7221","12.9","387","213","5667944","7257","549052","703","10.27","781","386","364","236","63.9","44.8","-6.2","22.8","Reliable",9
56,"d","c","6620","Low risk","Forecastable","Every 2 days","High","7252","776","16.53","39.5","14.6","5644","23974","2218","103746","50764","10.7","MONITOR  - Reorder soon","5.6","1.24","25382","9002","14.1","388","296","5718290","7322","395919","507","14.36","781","371","350","8","65.4","44.8","19.9","23.6","Core",8
85,"b","a","1870","Medium risk","Forecastable","Every 2 days","High","7251","1754","14.26","45.5","10.0","7968","26766","5013","106527","50757","24.2","MONITOR  - Reorder soon","6.7","1.04","25379","7541","9.9","389","144","6850652","7272","956508","1015","7.12","942","382","174","514","64.3","38.2","3.6","31.3","Core",5
847,"c","c","190","Low risk","Hard to forecast","Every 2 days","High","7249","682","18.13","37.8","20.5","5705","23696","1949","103435","50743","9.4","MONITOR  - Reorder soon","6.8","1.02","25372","7418","23.5","390","405","5518727","7112","784345","1011","6.98","776","416","407","524","60.7","44.8","-1.1","25.2","Core",7
978,"c","c","3890","Low risk","Hard to forecast","Every 2 days","High","7249","1034","17.44","36.9","16.7","6568","24702","2955","104441","50743","14.3","MONITOR  - Reorder soon","6.5","1.07","25372","7750","13.4","390","359","5626588","7214","757830","972","7.33","780","397","377","493","62.7","45.1","10.2","27.3","Promo Driven",9
161,"a","c","2970","Low risk","Forecastable","Every 2 days","High","7243","537","14.22","44.8","6.9","4478","23264","1535","102937","50701","7.4","MONITOR  - Reorder soon","6.9","1.02","25351","7365","11.9","391","141","5649774","7253","638171","819","8.80","779","387","373","362","63.7","44.9","5.4","19.3","Reliable",10
633,"d","a","11640","Low risk","Forecastable","Every 2 days","High","7239","845","12.57","47.4","5.8","5015","24132","2415","103761","50673","11.7","MONITOR  - Reorder soon","6.9","1.02","25337","7363","8.9","392","68","4482889","7207","341963","550","13.08","622","398","690","44","62.7","44.1","2.8","20.1","Reliable",8
556,"d","c","1140","Low risk","Hard to forecast","Every 2 days","High","7238","1037","17.22","35.8","15.3","6526","24678","2964","104296","50666","14.3","MONITOR  - Reorder soon","6.7","1.05","25333","7616","13.4","393","344","5620964","7179","650457","831","8.56","783","401","379","383","62.2","45.1","9.8","25.8","Promo Driven",10
796,"a","c","7180","Low risk","Forecastable","Every 2 days","High","7235","1390","17.26","31.5","13.2","7541","25677","3972","105262","50645","19.2","MONITOR  - Reorder soon","6.0","1.16","25323","8398","17.9","394","347","5643678","7245","520214","668","10.74","779","388","375","194","63.6","44.9","9.8","29.6","Core",7
116,"a","a","680","Low risk","Forecastable","Every 2 days","High","7234","841","12.77","44.5","3.8","5044","24105","2403","103679","50638","11.6","OK       - Stock sufficient","7.2","0.97","25319","7052","7.4","395","75","5711629","7295","593708","758","9.58","783","378","351","295","64.6","45.1","-0.5","19.5","Reliable",11
661,"d","c","2140","Low risk","Forecastable","Every 2 days","High","7219","567","14.42","43.8","9.5","4595","23277","1620","102686","50533","7.9","OK       - Stock sufficient","7.2","0.98","25267","7051","7.8","396","155","5503903","7167","453009","590","12.07","768","403","412","95","62.0","44.8","3.4","20.1","Reliable",9
968,"c","a","1190","Low risk","Forecastable","Every 2 days","High","7219","1343","13.39","47.8","7.6","6601","25495","3838","104904","50533","18.6","MONITOR  - Reorder soon","6.6","1.06","25267","7629","5.2","396","96","5609742","7192","683254","876","8.16","780","400","381","420","62.3","45.1","5.8","25.0","Promo Driven",10
180,"d","a","5800","Low risk","Forecastable","Every 2 days","High","7210","491","16.51","37.1","14.8","4805","23033","1403","102343","50470","6.8","MONITOR  - Reorder soon","6.5","1.08","25235","7796","15.5","397","295","5660528","7220","661099","843","8.49","784","394","367","389","63.0","45.0","0.7","21.6","Reliable",11
930,"a","a","70","Low risk","Hard to forecast","Every 2 days","High","7209","683","18.82","35.8","20.5","5829","23579","1952","102878","50463","9.5","OK       - Stock sufficient","7.1","0.98","25232","7076","20.3","398","454","5569973","7150","911976","1171","6.07","779","406","392","566","61.8","44.9","-3.5","24.4","Core",9
779,"a","a","16990","Medium risk","Hard to forecast","Every 2 days","High","7209","2106","20.80","31.5","21.0","10304","27646","6019","106945","50463","29.2","MONITOR  - Reorder soon","6.6","1.06","25232","7648","11.2","398","580","5560247","7129","546065","700","10.04","780","411","393","257","61.2","45.1","6.6","40.6","Promo Driven",8
338,"a","c","1590","Low risk","Hard to forecast","Every 2 days","High","7201","805","17.99","33.1","17.1","6003","23904","2301","103115","50407","11.2","MONITOR  - Reorder soon","6.7","1.04","25204","7483","15.1","399","395","5637222","7218","487915","625","11.45","781","396","376","139","62.8","44.8","-6.3","24.7","Core",7
623,"a","a","4080","Low risk","Hard to forecast","Every 2 days","High","7195","1224","19.15","39.4","15.8","7436","25083","3498","104228","50365","17.0","MONITOR  - Reorder soon","6.9","1.02","25183","7345","11.3","400","477","5473895","7146","639137","834","8.49","766","407","427","389","61.7","45.0","-3.9","29.9","Core",8
278,"a","c","9260","Low risk","Forecastable","Every 2 days","High","7193","1101","14.92","43.4","12.5","6214","24726","3147","103849","50351","15.3","MONITOR  - Reorder soon","6.8","1.02","25176","7365","14.0","401","193","5599459","7142","621398","793","8.93","784","409","388","353","61.4","45.0","3.0","25.3","Core",9
1082,"c","a","440","Low risk","Hard to forecast","Every 2 days","High","7192","926","18.29","37.3","18.9","6406","24222","2646","103334","50344","12.9","MONITOR  - Reorder soon","6.8","1.03","25172","7383","15.0","402","416","5494934","7045","807063","1035","6.74","780","430","418","536","59.3","45.1","-0.7","28.2","Promo Driven",9
720,"a","c","15320","Low risk","Hard to forecast","Every 2 days","High","7189","704","16.97","39.6","17.0","5498","23579","2012","102658","50323","9.8","MONITOR  - Reorder soon","6.1","1.14","25162","8207","16.8","403","329","5618245","7166","562504","717","9.89","784","404","380","268","61.9","45.0","2.3","24.1","Promo Driven",10
37,"c","a","4230","Low risk","Hard to forecast","Every 2 days","High","7185","718","20.99","34.3","24.3","6362","23607","2052","102642","50295","10.0","MONITOR  - Reorder soon","6.5","1.07","25148","7707","19.9","404","590","5549053","7114","609251","781","9.05","780","415","396","342","60.8","45.0","-3.4","26.6","Core",8
185,"d","c","1860","Low risk","Hard to forecast","Every 2 days","High","7183","796","19.71","31.9","20.9","6321","23824","2275","102837","50281","11.1","OK       - Stock sufficient","7.2","0.97","25141","6999","19.6","405","517","5621764","7171","427459","545","13.01","784","402","378","49","62.1","45.0","7.7","26.2","Core",9
689,"d","a","15040","Low risk","Hard to forecast","Every 2 days","High","7159","947","19.93","32.6","20.6","6784","24183","2706","102932","50113","13.2","OK       - Stock sufficient","7.0","1.00","25057","7180","9.5","406","536","5503014","7046","557206","713","9.76","781","429","413","277","59.4","44.8","-5.7","27.0","Core",6
304,"a","a","1950","Low risk","Hard to forecast","Every 2 days","High","7157","937","17.42","35.2","17.5","6241","24149","2678","102876","50099","13.1","MONITOR  - Reorder soon","6.9","1.01","25050","7229","16.5","407","357","5541079","7068","827856","1056","6.63","784","423","398","542","60.0","45.0","0.4","25.5","Core",9
243,"a","a","310","Low risk","Hard to forecast","Every 2 days","High","7149","923","22.39","28.6","24.3","7212","24085","2638","102724","50043","12.9","MONITOR  - Reorder soon","5.6","1.24","25022","8861","24.0","408","653","4407146","7074","594010","953","7.30","623","422","712","496","60.1","44.1","-2.0","29.6","Core",6
937,"d","a","2810","Low risk","Hard to forecast","Every 2 days","High","7142","631","20.55","29.3","23.1","5998","23229","1803","101791","49994","8.8","MONITOR  - Reorder soon","6.2","1.13","24997","8086","13.0","409","568","5648895","7233","457265","585","12.23","781","390","374","88","63.4","44.8","7.2","26.2","Core",8
673,"d","c","15170","Low risk","Hard to forecast","Every 2 days","High","7140","849","17.29","35.9","15.9","5954","23846","2426","102386","49980","11.9","WATCH    - Demand surging","5.0","1.40","69972","9970","20.7","410","349","5536916","7126","452784","583","12.08","777","412","401","94","61.1","44.8","19.0","26.6","Core",7
471,"d","a","5300","Low risk","Hard to forecast","Every 2 days","High","7139","483","16.10","40.5","15.0","4665","22797","1380","101326","49973","6.8","MONITOR  - Reorder soon","6.1","1.15","24987","8178","15.7","411","267","4422266","7110","367107","590","11.97","622","417","710","104","60.5","44.1","1.7","21.0","Reliable",8
206,"a","c","380","Low risk","Forecastable","Every 2 days","High","7138","1292","16.45","36.7","12.9","7048","25106","3692","103624","49966","18.1","MONITOR  - Reorder soon","6.5","1.08","24983","7720","16.5","412","289","5575733","7158","623126","800","8.87","779","405","391","358","61.8","44.9","16.0","29.9","Core",7
102,"a","a","150","Low risk","Hard to forecast","Every 2 days","High","7134","917","26.70","24.2","32.8","8064","24023","2621","102497","49938","12.9","MONITOR  - Reorder soon","6.5","1.07","24969","7644","27.0","413","744","5444156","7080","808768","1052","6.60","769","419","437","543","60.3","44.9","4.5","33.1","Core",6
363,"a","a","250","Low risk","Forecastable","Every 2 days","High","7126","650","14.67","41.4","7.9","4845","23236","1858","101622","49882","9.1","MONITOR  - Reorder soon","6.6","1.06","24941","7559","14.1","414","172","5593213","7134","734675","937","7.56","784","410","389","471","61.3","45.0","4.4","20.3","Reliable",10
47,"a","c","270","Low risk","Forecastable","Every 2 days","High","7123","893","16.16","37.7","13.1","5842","23921","2552","102274","49861","12.5","MONITOR  - Reorder soon","6.7","1.05","24931","7451","12.0","415","270","5601760","7145","721790","921","7.68","784","408","386","463","61.6","45.0","11.2","24.4","Core",9
582,"a","a","120","Low risk","Hard to forecast","Every 2 days","High","7114","1025","19.71","33.6","18.9","6937","24271","2929","102525","49798","14.4","OK       - Stock sufficient","7.3","0.96","24899","6857","14.8","416","517","5492051","7023","675115","863","8.05","782","436","420","430","58.7","44.8","0.7","28.4","Core",7
120,"d","a","2290","Low risk","Hard to forecast","Every 2 days","High","7111","781","17.80","35.1","17.6","5849","23565","2232","101786","49777","11.0","MONITOR  - Reorder soon","6.0","1.17","24889","8297","16.0","417","380","5552990","7110","498431","638","11.03","781","417","394","173","60.5","44.8","1.4","24.3","Core",8
313,"d","c","14160","Low risk","Hard to forecast","Every 2 days","High","7109","1308","20.10","33.1","22.3","7822","25065","3738","103264","49763","18.4","MONITOR  - Reorder soon","6.1","1.15","24882","8198","16.0","418","545","5533037","7075","552885","707","9.84","782","421","403","272","60.1","45.1","1.0","31.6","Promo Driven",8
630,"a","a","1690","Medium risk","Hard to forecast","Every 2 days","High","7109","1970","19.41","35.3","20.4","9574","26957","5630","105156","49763","27.7","OK       - Stock sufficient","7.6","0.92","24882","6529","18.4","418","498","5403029","6936","618196","794","8.64","779","463","451","376","56.1","44.9","1.0","37.7","Core",6
300,"a","c","120","Low risk","Forecastable","Every 2 days","High","7107","603","14.93","42.2","11.7","4756","23044","1723","101221","49749","8.5","MONITOR  - Reorder soon","6.0","1.17","24875","8326","12.4","419","194","5534680","7078","687137","879","7.99","782","420","402","436","60.2","44.9","14.2","21.8","Reliable",10
343,"d","a","18650","Low risk","Hard to forecast","Every 2 days","High","7105","840","20.30","31.6","18.7","6523","23716","2401","101871","49735","11.8","MONITOR  - Reorder soon","6.4","1.10","24868","7800","17.2","420","554","5608306","7199","546982","702","10.12","779","399","383","249","62.4","44.9","12.7","28.0","Core",7
980,"a","a","4420","Low risk","Hard to forecast","Every 2 days","High","7103","1093","19.48","32.0","18.2","7078","24433","3124","102566","49721","15.4","OK       - Stock sufficient","7.1","0.99","24861","7047","10.7","421","501","5468281","7020","432164","555","12.52","779","437","429","71","58.6","44.9","-1.5","28.0","Core",7
94,"d","c","14620","Low risk","Hard to forecast","Every 2 days","High","7095","990","19.45","32.4","20.1","6773","24114","2829","102159","49665","14.0","MONITOR  - Reorder soon","6.3","1.10","24833","7836","15.9","422","499","5547371","7121","498672","640","10.97","779","413","397","177","61.0","44.9","6.2","28.0","Core",7
856,"a","a","3020","Low risk","Forecastable","Every 2 days","High","7093","590","15.58","35.5","10.3","4844","22965","1686","100988","49651","8.3","MONITOR  - Reorder soon","6.3","1.11","24826","7863","14.0","423","234","5599626","7142","750983","958","7.40","784","409","387","486","61.4","45.0","-0.6","20.6","Reliable",10
711,"d","a","17110","Low risk","Hard to forecast","Every 2 days","High","7082","811","20.47","30.2","22.2","6461","23564","2318","101466","49574","11.5","OK       - Stock sufficient","7.4","0.95","24787","6714","15.4","424","563","4307666","6914","318552","511","13.36","623","468","731","31","55.6","44.1","-2.7","26.8","Core",6
954,"a","a","390","Low risk","Hard to forecast","Every 2 days","High","7081","795","23.36","29.8","27.1","6999","23515","2272","101406","49567","11.2","OK       - Stock sufficient","7.3","0.95","24784","6747","24.4","425","689","5426552","6966","705305","905","7.59","779","455","447","470","56.8","44.9","2.1","29.3","Core",7
1073,"a","c","1710","Low risk","Forecastable","Every 2 days","High","7073","902","14.18","43.5","8.1","5444","23797","2578","101600","49511","12.8","MONITOR  - Reorder soon","6.8","1.03","24756","7296","11.1","426","138","5668621","7277","715327","918","7.84","779","381","363","448","64.4","44.9","15.7","24.9","Core",9
1037,"a","c","150","Low risk","Hard to forecast","Every 2 days","High","7069","633","18.40","35.6","19.1","5526","23016","1809","100775","49483","9.0","OK       - Stock sufficient","7.3","0.95","24742","6745","21.7","427","425","5387026","6906","681679","874","7.84","780","470","454","448","55.4","45.0","-4.9","25.4","Core",9
246,"c","a","4660","Low risk","Forecastable","Every 2 days","High","7068","687","14.24","42.3","8.6","4840","23167","1963","100915","49476","9.7","MONITOR  - Reorder soon","6.5","1.08","24738","7614","12.3","428","143","5551547","7081","734843","937","7.50","784","418","395","477","60.4","45.0","2.3","20.8","Reliable",10
413,"a","c","760","Low risk","Forecastable","Every 2 days","High","7059","1103","14.39","40.6","5.8","6055","24329","3152","101978","49413","15.6","MONITOR  - Reorder soon","5.9","1.18","24707","8334","15.9","429","153","4390211","7058","553592","890","7.89","622","426","714","444","59.7","44.1","3.6","23.9","Core",7
190,"a","a","1470","Low risk","Forecastable","Every 2 days","High","7053","763","13.79","41.4","5.4","4960","23340","2181","100923","49371","10.8","MONITOR  - Reorder soon","5.4","1.29","24686","9085","17.3","430","111","4477750","7199","408097","656","10.91","622","399","693","181","62.4","44.1","12.2","21.1","Reliable",8
605,"d","a","10310","Low risk","Hard to forecast","Every 2 days","High","7052","643","19.89","30.8","21.5","5846","22994","1838","100566","49364","9.1","MONITOR  - Reorder soon","5.7","1.23","24682","8668","19.5","431","533","5466800","7027","395780","509","13.66","778","435","431","25","58.8","44.7","8.9","26.4","Core",6
624,"a","c","6920","Low risk","Forecastable","Every 2 days","High","7050","1374","15.34","42.0","12.4","7017","25077","3927","102627","49350","19.5","MONITOR  - Reorder soon","6.9","1.01","24675","7117","16.5","432","220","5467853","7019","531966","683","10.17","779","438","430","244","58.5","44.9","1.7","28.8","Core",7
553,"c","a","3040","Low risk","Forecastable","Every 2 days","High","7048","1343","15.88","42.5","14.8","7037","24982","3838","102510","49336","19.1","MONITOR  - Reorder soon","5.6","1.26","24668","8855","15.4","433","252","5468991","7039","496306","639","10.99","777","431","428","175","59.2","44.8","10.4","28.6","Core",7
936,"a","a","580","Low risk","Forecastable","Every 2 days","High","7046","534","15.39","38.2","8.9","4625","22664","1526","100170","49322","7.6","OK       - Stock sufficient","7.2","0.98","24661","6881","15.3","434","222","5496846","7056","694390","891","7.87","779","427","416","446","59.6","44.9","-5.3","20.2","Reliable",10
401,"a","c","9200","Medium risk","Forecastable","Every 2 days","High","7036","1888","16.94","38.6","14.9","8802","26504","5396","103900","49252","26.8","MONITOR  - Reorder soon","6.1","1.15","24626","8077","15.9","435","326","5480695","7027","504539","647","10.82","780","435","424","188","58.8","45.1","13.7","36.3","Promo Driven",8
1070,"c","c","400","Low risk","Hard to forecast","Every 2 days","High","7033","668","19.07","33.2","19.7","5742","23008","1909","100371","49231","9.5","MONITOR  - Reorder soon","5.7","1.23","24616","8653","21.3","436","473","5515214","7035","680475","868","8.03","784","432","408","432","59.2","45.0","6.1","25.5","Core",9
487,"d","c","2180","Low risk","Hard to forecast","Every 2 days","High","7031","567","18.50","35.8","19.2","5338","22713","1620","100054","49217","8.1","MONITOR  - Reorder soon","5.8","1.20","24609","8468","16.8","437","433","5487451","6999","530591","677","10.25","784","444","421","238","57.9","45.0","9.3","24.5","Promo Driven",10
350,"d","a","8880","Low risk","Hard to forecast","Every 2 days","High","7031","642","19.22","31.0","20.7","5697","22928","1835","100269","49217","9.1","MONITOR  - Reorder soon","6.2","1.13","24609","7959","15.8","437","482","5477257","7013","413472","529","13.13","781","441","425","42","58.3","44.8","0.2","25.5","Core",8
1102,"a","a","850","Low risk","Forecastable","Every 2 days","High","7029","521","13.50","42.1","6.4","4201","22576","1489","99895","49203","7.4","MONITOR  - Reorder soon","6.4","1.09","24602","7661","9.6","438","102","4353993","7000","439429","706","9.87","622","443","717","269","58.0","44.1","0.6","18.1","Reliable",8
976,"a","a","4180","Low risk","Hard to forecast","Every 2 days","High","7028","1355","19.24","32.7","21.6","7737","24956","3872","102264","49196","19.3","MONITOR  - Reorder soon","6.7","1.04","24598","7294","12.8","439","484","5433498","6975","559119","718","9.57","779","452","443","296","57.1","44.9","2.4","31.0","Core",6
290,"a","a","4150","Medium risk","Hard to forecast","Every 2 days","High","7028","1437","18.93","33.2","16.9","7909","25191","4107","102499","49196","20.4","OK       - Stock sufficient","7.1","0.99","24598","6941","17.2","439","463","5464029","7014","531828","683","10.13","779","440","432","248","58.3","44.9","4.7","31.4","Core",6
236,"a","a","1000","Low risk","Forecastable","Every 2 days","High","7026","1405","14.77","39.9","8.3","6981","25093","4015","102379","49182","20.0","MONITOR  - Reorder soon","6.2","1.12","24591","7873","11.3","440","181","5581738","7120","677994","865","8.17","784","414","390","419","61.0","45.0","6.4","27.6","Core",8
283,"a","a","2260","Low risk","Forecastable","Every 2 days","High","7017","518","13.42","43.8","5.6","4172","22531","1480","99718","49119","7.4","MONITOR  - Reorder soon","5.9","1.18","24560","8283","15.2","441","98","4425007","7114","446799","718","9.85","622","415","708","271","60.8","44.1","8.9","18.7","Reliable",8
1007,"c","c","4180","Low risk","Hard to forecast","Every 2 days","High","7017","739","20.41","35.1","24.4","6205","23163","2112","100350","49119","10.5","MONITOR  - Reorder soon","5.7","1.22","24560","8595","25.2","441","560","5485024","6996","639858","816","8.48","784","446","423","390","57.6","45.0","10.2","26.9","Core",8
309,"d","a","8740","Low risk","Hard to forecast","Every 2 days","High","7013","881","22.19","26.1","24.4","6965","23557","2518","100700","49091","12.6","MONITOR  - Reorder soon","6.5","1.07","24546","7517","17.1","442","643","5430658","6971","460414","591","11.62","779","453","445","130","57.0","44.9","0.8","28.9","Core",7
156,"a","a","2020","Medium risk","Hard to forecast","Every 2 days","High","7010","1949","23.88","24.5","25.5","10354","26600","5570","103710","49070","27.8","MONITOR  - Reorder soon","6.5","1.07","24535","7530","16.1","443","707","5443980","6962","557269","713","9.55","782","457","438","298","56.6","45.1","0.3","40.4","Promo Driven",8
666,"c","c","2700","Low risk","Hard to forecast","Every 2 days","High","7009","748","23.69","26.5","31.3","6883","23165","2138","100264","49063","10.7","WATCH    - Demand surging","5.1","1.37","67216","9623","29.3","444","697","5451906","7017","508809","655","10.57","777","439","435","209","58.4","44.8","6.9","29.5","Core",7
600,"d","c","17340","Low risk","Hard to forecast","Every 2 days","High","7005","663","17.76","38.2","18.8","5450","22910","1895","99965","49035","9.5","MONITOR  - Reorder soon","5.7","1.24","24518","8678","22.7","445","378","5485348","6997","485495","619","11.19","784","445","422","162","57.7","45.0","11.3","25.4","Core",9
273,"a","c","8480","Low risk","Hard to forecast","Every 2 days","High","7003","1013","19.31","29.8","17.9","6760","23904","2895","100937","49021","14.5","MONITOR  - Reorder soon","6.0","1.16","24511","8126","18.5","446","490","5499466","7060","548145","704","9.89","779","425","415","268","59.8","44.9","12.6","28.4","Core",7
723,"d","c","5650","Low risk","Forecastable","Every 2 days","High","7002","794","16.77","36.5","14.7","5625","23275","2269","100297","49014","11.3","WATCH    - Demand surging","5.0","1.41","69110","9874","20.1","447","314","5492073","7032","442701","567","12.28","781","433","419","85","59.1","44.8","21.7","25.4","Core",8
759,"a","a","110","Low risk","Hard to forecast","Every 2 days","High","7002","1238","21.46","27.8","22.4","7832","24544","3538","101566","49014","17.7","MONITOR  - Reorder soon","5.8","1.21","24507","8453","25.8","447","615","5460897","7010","603295","774","8.90","779","442","433","355","58.1","44.9","7.0","31.7","Core",6
959,"a","c","1060","Low risk","Forecastable","Every 3 days","Medium","6996","1357","14.86","37.4","9.6","6849","24866","3878","101822","48972","19.4","MONITOR  - Reorder soon","6.4","1.09","24486","7601","14.5","448","187","5528325","7051","583763","745","9.40","784","428","406","310","59.5","45.0","3.3","27.4","Core",8
297,"a","a","2300","Low risk","Hard to forecast","Every 3 days","Medium","6996","1143","17.83","31.7","16.0","6831","24255","3267","101211","48972","16.3","MONITOR  - Reorder soon","5.8","1.21","24486","8476","17.0","448","383","5432839","6992","559386","720","9.60","777","447","444","293","57.5","44.8","3.5","27.9","Core",6
943,"d","c","18020","Low risk","Forecastable","Every 3 days","Medium","6995","563","14.07","46.3","10.3","4422","22594","1609","99539","48965","8.0","MONITOR  - Reorder soon","6.7","1.05","24483","7323","8.1","449","130","5428994","6969","471937","606","11.43","779","454","446","141","56.9","44.9","7.4","21.3","Reliable",10
498,"a","a","990","Low risk","Highly forecastable","Every 3 days","Medium","6994","573","8.30","69.1","1.0","3297","22620","1638","99554","48958","8.2","MONITOR  - Reorder soon","6.7","1.04","24479","7294","8.1","450","2","4351844","6997","550201","885","7.89","622","445","718","444","57.7","44.1","2.3","13.7","Reliable",8
896,"a","c","170","Low risk","Forecastable","Every 3 days","Medium","6993","556","12.81","49.6","7.4","4149","22568","1589","99491","48951","8.0","MONITOR  - Reorder soon","6.5","1.07","24476","7507","13.9","451","77","5439130","6938","852792","1088","6.35","784","461","439","558","56.3","45.0","4.2","20.2","Reliable",10
296,"a","a","9580","Low risk","Forecastable","Every 3 days","Medium","6986","1176","16.97","37.2","13.0","6749","24319","3361","101165","48902","16.8","MONITOR  - Reorder soon","6.1","1.14","24451","7984","11.1","452","329","5438463","6963","589505","755","9.17","781","456","441","331","56.7","44.8","5.3","27.1","Core",6
63,"c","c","3700","Low risk","Hard to forecast","Every 3 days","Medium","6958","628","20.45","34.4","24.0","5861","22669","1795","99207","48706","9.0","MONITOR  - Reorder soon","5.6","1.25","24353","8709","22.6","453","562","5453808","6956","500860","639","10.77","784","458","434","191","56.6","45.0","12.2","26.7","Core",8
3,"a","a","14130","Low risk","Hard to forecast","Every 3 days","Medium","6958","1254","21.70","25.1","24.3","7899","24458","3584","100996","48706","18.0","MONITOR  - Reorder soon","6.7","1.04","24353","7261","16.9","453","625","5408261","6943","584310","750","9.12","779","460","449","336","56.4","44.9","-0.6","31.6","Core",6
374,"a","a","1150","Low risk","Forecastable","Every 3 days","Medium","6957","1332","12.94","44.5","5.5","6379","24678","3807","101205","48699","19.1","MONITOR  - Reorder soon","6.7","1.04","24350","7261","11.3","454","82","5495584","7010","650513","830","8.43","784","442","417","394","58.1","45.0","2.5","25.5","Core",9
948,"b","b","1430","Low risk","Highly forecastable","Every 3 days","Medium","6957","1329","9.37","67.7","4.4","5661","24669","3798","101196","48699","19.1","MONITOR  - Reorder soon","5.7","1.24","24350","8601","5.8","454","12","6437314","6944","1589128","1714","4.02","927","459","233","580","56.5","38.2","22.6","26.3","Core",7
887,"d","a","19700","Low risk","Hard to forecast","Every 3 days","Medium","6948","910","20.87","31.8","24.3","6745","23445","2601","99873","48636","13.1","MONITOR  - Reorder soon","6.2","1.12","24318","7807","15.1","455","583","5317050","6896","445543","578","11.78","771","471","472","117","55.3","44.7","3.5","29.2","Core",6
360,"a","a","2040","Low risk","Forecastable","Every 3 days","Medium","6946","1005","16.68","35.7","14.0","6183","23710","2872","100116","48622","14.5","MONITOR  - Reorder soon","6.6","1.07","24311","7400","12.3","456","307","5437400","6935","593128","757","9.07","784","464","442","340","56.0","45.0","1.9","25.4","Core",9
870,"a","a","780","Low risk","Highly forecastable","Every 3 days","Medium","6946","816","10.16","60.8","2.2","4349","23170","2332","99576","48622","11.7","OK       - Stock sufficient","7.0","1.00","24311","6948","6.1","456","23","5349346","6929","670529","869","7.97","772","466","466","438","55.8","45.1","3.0","19.7","Reliable",11
740,"d","a","6400","Low risk","Hard to forecast","Every 3 days","Medium","6934","569","20.03","30.2","20.7","5595","22428","1626","98702","48538","8.2","WATCH    - Demand surging","5.4","1.31","63585","9056","18.9","457","540","5449956","6978","397647","509","13.58","781","451","436","27","57.2","44.8","7.3","24.8","Core",7
369,"d","c","5870","Low risk","Forecastable","Every 3 days","Medium","6928","641","15.96","41.9","13.8","4992","22616","1832","98824","48496","9.3","MONITOR  - Reorder soon","6.6","1.07","24248","7391","13.2","458","259","5354973","6857","450860","577","11.81","781","477","465","115","54.7","44.8","-6.1","21.5","Reliable",9
43,"d","a","4880","Low risk","Hard to forecast","Every 3 days","Medium","6927","1131","19.38","33.7","18.7","7069","24013","3232","100210","48489","16.3","OK       - Stock sufficient","7.3","0.96","24245","6646","11.7","459","495","5315050","6823","475314","610","11.06","779","484","473","171","53.9","44.9","-6.0","28.8","Core",7
561,"d","a","14300","Low risk","Forecastable","Every 3 days","Medium","6923","1003","17.03","39.2","14.0","6236","23635","2866","99788","48461","14.5","MONITOR  - Reorder soon","6.4","1.09","24231","7572","13.7","460","333","5385871","6914","531991","683","10.04","779","468","455","257","55.6","44.9","0.4","26.1","Core",9
821,"a","a","1700","Low risk","Forecastable","Every 3 days","Medium","6916","1082","16.64","36.2","13.0","6381","23840","3092","99916","48412","15.6","MONITOR  - Reorder soon","6.6","1.06","24206","7303","14.2","461","303","5438993","6937","667296","851","8.06","784","462","440","429","56.2","45.0","2.2","26.8","Core",8
632,"a","a","3350","Low risk","Forecastable","Every 3 days","Medium","6914","590","13.45","45.6","6.9","4344","22428","1686","98482","48398","8.5","MONITOR  - Reorder soon","6.1","1.15","24199","7934","12.8","462","99","5510559","7029","708433","904","7.73","784","434","410","458","59.0","45.0","6.4","19.6","Reliable",11
824,"a","a","17570","Low risk","Hard to forecast","Every 3 days","Medium","6910","956","18.92","31.6","17.1","6468","23462","2732","99472","48370","13.8","MONITOR  - Reorder soon","6.5","1.07","24185","7411","13.5","463","462","5358101","6834","676454","863","7.88","784","482","464","445","54.1","45.0","16.5","29.5","Core",8
371,"d","c","1970","Low risk","Hard to forecast","Every 3 days","Medium","6908","742","21.43","28.4","23.2","6351","22845","2121","98833","48356","10.7","MONITOR  - Reorder soon","6.1","1.15","24178","7914","20.5","464","613","5380900","6890","425185","544","12.49","781","472","457","74","55.2","44.8","0.9","27.4","Core",6
866,"d","a","9680","Low risk","Hard to forecast","Every 3 days","Medium","6904","640","19.75","33.0","20.2","5726","22541","1829","98485","48328","9.3","MONITOR  - Reorder soon","5.8","1.20","24164","8305","15.9","465","521","5368119","6873","379569","486","14.00","781","475","460","17","54.8","44.8","7.6","25.6","Core",8
359,"d","c","4370","Low risk","Forecastable","Every 3 days","Medium","6899","496","13.96","46.1","9.8","4170","22115","1418","98004","48293","7.2","MONITOR  - Reorder soon","6.5","1.07","24147","7392","9.4","466","122","5337128","6851","476709","612","11.14","779","478","468","165","54.6","44.9","0.0","19.8","Reliable",10
329,"a","a","1310","Low risk","Hard to forecast","Every 3 days","Medium","6897","1282","18.45","32.4","16.9","7300","24355","3664","100222","48279","18.6","MONITOR  - Reorder soon","6.7","1.05","24140","7243","15.1","467","428","5385006","6913","483386","621","11.01","779","469","456","174","55.5","44.9","3.5","29.5","Core",7
81,"a","a","2370","Low risk","Highly forecastable","Every 3 days","Medium","6895","800","11.14","54.3","4.4","4481","22971","2286","98816","48265","11.6","MONITOR  - Reorder soon","5.7","1.22","24133","8442","12.6","468","39","4345098","6986","349252","561","12.39","622","448","720","79","57.5","44.1","10.6","18.9","Reliable",8
155,"d","a","3050","Low risk","Hard to forecast","Every 3 days","Medium","6895","632","17.94","33.7","17.6","5341","22491","1806","98336","48265","9.2","MONITOR  - Reorder soon","6.2","1.14","24133","7827","12.0","468","390","4290509","6887","411372","660","10.34","623","474","744","229","54.9","44.1","5.5","23.6","Core",7
424,"d","c","1250","Low risk","Forecastable","Every 3 days","Medium","6892","686","15.04","40.9","10.5","4923","22637","1961","98449","48244","10.0","MONITOR  - Reorder soon","6.9","1.02","24122","7041","17.4","469","203","5395164","6926","602495","773","8.87","779","467","452","358","55.7","44.9","14.7","23.4","Core",9
612,"d","c","2490","Low risk","Hard to forecast","Every 3 days","Medium","6889","661","20.06","33.5","22.3","5838","22556","1889","98335","48223","9.6","MONITOR  - Reorder soon","6.2","1.14","24112","7823","17.8","470","541","4246423","6816","264263","424","15.92","623","486","752","2","53.7","44.1","-1.0","26.4","Core",6
572,"d","c","9230","Low risk","Hard to forecast","Every 3 days","Medium","6886","708","18.55","32.8","18.4","5674","22681","2023","98427","48202","10.3","MONITOR  - Reorder soon","6.6","1.06","24101","7309","14.7","471","437","5345670","6889","443496","572","11.92","776","473","467","108","55.1","44.8","1.9","25.3","Core",7
172,"a","a","110","Low risk","Forecastable","Every 3 days","Medium","6881","466","12.92","45.6","6.9","3873","21975","1332","97666","48167","6.8","MONITOR  - Reorder soon","6.4","1.09","24084","7505","13.1","472","81","4342600","6982","540457","869","8.00","622","450","723","435","57.3","44.1","3.6","18.9","Reliable",8
783,"d","c","15490","Low risk","Forecastable","Every 3 days","Medium","6878","835","14.39","46.1","10.7","5215","23020","2386","98678","48146","12.1","MONITOR  - Reorder soon","6.4","1.10","24073","7538","10.2","473","153","5364665","6860","530718","679","10.03","782","476","462","258","54.8","45.1","6.5","23.0","Reliable",11
603,"a","a","340","Low risk","Hard to forecast","Every 3 days","Medium","6869","788","19.93","26.4","19.6","6164","22859","2252","98418","48083","11.5","MONITOR  - Reorder soon","5.9","1.19","24042","8173","16.3","474","536","5297052","6933","722465","946","7.24","764","465","477","502","55.9","44.8","11.6","27.5","Core",6
468,"c","c","5260","Low risk","Hard to forecast","Every 3 days","Medium","6861","1310","21.93","30.8","26.2","8044","24327","3744","99798","48027","19.1","MONITOR  - Reorder soon","5.9","1.18","24014","8083","31.0","475","632","5229014","6670","591594","755","8.78","784","509","493","363","51.3","45.0","-11.1","35.4","Core",7
987,"c","a","1690","Medium risk","Hard to forecast","Every 3 days","Medium","6857","1415","16.71","36.8","15.8","7318","24615","4044","100042","47999","20.6","MONITOR  - Reorder soon","6.8","1.03","24000","7068","16.3","476","309","5368327","6847","680093","867","7.79","784","479","459","453","54.4","45.0","0.1","30.1","Promo Driven",9
576,"c","a","50","Low risk","Hard to forecast","Every 3 days","Medium","6856","674","21.95","29.2","28.2","6227","22494","1926","97910","47992","9.8","MONITOR  - Reorder soon","6.7","1.05","23996","7165","17.3","477","634","5474294","6983","756615","965","7.13","784","449","426","513","57.4","45.0","7.1","28.5","Promo Driven",9
1048,"d","c","1860","Low risk","Hard to forecast","Every 3 days","Medium","6844","855","20.02","32.1","21.2","6359","22975","2443","98259","47908","12.5","MONITOR  - Reorder soon","5.5","1.28","23954","8729","19.9","478","539","5392653","6887","416229","532","12.77","783","474","453","58","54.9","45.1","12.7","29.0","Promo Driven",9
724,"d","c","5900","Low risk","Highly forecastable","Every 3 days","Medium","6840","775","13.27","50.5","8.6","4809","22735","2215","97975","47880","11.3","OK       - Stock sufficient","7.5","0.94","23940","6412","22.0","479","93","5307253","6813","544604","699","9.70","779","487","475","283","53.6","44.9","8.4","22.2","Reliable",10
613,"c","a","250","Low risk","Hard to forecast","Every 3 days","Medium","6820","714","15.87","42.1","15.5","5134","22501","2041","97521","47740","10.5","OK       - Stock sufficient","7.1","0.98","23870","6688","8.4","480","251","5261587","6728","782665","1001","6.67","782","496","482","539","52.7","45.1","0.1","24.4","Promo Driven",10
203,"c","c","490","Low risk","Hard to forecast","Every 3 days","Medium","6819","786","17.34","39.8","16.4","5626","22703","2246","97712","47733","11.5","MONITOR  - Reorder soon","6.5","1.08","23867","7350","13.7","481","352","5298238","6775","690154","883","7.60","782","490","476","469","53.2","44.9","11.1","26.9","Core",8
802,"a","c","910","Low risk","Hard to forecast","Every 3 days","Medium","6817","549","19.51","31.3","20.1","5370","22020","1569","97007","47719","8.1","MONITOR  - Reorder soon","5.9","1.19","23860","8138","19.1","482","504","5363403","6841","410025","523","12.95","784","480","463","52","54.3","45.0","3.3","24.8","Promo Driven",10
346,"a","c","8090","Low risk","Forecastable","Every 3 days","Medium","6812","887","14.35","45.6","7.5","5329","22971","2535","97903","47684","13.0","MONITOR  - Reorder soon","6.1","1.14","23842","7773","8.2","483","151","5320960","6831","482745","620","10.95","779","483","471","179","53.9","44.9","13.2","23.8","Core",9
197,"c","a","4210","Low risk","Hard to forecast","Every 3 days","Medium","6812","739","18.99","33.0","21.0","5809","22548","2112","97480","47684","10.8","MONITOR  - Reorder soon","6.3","1.12","23842","7599","15.6","483","468","5367788","6847","660348","842","8.04","784","479","461","431","54.4","45.0","1.1","25.7","Core",9
934,"a","c","5460","Low risk","Forecastable","Every 3 days","Medium","6807","1090","17.20","37.9","14.5","6461","23536","3115","98413","47649","16.0","MONITOR  - Reorder soon","6.9","1.02","23825","6928","13.1","484","343","5268860","6764","529417","680","9.86","779","493","481","270","53.0","44.9","3.3","27.3","Core",8
111,"d","c","7890","Low risk","Hard to forecast","Every 3 days","Medium","6804","565","19.33","32.6","21.0","5373","22027","1615","96871","47628","8.3","MONITOR  - Reorder soon","6.2","1.13","23814","7669","17.1","485","491","5288733","6772","466784","598","11.22","781","491","479","159","53.1","44.8","2.4","25.0","Core",7
1078,"d","c","670","Low risk","Hard to forecast","Every 3 days","Medium","6800","939","23.23","25.0","26.3","7198","23084","2684","97884","47600","13.8","WATCH    - Demand surging","5.2","1.35","64260","9208","24.6","486","682","5289878","6808","406860","524","12.76","777","488","478","59","53.4","44.8","17.4","31.9","Core",6
618,"d","c","9910","Low risk","Forecastable","Every 3 days","Medium","6787","638","16.38","40.8","12.0","5000","22184","1823","96841","47509","9.4","MONITOR  - Reorder soon","5.6","1.24","23755","8423","15.6","487","285","5334682","6831","394848","506","13.41","781","483","470","30","53.9","44.8","10.4","23.5","Core",8
478,"d","c","1940","Low risk","Hard to forecast","Every 3 days","Medium","6786","1111","17.35","35.8","16.0","6540","23533","3175","98179","47502","16.4","MONITOR  - Reorder soon","6.4","1.09","23751","7425","18.3","488","353","5336648","6807","548324","699","9.61","784","489","469","292","53.3","45.0","2.0","27.8","Promo Driven",9
634,"d","a","18610","Medium risk","Hard to forecast","Every 3 days","Medium","6786","1687","21.03","31.2","20.9","8900","25179","4821","99825","47502","24.9","MONITOR  - Reorder soon","6.3","1.11","23751","7529","13.4","488","593","5236366","6713","507938","651","10.11","780","500","489","250","52.3","45.1","8.5","37.3","Promo Driven",8
806,"d","a","260","Low risk","Hard to forecast","Every 3 days","Medium","6782","766","23.49","23.7","27.6","6742","22535","2189","97137","47474","11.3","MONITOR  - Reorder soon","5.5","1.27","23737","8624","25.6","489","692","4234755","6808","326751","525","12.77","622","488","755","58","53.4","44.1","4.3","29.4","Core",6
1072,"a","c","5380","Medium risk","Forecastable","Every 3 days","Medium","6778","1394","15.77","40.1","10.2","7039","24318","3984","98876","47446","20.6","MONITOR  - Reorder soon","6.2","1.13","23723","7675","12.1","490","245","5314269","6822","500175","642","10.52","779","485","474","212","53.8","44.9","5.9","28.9","Core",7
925,"c","a","470","Low risk","Forecastable","Every 3 days","Medium","6774","827","16.86","39.4","13.8","5627","22685","2363","97199","47418","12.2","MONITOR  - Reorder soon","5.8","1.21","23709","8221","20.1","491","321","5147464","6702","921935","1200","5.61","768","502","510","573","52.1","44.8","7.5","25.0","Core",7
491,"d","c","4680","Low risk","Hard to forecast","Every 3 days","Medium","6765","658","18.75","33.0","19.0","5506","22175","1880","96590","47355","9.7","MONITOR  - Reorder soon","5.5","1.26","23678","8548","19.2","492","449","5242001","6746","409706","527","12.65","777","495","488","66","52.8","44.8","11.5","25.4","Core",7
191,"a","a","1100","Low risk","Forecastable","Every 3 days","Medium","6760","641","12.61","47.4","5.8","4268","22112","1832","96472","47320","9.5","MONITOR  - Reorder soon","6.1","1.14","23660","7711","17.1","493","70","4253819","6839","444020","714","9.54","622","481","748","299","54.2","44.1","-0.7","18.2","Reliable",8
541,"a","c","650","Low risk","Hard to forecast","Every 3 days","Medium","6756","825","20.30","32.9","23.0","6277","22626","2358","96942","47292","12.2","MONITOR  - Reorder soon","6.2","1.12","23646","7577","21.2","494","554","5235513","6721","667668","857","7.73","779","499","490","458","52.4","44.9","8.7","29.6","Core",7
917,"a","a","7240","Low risk","Hard to forecast","Every 3 days","Medium","6755","1255","18.48","37.4","18.3","7154","23852","3587","98157","47285","18.6","MONITOR  - Reorder soon","6.9","1.01","23643","6814","18.8","495","431","5221594","6703","577462","741","8.96","779","501","498","350","52.2","44.9","-0.2","29.9","Core",7
508,"a","c","1280","Low risk","Hard to forecast","Every 3 days","Medium","6749","933","20.27","31.9","19.9","6576","22913","2666","97152","47243","13.8","MONITOR  - Reorder soon","5.9","1.19","23622","8029","18.7","496","552","5251735","6768","514110","663","10.08","776","492","485","253","53.1","44.8","15.8","29.9","Core",7
962,"c","a","260","Low risk","Hard to forecast","Every 3 days","Medium","6742","1072","23.26","27.7","27.0","7545","23290","3064","97452","47194","15.9","MONITOR  - Reorder soon","6.6","1.05","23597","7108","15.5","497","684","5125011","6691","696101","909","7.24","766","505","522","502","51.8","45.0","5.4","31.9","Promo Driven",8
771,"a","a","20640","Low risk","Forecastable","Every 3 days","Medium","6736","846","14.52","42.3","8.4","5213","22626","2418","96722","47152","12.6","MONITOR  - Reorder soon","6.0","1.17","23576","7879","14.3","498","164","4181091","6722","428572","689","9.71","622","498","765","282","52.5","44.1","3.8","22.8","Reliable",8
960,"d","a","8990","Low risk","Hard to forecast","Every 3 days","Medium","6731","639","20.63","30.2","22.4","5795","22019","1826","96060","47117","9.5","MONITOR  - Reorder soon","5.5","1.27","23559","8531","19.7","499","573","5251132","6724","431941","553","12.01","781","497","486","101","52.6","44.8","6.4","26.5","Core",7
503,"d","c","13080","Low risk","Hard to forecast","Every 3 days","Medium","6729","711","23.23","29.6","27.7","6499","22219","2032","96238","47103","10.6","MONITOR  - Reorder soon","5.7","1.23","23552","8275","19.9","500","682","5224595","6698","367061","471","14.05","780","503","495","16","52.0","45.0","8.9","29.5","Core",8
614,"a","a","1160","Low risk","Forecastable","Every 3 days","Medium","6724","710","15.27","41.6","9.5","4963","22201","2029","96165","47068","10.6","MONITOR  - Reorder soon","6.8","1.03","23534","6938","7.5","501","215","5140680","6591","734125","941","6.99","780","521","515","523","50.1","45.1","3.8","23.3","Promo Driven",10
1044,"c","a","240","Low risk","Hard to forecast","Every 3 days","Medium","6714","549","20.02","32.9","21.9","5410","21711","1569","95565","46998","8.2","MONITOR  - Reorder soon","6.5","1.07","23499","7203","16.9","502","539","5145309","6622","695225","895","7.33","777","516","512","493","50.6","44.8","0.1","24.9","Core",7
352,"d","c","6360","Low risk","Forecastable","Every 3 days","Medium","6709","518","14.11","46.2","10.8","4186","21607","1480","95406","46963","7.7","MONITOR  - Reorder soon","6.7","1.04","23482","6989","13.6","503","132","5246710","6692","499372","637","10.44","784","504","487","220","51.9","45.0","1.1","20.9","Reliable",10
151,"d","c","4360","Low risk","Hard to forecast","Every 3 days","Medium","6708","920","19.26","35.2","17.1","6322","22753","2629","96541","46956","13.7","MONITOR  - Reorder soon","6.1","1.15","23478","7735","14.3","504","486","5269496","6756","508566","652","10.22","780","494","480","240","52.9","45.0","9.1","27.5","Core",8
848,"a","c","370","Low risk","Hard to forecast","Every 3 days","Medium","6702","763","19.79","33.4","23.0","5971","22287","2181","96009","46914","11.4","WATCH    - Demand surging","5.3","1.32","61926","8818","20.6","505","524","5059150","6631","574672","753","8.67","763","513","541","373","50.9","44.7","16.7","30.3","Core",5
97,"d","c","8980","Low risk","Forecastable","Every 3 days","Medium","6702","1243","17.65","36.7","14.8","6933","23658","3552","97380","46914","18.5","MONITOR  - Reorder soon","6.1","1.14","23457","7641","12.0","505","372","5228649","6703","537288","689","9.63","780","501","494","290","52.2","45.1","6.4","29.8","Promo Driven",9
952,"d","c","6300","Low risk","Forecastable","Every 3 days","Medium","6695","458","13.84","46.1","10.4","3957","21394","1309","95039","46865","6.8","MONITOR  - Reorder soon","6.9","1.02","23433","6797","3.9","506","115","4085326","6568","329797","530","12.34","622","527","798","82","49.6","44.1","-6.5","19.6","Core",7
1113,"a","c","9260","Low risk","Forecastable","Every 3 days","Medium","6695","575","13.90","45.6","10.3","4303","21728","1643","95373","46865","8.6","OK       - Stock sufficient","7.0","1.00","23433","6665","7.2","506","117","5196242","6628","562151","717","9.21","784","515","500","327","50.7","45.0","4.6","22.0","Reliable",11
26,"d","a","2300","Low risk","Hard to forecast","Every 3 days","Medium","6690","853","23.24","27.6","25.8","6881","22508","2438","96098","46830","12.8","MONITOR  - Reorder soon","6.1","1.15","23415","7690","14.2","507","683","5217266","6672","434849","556","11.82","782","508","499","114","51.4","45.1","7.5","30.2","Promo Driven",8
15,"d","c","4110","Low risk","Hard to forecast","Every 3 days","Medium","6674","673","17.20","38.1","17.3","5204","21945","1923","95359","46718","10.1","MONITOR  - Reorder soon","6.2","1.13","23359","7528","19.1","508","343","5231510","6673","520107","663","9.95","784","507","492","265","51.5","45.0","5.2","24.4","Core",9
770,"a","c","100","Low risk","Hard to forecast","Every 3 days","Medium","6674","1187","22.00","31.2","21.0","7588","23414","3392","96828","46718","17.8","OK       - Stock sufficient","8.4","0.83","23359","5568","32.6","508","636","5046197","6478","571210","733","8.75","779","542","545","365","47.9","44.9","-3.9","31.0","At Risk",5
854,"c","a","4770","Low risk","Hard to forecast","Every 3 days","Medium","6653","555","20.44","30.4","22.3","5472","21545","1586","94728","46571","8.3","OK       - Stock sufficient","7.6","0.92","23286","6096","17.3","509","561","5130172","6577","530973","681","9.60","780","525","519","293","49.7","45.1","-4.0","26.0","Promo Driven",9
565,"a","c","160","Low risk","Hard to forecast","Every 3 days","Medium","6644","905","18.52","32.9","15.9","6103","22518","2586","95602","46508","13.6","MONITOR  - Reorder soon","6.6","1.06","23254","7054","14.0","510","435","5169769","6636","617215","792","8.27","779","512","504","409","51.1","44.9","6.0","27.1","Core",8
693,"d","a","450","Low risk","Hard to forecast","Every 3 days","Medium","6642","1316","33.92","18.0","39.1","10200","23687","3761","96749","46494","19.8","MONITOR  - Reorder soon","5.9","1.19","23247","7873","21.3","511","757","5160800","6608","386231","495","12.96","781","519","507","51","50.3","44.8","1.2","42.5","Core",6
652,"a","a","20390","Low risk","Hard to forecast","Every 3 days","Medium","6641","1197","35.95","28.4","24.9","10244","23344","3421","96395","46487","18.0","MONITOR  - Reorder soon","5.8","1.21","23244","8032","19.9","512","760","5190629","6638","532554","681","9.55","782","511","501","298","51.2","45.1","8.2","33.2","Promo Driven",8
51,"a","c","10570","Low risk","Forecastable","Every 3 days","Medium","6636","692","14.49","44.4","11.3","4726","21886","1978","94882","46452","10.4","MONITOR  - Reorder soon","5.9","1.19","23226","7882","17.2","513","161","4152028","6675","309126","497","13.35","622","506","779","32","51.7","44.1","9.2","22.7","Reliable",8
648,"d","a","2130","Low risk","Forecastable","Every 3 days","Medium","6633","586","17.02","35.5","14.7","4901","21574","1675","94537","46431","8.8","MONITOR  - Reorder soon","6.9","1.01","23216","6681","11.9","514","332","5154013","6574","478100","610","10.71","784","526","508","197","49.6","45.0","2.8","21.9","Promo Driven",10
712,"a","a","4870","Low risk","Hard to forecast","Every 3 days","Medium","6630","824","18.03","38.8","19.2","5771","22245","2355","95175","46410","12.4","MONITOR  - Reorder soon","6.6","1.05","23205","6992","8.2","515","399","3994137","6421","357449","575","11.07","622","556","827","170","46.6","44.1","-8.2","25.6","Core",6
260,"a","a","540","Low risk","Highly forecastable","Every 3 days","Medium","6622","360","8.77","66.2","0.8","2689","20895","1029","93737","46354","5.4","OK       - Stock sufficient","7.5","0.93","23177","6162","10.0","516","6","5143038","6560","714576","911","7.18","784","529","513","508","49.2","45.0","-1.3","12.3","Promo Driven",10
224,"d","c","7930","Low risk","Hard to forecast","Every 3 days","Medium","6622","781","17.12","36.7","16.3","5472","22098","2232","94940","46354","11.8","WATCH    - Demand surging","5.2","1.33","61651","8831","19.2","516","337","5151315","6630","371919","479","13.71","777","514","509","22","50.8","44.8","19.3","26.7","Core",7
311,"a","c","680","Low risk","Forecastable","Every 3 days","Medium","6622","763","14.78","38.7","8.1","4978","22047","2181","94889","46354","11.5","MONITOR  - Reorder soon","6.1","1.14","23177","7574","12.3","516","182","5184737","6639","616333","789","8.40","781","510","502","397","51.3","44.8","6.3","21.9","Reliable",9
70,"c","c","4840","Low risk","Hard to forecast","Every 3 days","Medium","6620","756","18.17","33.7","15.2","5598","22021","2161","94841","46340","11.4","MONITOR  - Reorder soon","5.9","1.18","23170","7809","15.5","517","409","5167478","6608","531054","679","9.63","782","519","505","290","50.3","44.9","3.2","25.4","Core",9
504,"c","c","820","Low risk","Forecastable","Every 3 days","Medium","6620","603","14.30","43.0","9.0","4429","21583","1723","94403","46340","9.1","MONITOR  - Reorder soon","6.6","1.07","23170","7056","12.7","517","148","5231756","6673","747470","953","6.94","784","507","491","527","51.5","45.0","2.8","21.9","Reliable",11
898,"a","a","18540","Medium risk","Hard to forecast","Every 3 days","Medium","6614","2159","24.13","28.4","24.7","10731","26012","6170","98766","46298","32.6","MONITOR  - Reorder soon","6.3","1.10","23149","7300","17.4","518","713","5173270","6615","555939","711","9.22","782","518","503","326","50.4","45.1","3.7","43.5","Promo Driven",8
241,"d","c","780","Low risk","Forecastable","Every 3 days","Medium","6605","573","16.39","38.2","13.2","4731","21453","1638","94108","46235","8.7","MONITOR  - Reorder soon","6.8","1.02","23118","6763","11.9","519","286","5128334","6583","548976","705","9.27","779","524","521","322","49.8","44.9","7.6","22.2","Core",9
685,"a","a","650","Medium risk","Hard to forecast","Every 3 days","Medium","6604","1705","24.73","27.5","24.7","9540","24685","4873","97329","46228","25.8","MONITOR  - Reorder soon","6.8","1.03","23114","6821","14.9","520","725","5165199","6631","477101","612","10.61","779","513","506","205","50.9","44.9","-19.4","39.7","Core",6
184,"d","c","3560","Low risk","Hard to forecast","Every 3 days","Medium","6594","805","17.97","36.7","17.2","5687","22083","2301","94617","46158","12.2","MONITOR  - Reorder soon","6.8","1.03","23079","6776","11.7","521","393","5123769","6594","462834","596","10.95","777","520","524","179","50.2","44.9","0.1","25.3","Core",9
670,"a","a","2060","Low risk","Forecastable","Every 3 days","Medium","6592","811","16.18","36.6","12.4","5366","22094","2318","94606","46144","12.3","MONITOR  - Reorder soon","5.8","1.21","23072","7986","18.0","522","272","4092358","6590","435070","701","9.32","621","522","794","317","50.0","44.1","3.1","23.6","Core",6
780,"a","a","18160","Medium risk","Hard to forecast","Every 3 days","Medium","6590","1917","18.93","33.9","18.7","9044","25249","5479","97739","46130","29.1","MONITOR  - Reorder soon","6.5","1.08","23065","7139","13.3","523","463","5106807","6547","615416","789","8.21","780","532","528","415","48.9","45.1","4.4","38.5","At Risk",7
692,"a","a","40","Medium risk","Hard to forecast","Every 3 days","Medium","6588","1400","20.89","26.9","22.1","7934","23765","4001","96233","46116","21.3","OK       - Stock sufficient","7.1","0.99","23058","6524","15.2","524","584","5132377","6588","620914","797","8.14","779","523","517","422","49.9","44.9","-1.8","33.4","At Risk",5
882,"a","a","30","Low risk","Hard to forecast","Every 3 days","Medium","6567","562","16.29","38.9","15.1","4663","21307","1606","93544","45969","8.6","OK       - Stock sufficient","7.3","0.96","22985","6324","12.9","525","280","5081054","6616","647761","843","7.80","768","517","531","452","50.5","44.9","-5.2","23.9","Core",9
1034,"a","a","13750","Medium risk","Hard to forecast","Every 3 days","Medium","6566","2060","19.80","33.2","18.4","9603","25585","5887","97811","45962","31.4","MONITOR  - Reorder soon","6.6","1.06","22981","6981","9.5","526","525","5072945","6504","568150","728","8.86","780","538","533","359","48.3","45.1","4.2","41.2","At Risk",7
122,"a","c","58260","Medium risk","Hard to forecast","Every 3 days","Medium","6561","1385","19.48","35.8","19.2","7611","23641","3958","95812","45927","21.1","WARNING  - Order within 24hrs","4.4","1.58","45927","10368","21.4","527","501","5718883","6462","702496","794","8.08","885","548","348","427","47.3","40.0","10.3","34.9","At Risk",4
927,"a","a","480","Low risk","Hard to forecast","Every 3 days","Medium","6560","1030","20.96","31.6","21.9","6873","22624","2944","94784","45920","15.7","MONITOR  - Reorder soon","6.9","1.01","22960","6621","14.8","528","588","5059388","6562","672726","873","7.41","771","528","540","485","49.4","45.1","1.3","31.6","At Risk",7
961,"d","c","9430","Low risk","Forecastable","Every 3 days","Medium","6551","550","15.94","39.5","13.7","4556","21225","1572","93286","45857","8.4","MONITOR  - Reorder soon","6.7","1.05","22929","6874","15.9","529","257","5080588","6522","536603","689","9.40","779","534","532","310","48.7","44.9","3.1","22.4","Core",9
551,"a","c","2190","Low risk","Forecastable","Every 3 days","Medium","6550","802","15.42","40.4","14.2","5179","21942","2292","93992","45850","12.2","MONITOR  - Reorder soon","6.8","1.04","22925","6792","16.1","530","224","5142553","6559","774390","988","6.57","784","530","514","545","49.1","45.0","4.4","24.8","Promo Driven",9
325,"a","c","350","Low risk","Forecastable","Every 3 days","Medium","6548","1078","17.12","35.6","13.7","6285","22725","3081","94753","45836","16.5","MONITOR  - Reorder soon","6.9","1.01","22918","6640","18.5","531","337","5051539","6485","524314","673","9.61","779","541","543","292","48.0","44.9","-1.9","26.7","At Risk",7
126,"d","a","3370","Low risk","Hard to forecast","Every 3 days","Medium","6544","1101","28.73","29.3","33.6","8520","22779","3147","94763","45808","16.8","OK       - Stock sufficient","7.3","0.96","22904","6261","22.7","532","752","5069540","6508","423630","544","11.81","779","537","537","115","48.5","44.9","-20.4","46.9","At Risk",5
18,"d","c","13840","Low risk","Forecastable","Every 3 days","Medium","6539","1103","15.27","41.7","11.8","6006","22769","3152","94698","45773","16.9","MONITOR  - Reorder soon","5.9","1.18","22887","7693","14.8","533","215","5130137","6560","557785","713","9.10","782","529","520","337","49.2","45.1","12.2","27.2","At Risk",8
715,"a","a","14810","Medium risk","Hard to forecast","Every 3 days","Medium","6535","1897","21.29","30.8","21.5","9398","25026","5421","96911","45745","29.0","MONITOR  - Reorder soon","6.3","1.11","22873","7222","16.3","534","610","5037090","6491","524113","675","9.51","776","539","546","302","48.2","44.8","-1.8","39.5","At Risk",5
205,"a","a","110","Low risk","Hard to forecast","Every 3 days","Medium","6531","801","19.03","30.0","19.2","5841","21882","2289","93723","45717","12.3","MONITOR  - Reorder soon","6.5","1.07","22859","7010","10.2","535","472","5124867","6537","689282","879","7.35","784","533","523","491","48.8","45.0","-0.6","25.4","Core",8
832,"d","a","5070","Low risk","Hard to forecast","Every 3 days","Medium","6523","517","18.86","32.1","18.8","4993","21047","1478","92800","45661","7.9","MONITOR  - Reorder soon","5.7","1.24","22831","8069","20.7","536","458","5115779","6550","433019","554","11.72","781","531","526","122","49.0","44.8","1.9","23.8","Core",7
181,"a","a","12610","Medium risk","Hard to forecast","Every 3 days","Medium","6516","1420","22.12","27.8","24.3","8177","23606","4058","95282","45612","21.8","MONITOR  - Reorder soon","6.4","1.09","22806","7080","19.4","537","640","3976421","6383","416656","669","9.37","623","561","832","312","46.1","44.1","-2.4","34.9","At Risk",4
9,"a","c","2030","Low risk","Forecastable","Every 3 days","Medium","6515","820","15.15","39.3","10.3","5164","21888","2343","93553","45605","12.6","MONITOR  - Reorder soon","5.9","1.19","22803","7725","18.9","538","208","5112061","6562","451677","580","11.21","779","528","527","160","49.4","44.9","21.4","24.8","Core",8
475,"a","a","140","Low risk","Hard to forecast","Every 3 days","Medium","6512","577","19.20","34.9","16.9","5222","21185","1649","92817","45584","8.9","OK       - Stock sufficient","7.0","1.01","22792","6551","13.8","539","480","5023680","6474","761981","982","6.54","776","544","550","547","47.8","44.8","-0.4","23.5","Core",7
1090,"a","a","330","Medium risk","Hard to forecast","Every 3 days","Medium","6507","1743","18.50","34.3","15.8","8422","24502","4981","96079","45549","26.8","MONITOR  - Reorder soon","6.4","1.09","22775","7076","11.2","540","433","5033396","6453","612815","786","8.13","780","549","549","423","47.2","45.1","5.4","36.7","At Risk",7
277,"d","c","7840","Low risk","Hard to forecast","Every 3 days","Medium","6499","697","18.14","33.2","19.4","5361","21489","1992","92978","45493","10.7","MONITOR  - Reorder soon","6.1","1.16","22747","7509","16.0","541","406","4008491","6445","332923","535","11.91","622","550","820","109","47.1","44.1","-3.9","25.3","Core",6
62,"a","a","2050","Medium risk","Forecastable","Every 3 days","Medium","6483","1334","15.41","38.7","5.9","6668","23261","3812","94574","45381","20.6","MONITOR  - Reorder soon","6.9","1.02","22691","6592","11.6","542","223","5066512","6504","559309","718","9.01","779","538","539","345","48.3","44.9","3.2","28.2","At Risk",6
133,"a","a","270","Medium risk","Hard to forecast","Every 3 days","Medium","6483","1411","20.95","29.4","21.7","7914","23481","4032","94794","45381","21.8","OK       - Stock sufficient","7.0","1.00","22691","6464","17.0","542","587","5057788","6468","593403","759","8.45","782","545","542","392","47.7","45.1","-4.6","33.5","At Risk",7
654,"c","a","6930","Medium risk","Hard to forecast","Every 3 days","Medium","6478","1838","19.02","30.3","17.1","8774","24687","5253","95945","45346","28.4","MONITOR  - Reorder soon","6.2","1.13","22673","7313","16.3","543","471","5050619","6475","533663","684","9.34","780","543","544","315","47.8","45.1","8.0","37.9","At Risk",7
109,"a","c","3300","Low risk","Forecastable","Every 3 days","Medium","6474","765","14.43","43.0","10.3","4856","21608","2186","92822","45318","11.8","OK       - Stock sufficient","7.0","1.00","22659","6505","12.0","544","156","5068030","6464","582023","742","8.63","784","547","538","377","47.4","45.0","5.5","22.9","Promo Driven",10
19,"a","c","3240","Low risk","Forecastable","Every 3 days","Medium","6472","1147","17.30","33.3","14.0","6478","22694","3278","93886","45304","17.7","MONITOR  - Reorder soon","6.4","1.09","22652","7036","16.4","545","350","5036169","6465","486618","625","10.26","779","546","548","237","47.6","44.9","10.1","28.5","At Risk",6
1057,"d","c","3230","Low risk","Forecastable","Every 3 days","Medium","6469","537","15.27","46.0","12.6","4358","20942","1535","92101","45283","8.3","OK       - Stock sufficient","7.0","1.00","22642","6475","10.8","546","215","5036413","6424","502083","640","9.97","784","555","547","263","46.7","45.0","5.1","21.9","Promo Driven",10
990,"d","a","20930","Low risk","Hard to forecast","Every 3 days","Medium","6467","755","19.83","34.5","22.2","5823","21559","2158","92696","45269","11.7","MONITOR  - Reorder soon","6.3","1.11","22635","7174","13.4","547","528","4999125","6409","447315","573","11.05","780","557","556","172","46.5","45.1","3.0","26.8","At Risk",8
340,"a","c","8080","Low risk","Hard to forecast","Every 3 days","Medium","6461","876","17.10","36.9","15.7","5661","21887","2504","92958","45227","13.6","MONITOR  - Reorder soon","6.6","1.05","22614","6811","13.1","548","336","5084744","6486","560590","715","8.98","784","540","530","348","48.1","45.0","6.0","26.2","Core",8
785,"d","c","970","Low risk","Hard to forecast","Every 3 days","Medium","6457","862","21.72","28.5","25.5","6472","21834","2463","92861","45199","13.3","WATCH    - Demand surging","5.1","1.38","62375","8905","25.9","549","626","5072473","6512","437324","561","11.42","779","535","534","142","48.7","44.9","23.9","30.9","At Risk",5
973,"d","c","330","Low risk","Hard to forecast","Every 3 days","Medium","6456","936","18.73","34.2","19.9","6131","22043","2675","93059","45192","14.5","MONITOR  - Reorder soon","6.3","1.11","22596","7194","20.5","550","447","5017528","6441","615311","790","8.04","779","553","554","431","46.9","44.9","29.7","30.1","At Risk",5
139,"a","a","1700","Low risk","Forecastable","Every 3 days","Medium","6455","1050","15.65","39.0","11.3","5888","22366","3001","93371","45185","16.3","MONITOR  - Reorder soon","5.8","1.21","22593","7836","14.1","551","238","4020701","6464","319593","514","12.51","622","547","815","72","47.4","44.1","4.0","26.1","Core",6
886,"a","c","12430","Low risk","Forecastable","Every 3 days","Medium","6430","992","18.64","39.2","10.8","6260","22125","2835","92855","45010","15.4","MONITOR  - Reorder soon","6.7","1.04","22505","6703","15.6","552","443","5018882","6443","474412","609","10.49","779","552","553","215","46.9","44.9","7.1","26.9","At Risk",7
893,"a","a","130","Low risk","Forecastable","Every 3 days","Medium","6428","538","13.90","43.9","6.3","4091","20822","1538","91530","44996","8.4","MONITOR  - Reorder soon","6.6","1.06","22498","6810","10.8","553","117","3978679","6397","514925","828","7.69","622","559","831","462","46.3","44.1","1.1","20.1","Core",7
1062,"d","a","190","Low risk","Hard to forecast","Every 3 days","Medium","6426","701","22.62","28.5","26.8","6157","21281","2003","91967","44982","10.9","MONITOR  - Reorder soon","6.1","1.14","22491","7342","15.3","554","662","4990259","6406","461502","592","10.65","779","558","558","202","46.4","44.9","0.1","28.3","At Risk",6
289,"d","a","6540","Low risk","Hard to forecast","Every 3 days","Medium","6420","600","17.46","38.6","15.8","4918","20975","1715","91595","44940","9.3","MONITOR  - Reorder soon","6.9","1.02","22470","6521","9.5","555","360","4936879","6321","432447","554","11.32","781","570","565","150","45.2","44.8","-2.9","23.4","Core",7
410,"c","a","40","Low risk","Hard to forecast","Every 3 days","Medium","6411","830","24.05","25.5","28.0","6778","21605","2372","92126","44877","12.9","MONITOR  - Reorder soon","6.5","1.08","22439","6915","23.0","556","711","5019781","6444","624920","802","7.89","779","551","552","444","47.0","44.9","5.5","30.4","At Risk",5
996,"c","a","2870","Medium risk","Hard to forecast","Every 3 days","Medium","6411","1308","19.88","30.7","19.3","7381","22971","3738","93492","44877","20.4","MONITOR  - Reorder soon","5.5","1.28","22439","8220","19.2","556","532","4993206","6510","534380","697","9.15","767","536","557","333","48.6","45.2","11.5","34.6","At Risk",7
650,"a","a","1420","Low risk","Forecastable","Every 3 days","Medium","6401","500","12.85","46.7","5.1","3780","20632","1429","91043","44807","7.8","MONITOR  - Reorder soon","6.3","1.10","22404","7073","14.2","557","78","3975207","6391","412899","664","9.59","622","560","833","294","46.2","44.1","1.2","17.4","Core",7
877,"a","c","29190","Low risk","Forecastable","Every 3 days","Medium","6399","856","14.75","45.2","10.2","5144","21643","2446","92032","44793","13.4","MONITOR  - Reorder soon","6.3","1.11","22397","7106","14.5","558","179","5103191","6332","704036","873","7.19","806","567","529","507","45.5","43.8","4.8","24.3","Core",6
414,"d","c","6210","Low risk","Forecastable","Every 3 days","Medium","6392","686","13.81","46.2","8.6","4483","21137","1961","91449","44744","10.7","MONITOR  - Reorder soon","6.0","1.16","22372","7412","10.4","559","113","5020250","6428","378114","484","13.22","781","554","551","39","46.8","44.8","7.7","22.1","Core",8
17,"a","a","50","Medium risk","Hard to forecast","Every 3 days","Medium","6391","1751","22.39","27.5","24.2","9094","24177","5004","94478","44737","27.4","MONITOR  - Reorder soon","6.6","1.07","22369","6827","19.0","560","653","4954488","6336","619090","792","7.84","782","566","562","448","45.6","45.1","2.4","39.4","At Risk",7
812,"d","a","2590","Medium risk","Forecastable","Every 3 days","Medium","6390","1597","16.38","36.3","11.4","7555","23734","4564","94024","44730","25.0","MONITOR  - Reorder soon","6.7","1.05","22365","6714","9.4","561","285","4966087","6367","605630","776","8.11","780","563","560","425","46.0","45.1","1.0","32.6","At Risk",7
428,"d","a","2960","Low risk","Forecastable","Every 3 days","Medium","6386","528","15.72","43.1","12.8","4378","20667","1509","90913","44702","8.3","MONITOR  - Reorder soon","5.9","1.19","22351","7616","13.8","562","243","3910828","6288","327530","527","11.88","622","576","845","111","44.6","44.1","0.1","21.4","Core",7
143,"d","a","2930","Low risk","Hard to forecast","Every 3 days","Medium","6380","796","22.59","30.1","26.4","6394","21415","2275","91595","44660","12.5","MONITOR  - Reorder soon","6.2","1.13","22330","7191","16.2","563","659","4919195","6315","453411","582","10.69","779","571","574","199","45.2","44.9","8.9","29.4","At Risk",6
378,"a","c","2140","Low risk","Hard to forecast","Every 3 days","Medium","6374","715","18.06","35.9","16.9","5333","21165","2043","91279","44618","11.2","MONITOR  - Reorder soon","6.2","1.12","22309","7149","19.6","564","401","4927020","6325","755752","970","6.47","779","569","569","551","45.3","44.9","21.5","28.7","At Risk",6
617,"a","c","8940","Medium risk","Forecastable","Every 3 days","Medium","6373","1557","16.33","39.9","14.2","7424","23569","4450","93672","44611","24.4","MONITOR  - Reorder soon","6.3","1.12","22306","7110","13.0","565","282","4960149","6359","448262","575","10.97","780","564","561","177","45.9","45.1","6.2","33.6","At Risk",7
1006,"c","c","3890","Low risk","Hard to forecast","Every 3 days","Medium","6363","635","18.16","35.1","18.7","5117","20904","1815","90897","44541","10.0","MONITOR  - Reorder soon","5.5","1.26","22271","8038","21.6","566","408","4970130","6372","675677","866","7.27","780","562","559","499","46.1","45.0","14.0","25.6","Core",8
299,"d","c","38630","Low risk","Hard to forecast","Every 3 days","Medium","6334","1268","19.12","39.9","18.4","7085","22626","3624","92300","44338","20.0","WARNING  - Order within 24hrs","4.5","1.56","44338","9904","17.8","567","476","5499540","6235","602255","683","9.12","882","589","414","336","43.1","40.1","15.1","34.9","At Risk",4
187,"a","c","19360","Low risk","Forecastable","Every 3 days","Medium","6331","1131","15.28","40.9","13.5","5997","22225","3232","91866","44317","17.9","MONITOR  - Reorder soon","6.6","1.06","22159","6706","12.3","568","216","4923311","6280","608155","776","8.05","784","579","571","430","44.3","45.0","3.4","27.3","At Risk",7
74,"a","a","330","Low risk","Hard to forecast","Every 3 days","Medium","6323","846","18.46","37.1","17.7","5754","21387","2418","90940","44261","13.4","OK       - Stock sufficient","7.2","0.97","22131","6158","19.0","569","429","4855145","6257","662877","854","7.25","776","585","589","501","43.5","44.8","1.8","27.3","At Risk",5
602,"a","a","2710","Low risk","Forecastable","Every 3 days","Medium","6316","785","16.38","37.9","11.7","5200","21191","2243","90667","44212","12.4","MONITOR  - Reorder soon","6.4","1.09","22106","6860","10.9","570","285","4920431","6300","479688","614","10.18","781","575","573","243","44.7","44.8","5.6","23.7","Core",7
361,"c","c","4490","Low risk","Hard to forecast","Every 3 days","Medium","6313","450","22.36","29.1","26.8","5320","20225","1286","89668","44191","7.1","MONITOR  - Reorder soon","5.8","1.21","22096","7645","24.4","571","651","4888169","6267","497502","638","9.72","780","581","580","281","43.9","45.0","2.6","27.0","At Risk",7
215,"d","a","150","Low risk","Hard to forecast","Every 3 days","Medium","6306","463","24.51","26.0","30.3","5740","20241","1323","89607","44142","7.3","WATCH    - Demand surging","5.4","1.31","57826","8245","25.4","572","719","3920679","6313","304466","490","12.71","621","572","843","63","45.1","44.1","4.1","28.7","At Risk",5
1069,"a","c","18050","Medium risk","Hard to forecast","Every 3 days","Medium","6303","1574","18.85","33.6","17.4","7894","23407","4498","92740","44121","25.0","MONITOR  - Reorder soon","6.2","1.12","22061","7066","17.9","573","457","4930721","6305","621457","795","7.82","782","573","566","450","45.0","45.1","6.7","35.4","At Risk",7
272,"a","a","16180","Medium risk","Hard to forecast","Every 3 days","Medium","6301","1367","22.06","27.0","26.2","7879","22810","3907","92121","44107","21.7","MONITOR  - Reorder soon","6.1","1.15","22054","7236","17.2","574","638","4871343","6237","491687","630","9.74","781","588","586","279","43.3","44.8","2.0","35.0","At Risk",5
625,"a","a","1170","Low risk","Hard to forecast","Every 3 days","Medium","6298","988","18.73","31.2","16.1","6195","21718","2824","90996","44086","15.7","MONITOR  - Reorder soon","6.8","1.03","22043","6490","14.8","575","447","4907852","6300","480529","617","10.10","779","575","575","251","44.7","44.9","3.9","27.7","At Risk",7
686,"a","a","20050","Medium risk","Hard to forecast","Every 3 days","Medium","6295","1882","19.72","33.7","18.5","8926","24264","5379","93509","44065","29.9","MONITOR  - Reorder soon","6.5","1.08","22033","6801","14.7","576","518","4875320","6250","587900","754","8.17","780","586","585","419","43.4","45.1","3.0","39.9","At Risk",7
1084,"a","a","190","Low risk","Forecastable","Every 3 days","Medium","6295","521","13.94","46.4","8.5","3997","20374","1489","89619","44065","8.3","MONITOR  - Reorder soon","6.5","1.08","22033","6814","13.3","576","120","4904211","6271","631824","808","7.72","782","580","576","459","44.1","44.9","-0.4","19.7","Core",9
441,"d","a","2530","Low risk","Hard to forecast","Every 3 days","Medium","6289","506","18.19","33.9","19.2","4715","20313","1446","89492","44023","8.0","MONITOR  - Reorder soon","6.7","1.05","22012","6607","15.0","577","411","4929786","6328","545030","700","8.96","779","568","567","350","45.4","44.9","11.5","24.1","Core",8
1115,"d","c","5350","Low risk","Hard to forecast","Every 3 days","Medium","6286","716","19.74","31.6","21.1","5592","20904","2046","90050","44002","11.4","MONITOR  - Reorder soon","5.5","1.28","22001","8038","19.1","578","520","4922229","6302","337884","433","14.42","781","574","572","7","44.9","44.8","19.5","27.4","At Risk",5
907,"a","c","250","Low risk","Forecastable","Every 3 days","Medium","6276","564","15.50","42.4","7.8","4392","20440","1612","89476","43932","9.0","MONITOR  - Reorder soon","6.3","1.10","21966","6922","18.0","579","230","4884914","6271","646047","829","7.52","779","580","583","475","44.1","44.9","15.0","22.3","Core",9
280,"d","c","18640","Low risk","Forecastable","Every 3 days","Medium","6276","461","15.12","44.2","11.5","4029","20145","1317","89181","43932","7.3","MONITOR  - Reorder soon","5.9","1.18","21966","7403","15.1","579","206","4869839","6267","404863","521","11.97","777","581","587","104","43.9","44.8","1.3","21.1","Core",7
255,"c","c","4630","Low risk","Hard to forecast","Every 3 days","Medium","6275","484","17.96","34.0","19.2","4604","20208","1383","89233","43925","7.7","MONITOR  - Reorder soon","6.0","1.16","21963","7265","19.6","580","392","4885211","6271","498843","640","9.71","779","580","581","282","44.1","44.9","3.6","23.7","Core",8
1107,"a","a","1400","Low risk","Hard to forecast","Every 3 days","Medium","6268","789","25.12","24.6","29.6","6755","21059","2255","90007","43876","12.6","WATCH    - Demand surging","5.3","1.32","57916","8269","22.7","581","730","3882362","6232","416495","669","9.13","623","590","856","335","43.0","44.1","2.7","32.3","At Risk",4
366,"d","c","6470","Medium risk","Hard to forecast","Every 3 days","Medium","6262","1543","18.91","36.4","21.5","7794","23196","4410","92078","43834","24.6","MONITOR  - Reorder soon","6.4","1.09","21917","6842","18.0","582","461","4833475","6197","468724","601","10.16","780","599","592","245","42.2","45.0","4.2","35.6","At Risk",6
293,"c","c","140","Low risk","Hard to forecast","Every 3 days","Medium","6259","850","18.42","33.9","17.4","5724","21206","2429","90055","43813","13.6","MONITOR  - Reorder soon","6.9","1.02","21907","6366","15.0","583","426","4899830","6258","638439","815","7.59","783","584","577","470","43.6","45.0","4.0","26.6","At Risk",7
303,"a","a","15430","Low risk","Hard to forecast","Every 3 days","Medium","6256","838","18.94","34.8","20.6","5781","21163","2395","89979","43792","13.4","MONITOR  - Reorder soon","6.6","1.06","21896","6649","20.8","584","464","4740126","6188","516285","674","9.06","766","601","620","341","42.0","44.5","5.3","31.8","At Risk",4
542,"a","a","7280","Low risk","Forecastable","Every 3 days","Medium","6249","761","15.13","40.0","10.5","4877","20922","2175","89661","43743","12.2","MONITOR  - Reorder soon","6.4","1.09","21872","6837","8.7","585","207","3885411","6247","330680","532","11.67","622","587","851","125","43.4","44.1","0.9","22.5","Core",7
979,"a","c","2270","Low risk","Hard to forecast","Every 3 days","Medium","6248","927","20.78","29.3","21.7","6360","21393","2649","90121","43736","14.8","MONITOR  - Reorder soon","6.1","1.15","21868","7189","14.6","586","578","4898808","6264","497651","636","9.67","782","582","578","286","43.8","45.1","9.4","29.6","At Risk",8
986,"a","a","620","Low risk","Hard to forecast","Every 3 days","Medium","6248","965","23.34","30.5","29.6","6925","21502","2758","90230","43736","15.4","OK       - Stock sufficient","8.5","0.83","21868","5167","17.1","586","687","4802035","6228","639283","829","7.43","771","593","605","483","42.7","45.1","-22.9","34.2","At Risk",7
871,"d","c","10620","Low risk","Forecastable","Every 3 days","Medium","6248","970","14.90","45.2","11.9","5433","21516","2772","90244","43736","15.5","MONITOR  - Reorder soon","5.5","1.28","21868","8000","15.9","586","191","4889449","6260","374591","480","12.95","781","583","579","52","43.7","44.8","18.8","27.2","At Risk",5
850,"d","a","1120","Low risk","Hard to forecast","Every 3 days","Medium","6242","719","20.37","34.4","21.6","5689","20781","2055","89443","43694","11.5","MONITOR  - Reorder soon","6.6","1.06","21847","6590","19.9","587","557","4787781","6202","504159","653","9.37","772","598","609","312","42.3","45.3","5.1","29.0","At Risk",8
1023,"c","a","3740","Low risk","Hard to forecast","Every 3 days","Medium","6239","719","21.45","34.9","25.2","5879","20772","2055","89401","43673","11.5","OK       - Stock sufficient","7.0","1.00","21837","6267","13.5","588","614","4799042","6153","491531","630","9.65","780","605","608","288","41.7","45.1","-4.6","29.7","At Risk",8
477,"d","a","770","Low risk","Hard to forecast","Every 3 days","Medium","6238","541","17.98","34.4","18.1","4751","20260","1546","88878","43666","8.7","MONITOR  - Reorder soon","6.1","1.15","21833","7182","12.5","589","394","3864914","6214","279830","450","13.70","622","595","861","23","42.5","44.1","2.2","23.5","Core",6
456,"a","c","140","Low risk","Hard to forecast","Every 3 days","Medium","6238","761","19.29","32.3","19.0","5614","20889","2175","89507","43666","12.2","OK       - Stock sufficient","7.3","0.96","21833","5976","20.5","589","488","4822447","6191","697454","895","6.84","779","600","599","532","42.1","44.9","-3.1","26.7","At Risk",7
112,"a","a","1630","Low risk","Highly forecastable","Every 3 days","Medium","6237","411","9.14","63.6","1.7","2804","19886","1175","88493","43659","6.6","MONITOR  - Reorder soon","6.6","1.06","21830","6626","8.2","590","9","4883888","6229","608379","776","8.01","784","592","584","434","42.8","45.0","3.0","14.5","Core",9
415,"d","c","6910","Low risk","Forecastable","Every 3 days","Medium","6237","460","16.77","42.4","13.8","4304","20026","1315","88633","43659","7.4","MONITOR  - Reorder soon","6.1","1.15","21830","7180","12.0","590","314","4863171","6235","406599","521","11.88","780","589","588","111","43.1","45.0","7.3","22.6","Promo Driven",10
628,"a","c","2180","Low risk","Hard to forecast","Every 3 days","Medium","6235","1142","18.53","35.6","21.7","6566","21969","3264","90554","43645","18.3","MONITOR  - Reorder soon","6.6","1.05","21823","6567","25.9","591","436","4885169","6231","598144","763","8.04","784","591","582","431","42.9","45.0","1.6","30.8","At Risk",7
331,"a","c","670","Low risk","Forecastable","Every 3 days","Medium","6233","1106","16.81","38.4","12.5","6155","21860","3161","90423","43631","17.7","OK       - Stock sufficient","7.2","0.97","21816","6055","10.2","592","318","4799307","6161","638940","820","7.45","779","603","607","481","41.8","44.9","-15.0","27.8","At Risk",6
1005,"a","a","6480","Low risk","Forecastable","Every 3 days","Medium","6218","680","14.09","45.8","9.4","4447","20597","1943","88995","43526","10.9","MONITOR  - Reorder soon","6.8","1.03","21763","6391","14.5","593","131","4834459","6206","729683","937","6.58","779","597","591","544","42.4","44.9","2.0","21.2","Core",9
1087,"d","c","2210","Low risk","Forecastable","Every 3 days","Medium","6216","494","16.06","37.7","13.4","4265","20060","1412","88436","43512","7.9","MONITOR  - Reorder soon","6.0","1.17","21756","7278","16.0","594","263","4925247","6282","482537","615","10.12","784","578","570","249","44.4","45.0","6.9","21.8","Promo Driven",10
58,"a","c","7340","Low risk","Hard to forecast","Every 3 days","Medium","6215","796","18.56","30.5","18.4","5571","20920","2275","89285","43505","12.8","WATCH    - Demand surging","5.2","1.34","58297","8334","16.6","595","438","3947427","6336","319691","513","12.17","623","566","838","90","45.6","44.1","19.8","28.2","At Risk",5
830,"a","c","6320","Medium risk","Forecastable","Every 3 days","Medium","6206","1398","17.05","36.4","14.9","7019","22613","3995","90879","43442","22.5","MONITOR  - Reorder soon","6.1","1.15","21721","7150","18.5","596","335","4816406","6175","410638","526","11.68","780","602","600","124","41.9","45.1","8.9","32.6","At Risk",7
132,"d","c","1040","Low risk","Forecastable","Every 3 days","Medium","6203","798","15.38","38.0","11.0","5007","20890","2281","89123","43421","12.9","WATCH    - Demand surging","5.1","1.37","59487","8529","18.3","597","221","3908185","6283","362256","582","10.68","622","577","846","200","44.5","44.1","26.5","25.3","Core",6
763,"d","c","32240","Low risk","Hard to forecast","Every 3 days","Medium","6190","515","16.60","39.7","15.8","4408","20042","1472","88132","43330","8.3","MONITOR  - Reorder soon","6.2","1.12","21665","6960","16.9","598","300","4802197","6125","459640","586","10.37","784","607","604","226","41.4","45.0","4.6","22.8","Promo Driven",10
819,"a","c","720","Low risk","Forecastable","Every 3 days","Medium","6185","582","14.26","46.0","9.5","4184","20218","1663","88253","43295","9.4","OK       - Stock sufficient","7.1","0.98","21648","6091","12.2","599","144","4775423","6091","423324","540","11.24","784","614","611","157","40.7","45.0","0.8","20.2","Core",9
1081,"b","a","400","Medium risk","Hard to forecast","Every 3 days","Medium","6183","1619","22.32","35.0","21.7","8571","23176","4627","91189","43281","26.2","MONITOR  - Reorder soon","6.5","1.07","21641","6615","9.4","600","650","4485164","5925","709444","937","6.24","757","650","688","563","37.2","37.8","-0.2","36.4","At Risk",4
588,"d","c","15720","Low risk","Forecastable","Every 3 days","Medium","6182","766","13.95","48.2","10.6","4654","20735","2189","88737","43274","12.4","MONITOR  - Reorder soon","6.3","1.11","21637","6839","10.4","601","121","4825215","6155","518339","661","9.25","784","604","597","323","41.7","45.0","7.6","23.3","Core",8
509,"a","a","4740","Low risk","Hard to forecast","Every 3 days","Medium","6179","1122","19.19","32.1","19.6","6595","21744","3207","89713","43253","18.2","MONITOR  - Reorder soon","6.3","1.11","21627","6885","13.7","602","479","4783674","6125","404802","518","11.65","781","607","610","127","41.4","44.8","0.2","30.1","At Risk",5
1012,"d","c","6330","Low risk","Forecastable","Every 3 days","Medium","6171","562","14.89","44.6","12.0","4232","20119","1606","88000","43197","9.1","MONITOR  - Reorder soon","6.6","1.06","21599","6535","10.7","603","190","3762920","6050","321582","517","11.63","622","622","890","129","39.9","44.1","-1.3","21.4","Core",7
915,"d","c","650","Low risk","Forecastable","Every 3 days","Medium","6170","1090","14.76","41.0","9.7","5718","21625","3115","89495","43190","17.7","MONITOR  - Reorder soon","5.4","1.29","21595","7965","23.0","604","180","3942303","6338","319510","514","12.27","622","565","841","86","45.8","44.1","8.7","25.1","Core",6
757,"a","c","3450","Low risk","Forecastable","Every 3 days","Medium","6168","859","16.25","35.0","13.0","5319","20959","2455","88807","43176","13.9","MONITOR  - Reorder soon","5.4","1.29","21588","7984","18.7","605","277","4832775","6220","416360","536","11.49","777","594","593","137","42.6","44.8","17.5","26.3","Core",7
1024,"c","c","1990","Low risk","Hard to forecast","Every 3 days","Medium","6163","524","16.74","39.5","17.3","4446","19987","1498","87780","43141","8.5","MONITOR  - Reorder soon","6.2","1.13","21571","6991","16.4","606","312","4810209","6135","615780","785","7.75","784","606","602","456","41.6","45.0","2.6","22.6","Promo Driven",10
737,"a","a","100","Low risk","Hard to forecast","Every 3 days","Medium","6162","1068","20.97","30.1","23.4","6745","21538","3052","89320","43134","17.3","MONITOR  - Reorder soon","6.6","1.07","21567","6570","28.5","607","589","4765845","6118","699863","898","6.70","779","609","613","538","41.2","44.9","4.1","32.0","At Risk",5
658,"d","c","520","Low risk","Hard to forecast","Every 3 days","Medium","6141","1082","18.76","35.2","19.6","6385","21515","3092","89066","42987","17.6","OK       - Stock sufficient","7.3","0.96","21494","5866","13.6","608","450","4719829","6059","466330","599","9.99","779","619","627","262","40.2","44.9","-3.9","29.8","At Risk",6
406,"d","c","8240","Low risk","Hard to forecast","Every 3 days","Medium","6124","886","17.44","37.3","16.6","5584","20904","2532","88268","42868","14.5","WATCH    - Demand surging","5.0","1.40","60015","8602","14.8","609","359","4760515","6111","369296","474","12.74","779","612","615","60","40.8","44.9","29.9","28.5","At Risk",6
818,"d","a","490","Low risk","Hard to forecast","Every 3 days","Medium","6116","971","22.59","27.6","26.1","6723","21123","2775","88399","42812","15.9","MONITOR  - Reorder soon","6.7","1.04","21406","6375","10.1","610","659","4772357","6111","496141","635","9.45","781","612","612","305","40.8","44.8","10.9","31.3","At Risk",5
66,"d","a","7660","Low risk","Forecastable","Every 3 days","Medium","6108","426","13.54","44.3","7.7","3581","19541","1217","86729","42756","7.0","MONITOR  - Reorder soon","6.0","1.16","21378","7101","15.8","611","103","4750858","6114","407192","524","11.63","777","610","618","129","41.1","44.8","3.6","18.9","Core",8
164,"a","a","1160","Low risk","Hard to forecast","Every 3 days","Medium","6105","1180","19.74","30.7","20.2","6816","21687","3372","88842","42735","19.3","MONITOR  - Reorder soon","5.5","1.27","21368","7728","21.7","612","520","3868966","6210","394629","633","9.65","623","596","860","288","42.5","44.1","9.8","32.0","At Risk",4
657,"c","c","80","Low risk","Hard to forecast","Every 3 days","Medium","6092","900","24.68","26.5","29.8","6869","20848","2572","87860","42644","14.8","OK       - Stock sufficient","7.1","0.99","21322","6009","31.1","613","724","4698459","6055","594536","766","7.76","776","621","634","455","40.0","44.8","12.4","33.8","At Risk",4
463,"a","a","4160","Low risk","Forecastable","Every 3 days","Medium","6090","1191","15.68","37.8","9.7","6133","21674","3404","88664","42630","19.6","OK       - Stock sufficient","7.9","0.89","21315","5426","20.2","614","241","4747749","6095","755184","969","6.25","779","613","619","562","40.8","44.9","3.8","28.0","At Risk",6
235,"a","a","5710","Low risk","Hard to forecast","Every 3 days","Medium","6074","1070","23.08","29.5","28.0","7064","21280","3058","88094","42518","17.6","MONITOR  - Reorder soon","6.9","1.01","21259","6148","12.1","615","676","4635585","5935","391382","501","11.63","781","647","648","129","37.4","44.8","-3.6","32.8","At Risk",5
351,"a","a","5290","Low risk","Hard to forecast","Every 3 days","Medium","6074","637","18.91","33.7","20.8","5103","20042","1820","86856","42518","10.5","MONITOR  - Reorder soon","6.1","1.15","21259","6995","16.6","615","461","4710510","6047","404164","519","11.53","779","624","629","135","39.8","44.9","7.3","25.8","Core",8
202,"d","c","5140","Low risk","Forecastable","Every 3 days","Medium","6072","595","15.44","38.7","11.1","4380","19916","1700","86708","42504","9.8","MONITOR  - Reorder soon","5.9","1.18","21252","7164","11.1","616","226","4737388","6066","397835","509","11.82","781","617","621","114","40.4","44.8","12.6","22.5","Core",8
1015,"d","c","9910","Low risk","Hard to forecast","Every 3 days","Medium","6067","707","16.78","37.1","16.3","4930","20222","2021","86959","42469","11.7","MONITOR  - Reorder soon","5.7","1.22","21235","7427","15.0","617","315","4705183","6040","383638","492","12.15","779","625","632","91","39.6","44.9","7.1","25.1","Core",8
767,"a","c","13080","Medium risk","Forecastable","Every 3 days","Medium","6065","1318","16.55","38.2","14.9","6635","21962","3767","88677","42455","21.7","MONITOR  - Reorder soon","6.5","1.08","21228","6549","10.4","618","297","4722348","6023","482393","615","9.71","784","630","626","282","39.0","45.0","3.0","31.2","At Risk",7
805,"d","a","24770","Low risk","Hard to forecast","Every 3 days","Medium","6064","763","21.18","28.9","22.4","5851","20373","2181","87077","42448","12.6","MONITOR  - Reorder soon","6.7","1.05","21224","6346","19.8","619","604","3784390","6084","356051","572","10.51","622","615","883","213","40.6","44.1","-10.0","28.3","At Risk",5
75,"d","c","22440","Low risk","Forecastable","Every 3 days","Medium","6064","521","13.45","49.9","9.5","3820","19681","1489","86385","42448","8.6","MONITOR  - Reorder soon","6.3","1.12","21224","6774","11.9","619","99","4722388","6023","503438","642","9.32","784","630","625","317","39.0","45.0","7.7","21.4","Promo Driven",10
1041,"c","a","1600","Low risk","Forecastable","Every 3 days","Medium","6063","360","13.69","41.6","6.1","3401","19218","1029","85911","42441","5.9","MONITOR  - Reorder soon","6.3","1.11","21221","6734","16.4","620","107","3801487","6112","408015","656","9.28","622","611","879","321","41.0","44.1","2.2","17.4","Core",7
803,"d","a","1760","Low risk","Hard to forecast","Every 3 days","Medium","6056","696","22.02","28.9","25.3","5800","20157","1989","86773","42392","11.5","MONITOR  - Reorder soon","6.8","1.03","21196","6231","15.8","621","637","4650665","6048","378421","492","12.12","769","623","644","92","39.9","44.9","0.6","30.5","At Risk",5
984,"c","a","440","Low risk","Hard to forecast","Every 3 days","Medium","6050","611","25.00","23.4","29.3","6069","19896","1746","86446","42350","10.1","MONITOR  - Reorder soon","5.6","1.24","21175","7508","26.0","622","728","4708162","6067","574511","740","8.08","776","616","630","427","40.5","44.8","8.2","30.2","At Risk",5
227,"a","a","2370","Low risk","Hard to forecast","Every 3 days","Medium","6048","929","17.87","38.9","15.5","5744","20799","2655","87327","42336","15.4","MONITOR  - Reorder soon","6.9","1.01","21168","6106","16.4","623","386","4623704","6028","430968","562","10.60","767","627","652","206","39.4","45.0","14.8","31.2","At Risk",7
88,"a","a","10690","Medium risk","Hard to forecast","Every 3 days","Medium","6041","1865","21.00","27.5","20.6","8955","23453","5330","89904","42287","30.9","MONITOR  - Reorder soon","6.6","1.07","21144","6451","16.6","624","591","4699058","6024","478523","613","9.66","780","629","633","287","39.2","45.0","2.2","40.9","At Risk",7
1054,"a","c","13190","Low risk","Forecastable","Every 3 days","Medium","6040","1170","16.58","38.4","13.6","6206","21464","3344","87904","42280","19.4","MONITOR  - Reorder soon","6.0","1.16","21140","6993","11.4","625","299","4730838","6034","483709","617","9.69","784","626","623","284","39.5","45.0","7.6","29.8","At Risk",7
1071,"a","a","820","Low risk","Forecastable","Every 3 days","Medium","6037","775","14.27","42.9","8.1","4677","20326","2215","86733","42259","12.8","MONITOR  - Reorder soon","6.9","1.01","21130","6109","11.1","626","145","4725345","6027","571238","729","8.22","784","628","624","414","39.3","45.0","3.4","22.5","Promo Driven",10
942,"d","c","6860","Low risk","Hard to forecast","Every 3 days","Medium","6028","534","20.26","29.7","20.3","5016","19610","1526","85918","42196","8.9","MONITOR  - Reorder soon","5.6","1.25","21098","7523","18.8","627","551","4731583","6058","367396","470","12.76","781","620","622","59","40.1","44.8","8.6","26.2","Core",7
119,"a","c","2100","Low risk","Forecastable","Every 3 days","Medium","6028","820","14.50","43.6","10.5","4841","20427","2343","86735","42196","13.6","OK       - Stock sufficient","7.0","1.00","21098","6022","8.9","627","162","4707987","6005","521332","665","8.96","784","633","631","350","38.7","45.0","3.6","23.2","Promo Driven",10
734,"a","a","220","Medium risk","Hard to forecast","Every 3 days","Medium","6011","1276","24.62","27.3","27.8","7876","21680","3647","87801","42077","21.2","OK       - Stock sufficient","7.9","0.89","21039","5359","15.6","628","722","4658828","5981","440954","566","10.46","779","636","642","218","38.4","44.9","-6.9","35.9","At Risk",5
939,"d","a","1340","Low risk","Hard to forecast","Every 3 days","Medium","6010","613","19.23","35.0","19.6","5055","19782","1752","85892","42070","10.2","MONITOR  - Reorder soon","6.6","1.06","21035","6381","14.7","629","483","4656745","5978","449101","577","10.28","779","637","643","235","38.3","44.9","2.5","24.7","Core",8
746,"d","c","4330","Low risk","Hard to forecast","Every 3 days","Medium","6007","738","21.07","31.0","22.4","5726","20130","2109","86207","42049","12.3","MONITOR  - Reorder soon","5.4","1.30","21025","7789","17.9","630","597","4716888","6040","397568","509","11.68","781","625","628","124","39.6","44.8","23.0","29.4","At Risk",6
638,"d","a","10170","Low risk","Forecastable","Every 3 days","Medium","6006","402","15.23","40.6","10.8","3763","19167","1149","85233","42042","6.7","MONITOR  - Reorder soon","6.0","1.16","21021","6986","14.5","631","212","3713936","6010","313767","508","11.79","618","632","903","116","38.9","43.9","4.8","20.0","Core",7
904,"d","c","570","Low risk","Hard to forecast","Every 3 days","Medium","6005","523","17.38","36.8","16.4","4477","19510","1495","85565","42035","8.7","MONITOR  - Reorder soon","6.1","1.14","21018","6845","17.2","632","355","3742423","6017","319701","514","11.61","622","631","896","131","39.0","44.1","-1.1","23.3","Core",6
550,"d","c","50","Low risk","Hard to forecast","Every 3 days","Medium","6003","636","17.01","36.4","15.8","4736","19827","1818","85860","42021","10.6","OK       - Stock sufficient","7.2","0.98","21011","5858","16.8","633","331","4665403","5974","387883","497","11.95","781","638","640","106","38.2","44.8","14.9","24.4","Core",6
869,"c","a","230","Medium risk","Hard to forecast","Every 3 days","Medium","6000","1266","21.45","28.1","22.8","7296","21618","3618","87618","42000","21.1","MONITOR  - Reorder soon","6.4","1.09","21000","6547","19.0","634","614","4659180","5973","678666","870","6.73","780","639","641","537","38.2","45.1","2.3","34.3","At Risk",7
1002,"d","c","1130","Low risk","Hard to forecast","Every 3 days","Medium","5999","530","16.63","39.5","15.6","4366","19512","1515","85501","41993","8.8","MONITOR  - Reorder soon","6.2","1.14","20997","6822","13.1","635","302","4753790","6064","562417","717","8.38","784","618","617","399","40.3","45.0","11.0","23.1","Promo Driven",10
766,"d","c","9820","Low risk","Forecastable","Every 3 days","Medium","5995","538","16.73","34.0","12.2","4404","19523","1538","85468","41965","9.0","WATCH    - Demand surging","5.3","1.31","54974","7880","16.5","636","311","3809093","6124","329475","530","11.47","622","608","874","138","41.3","44.1","16.5","23.6","Core",6
93,"a","a","16690","Medium risk","Hard to forecast","Every 3 days","Medium","5981","1358","18.13","34.0","16.9","6980","21824","3881","87615","41867","22.7","OK       - Stock sufficient","7.2","0.98","20934","5833","12.6","637","405","4646872","5965","470169","604","9.81","779","641","647","274","38.0","44.9","-1.2","32.7","At Risk",5
38,"d","a","1090","Low risk","Hard to forecast","Every 3 days","Medium","5979","667","24.51","26.0","29.3","6094","19843","1906","85612","41853","11.2","MONITOR  - Reorder soon","6.4","1.10","20927","6565","17.8","638","719","4677617","6005","417034","535","11.06","779","633","637","171","38.7","44.9","4.0","30.2","At Risk",5
829,"c","a","110","Low risk","Hard to forecast","Every 3 days","Medium","5977","501","19.90","30.6","20.6","4831","19363","1432","85110","41839","8.4","MONITOR  - Reorder soon","6.2","1.13","20920","6745","17.3","639","534","4624043","5921","617709","791","7.42","781","651","651","484","37.1","44.8","0.0","24.5","Core",6
635,"a","a","27530","Medium risk","Hard to forecast","Every 3 days","Medium","5957","1843","23.60","28.3","27.0","9285","23138","5267","88665","41699","30.9","MONITOR  - Reorder soon","6.0","1.16","20850","6897","16.9","640","695","4609211","5909","465439","597","9.73","780","653","655","280","36.8","45.0","4.6","43.5","At Risk",6
92,"c","a","240","Low risk","Hard to forecast","Every 3 days","Medium","5957","636","24.77","23.8","28.1","6035","19689","1818","85216","41699","10.7","MONITOR  - Reorder soon","6.1","1.15","20850","6852","24.1","640","726","4671417","5997","426158","547","10.77","779","634","638","191","38.6","44.9","14.1","30.6","At Risk",5
653,"d","c","7520","Low risk","Hard to forecast","Every 3 days","Medium","5956","765","17.28","36.1","16.7","5128","20054","2186","85570","41692","12.8","MONITOR  - Reorder soon","6.4","1.09","20846","6469","17.3","641","348","4608178","5916","389640","500","11.73","779","652","657","121","36.9","44.9","2.0","25.7","Core",8
810,"d","c","9640","Low risk","Forecastable","Every 3 days","Medium","5954","452","15.52","42.1","13.1","3933","19154","1292","84648","41678","7.6","MONITOR  - Reorder soon","6.5","1.08","20839","6453","8.7","642","232","4619798","5930","380807","489","12.05","779","648","654","97","37.3","44.9","1.1","21.4","Core",9
732,"a","c","35280","Medium risk","Hard to forecast","Every 3 days","Medium","5949","1373","20.99","34.1","21.5","7493","21771","3924","87210","41643","23.1","WARNING  - Order within 24hrs","4.3","1.64","41643","9780","15.9","643","590","5135916","5816","584069","661","8.73","883","671","516","367","35.1","40.1","10.9","38.6","At Risk",4
321,"c","c","8140","Low risk","Hard to forecast","Every 3 days","Medium","5940","484","19.00","33.9","19.5","4609","19203","1383","84543","41580","8.1","MONITOR  - Reorder soon","6.1","1.15","20790","6854","19.1","644","469","4647488","5958","456662","585","10.10","780","643","646","251","37.8","45.1","6.0","24.4","Promo Driven",9
135,"d","a","5190","Low risk","Hard to forecast","Every 3 days","Medium","5939","519","16.79","36.8","15.6","4333","19300","1483","84629","41573","8.7","MONITOR  - Reorder soon","6.0","1.16","20787","6881","13.8","645","316","4648837","5952","421569","540","10.94","781","644","645","180","37.7","44.8","7.3","23.0","Core",8
627,"c","c","3970","Low risk","Hard to forecast","Every 3 days","Medium","5938","653","19.26","33.6","19.9","5135","19680","1866","84998","41566","11.0","WATCH    - Demand surging","5.2","1.34","55698","7963","20.3","646","486","4679168","5991","480797","616","9.63","781","635","636","290","38.5","44.8","14.5","25.8","Core",7
89,"a","a","2380","Low risk","Forecastable","Every 3 days","Medium","5933","866","11.96","49.2","3.1","4503","20274","2475","85537","41531","14.6","MONITOR  - Reorder soon","6.2","1.13","20766","6676","9.2","647","50","3714173","5971","388237","624","9.54","622","640","902","299","38.1","44.1","4.1","21.3","Core",7
166,"a","c","100","Low risk","Hard to forecast","Every 3 days","Medium","5930","513","18.63","37.3","20.5","4623","19256","1466","84486","41510","8.7","OK       - Stock sufficient","7.3","0.96","20755","5670","18.3","648","442","4533193","5819","636652","817","7.06","779","670","677","517","35.2","44.9","-4.3","26.3","Core",8
402,"c","c","5830","Low risk","Hard to forecast","Every 3 days","Medium","5928","584","19.64","35.5","22.6","4996","19453","1669","84661","41496","9.9","MONITOR  - Reorder soon","6.0","1.16","20748","6862","22.2","649","511","4569233","5858","480033","615","9.44","780","665","671","306","35.6","45.0","5.8","27.6","At Risk",8
174,"a","a","13090","Low risk","Highly forecastable","Every 3 days","Medium","5926","426","11.51","50.5","3.8","3167","18995","1217","84181","41482","7.2","MONITOR  - Reorder soon","6.3","1.11","20741","6589","8.6","650","41","3692528","5937","298263","480","12.34","622","645","909","82","37.6","44.1","6.9","17.3","Core",7
31,"d","c","9800","Low risk","Hard to forecast","Every 3 days","Medium","5920","459","16.14","41.9","15.5","4042","19072","1312","84192","41440","7.8","MONITOR  - Reorder soon","6.4","1.09","20720","6427","9.3","651","269","4596143","5862","459464","586","9.92","784","663","664","266","35.8","45.0","4.3","22.8","Promo Driven",10
393,"d","c","4820","Low risk","Hard to forecast","Every 3 days","Medium","5914","517","19.92","36.7","19.1","4844","19220","1478","84274","41398","8.7","MONITOR  - Reorder soon","6.1","1.14","20699","6766","17.2","652","535","4598489","5903","457473","587","9.96","779","655","662","264","36.6","44.9","0.1","25.9","Core",8
621,"a","a","30","Low risk","Hard to forecast","Every 3 days","Medium","5910","514","19.72","31.1","16.7","4800","19199","1469","84209","41370","8.7","MONITOR  - Reorder soon","6.8","1.02","20685","6042","11.7","653","518","4608739","5916","628261","806","7.27","779","652","656","499","36.9","44.9","4.7","24.2","Core",8
516,"a","c","20","Low risk","Hard to forecast","Every 3 days","Medium","5907","864","22.13","25.4","24.8","6205","20190","2469","85167","41349","14.6","MONITOR  - Reorder soon","6.4","1.10","20675","6471","22.9","654","641","4579807","5879","592467","761","7.60","779","660","668","469","36.2","44.9","10.4","30.9","At Risk",5
778,"a","a","340","Low risk","Hard to forecast","Every 3 days","Medium","5905","628","18.12","29.3","15.0","4853","19510","1795","84465","41335","10.6","MONITOR  - Reorder soon","6.4","1.10","20668","6485","17.5","655","404","3670582","5901","497906","800","7.31","622","656","917","495","36.5","44.1","-1.9","23.9","Core",6
517,"a","c","22490","Low risk","Hard to forecast","Every 3 days","Medium","5905","1159","19.88","29.8","19.2","6667","21027","3312","85982","41335","19.6","MONITOR  - Reorder soon","5.8","1.20","20668","7085","18.7","655","532","4525491","5962","494050","651","9.03","759","642","679","343","37.9","44.9","3.6","35.3","At Risk",5
87,"a","a","560","Medium risk","Forecastable","Every 3 days","Medium","5900","1384","13.46","44.3","6.8","6225","21655","3955","86555","41300","23.5","MONITOR  - Reorder soon","6.8","1.03","20650","6066","9.6","656","100","4598287","5865","578159","737","7.93","784","662","663","441","35.9","45.0","-0.2","27.8","At Risk",8
1038,"d","a","17290","Low risk","Hard to forecast","Every 3 days","Medium","5898","531","17.14","39.1","17.3","4407","19212","1518","84090","41286","9.0","MONITOR  - Reorder soon","6.4","1.09","20643","6403","13.9","657","339","3668097","5897","319358","513","11.40","622","657","919","144","36.4","44.1","-2.5","23.4","Core",6
91,"c","a","2410","Low risk","Hard to forecast","Every 3 days","Medium","5897","514","25.86","28.9","30.9","5827","19160","1469","84027","41279","8.7","OK       - Stock sufficient","7.2","0.98","20640","5770","15.9","658","739","4324904","5559","477638","614","8.99","778","715","727","347","30.4","44.9","-11.6","29.9","At Risk",6
559,"d","a","3910","Medium risk","Hard to forecast","Every 3 days","Medium","5895","1782","20.06","30.3","21.1","8472","22778","5093","87623","41265","30.2","MONITOR  - Reorder soon","6.1","1.15","20633","6765","19.6","659","541","4588710","5883","585217","750","7.69","780","659","666","462","36.3","45.0","2.7","39.7","At Risk",6
281,"d","c","6970","Low risk","Forecastable","Every 3 days","Medium","5882","462","14.83","43.8","12.6","3813","18966","1320","83668","41174","7.9","MONITOR  - Reorder soon","6.3","1.11","20587","6536","16.2","660","185","4594724","5861","430929","550","10.60","784","664","665","206","35.7","45.0","6.0","21.7","Promo Driven",10
836,"a","a","2720","Medium risk","Forecastable","Every 3 days","Medium","5878","1710","16.67","35.8","11.9","7687","22521","4887","87179","41146","29.1","MONITOR  - Reorder soon","6.4","1.10","20573","6462","9.6","661","306","4606682","5906","554940","711","8.24","780","654","660","412","36.7","45.1","5.5","36.5","At Risk",7
641,"a","c","610","Low risk","Hard to forecast","Every 3 days","Medium","5865","1093","22.90","29.7","26.7","6962","20719","3124","85234","41055","18.6","OK       - Stock sufficient","7.4","0.95","20528","5582","20.1","662","670","4490386","5764","419152","538","10.58","779","684","687","208","33.8","44.9","-0.7","33.2","At Risk",5
476,"d","a","8300","Medium risk","Hard to forecast","Every 3 days","Medium","5865","1600","18.24","34.7","16.2","7630","22168","4573","86683","41055","27.3","MONITOR  - Reorder soon","6.3","1.11","20528","6532","11.6","662","414","4564251","5852","506843","650","8.89","780","666","673","356","35.5","45.1","1.8","36.6","At Risk",7
518,"d","c","3330","Low risk","Hard to forecast","Every 3 days","Medium","5861","703","22.24","27.6","25.3","5734","19592","2009","84063","41027","12.0","MONITOR  - Reorder soon","5.5","1.26","20514","7396","18.5","663","645","3653972","5865","314185","504","11.47","623","662","921","138","35.9","44.1","7.9","29.4","At Risk",5
598,"c","a","550","Low risk","Forecastable","Every 3 days","Medium","5843","439","14.17","41.3","5.9","3621","18784","1255","83057","40901","7.5","MONITOR  - Reorder soon","6.5","1.08","20451","6334","12.4","664","137","3665006","5892","453190","729","8.10","622","658","920","426","36.4","44.1","-0.9","18.0","Core",7
929,"a","c","4820","Low risk","Forecastable","Every 3 days","Medium","5835","739","14.33","43.6","10.6","4502","19617","2112","83802","40845","12.7","MONITOR  - Reorder soon","6.5","1.08","20423","6284","12.9","665","150","4559231","5815","557548","711","8.12","784","672","674","424","35.0","45.0","3.4","22.9","Promo Driven",10
834,"a","a","3470","Low risk","Forecastable","Every 3 days","Medium","5834","1152","16.53","36.5","13.2","6048","20794","3292","84968","40838","19.7","MONITOR  - Reorder soon","6.6","1.05","20419","6149","12.4","666","296","4600937","5869","501318","639","9.09","784","661","661","338","36.1","45.0","2.4","28.6","At Risk",8
823,"a","c","16210","Low risk","Forecastable","Every 3 days","Medium","5831","883","15.81","40.5","13.0","5158","20017","2524","84158","40817","15.1","MONITOR  - Reorder soon","6.5","1.08","20409","6312","15.1","667","247","4549069","5802","446881","570","10.09","784","674","675","252","34.8","45.0","11.2","26.6","At Risk",7
636,"c","a","720","Low risk","Hard to forecast","Every 3 days","Medium","5828","914","30.39","20.2","37.9","7674","20096","2612","84204","40796","15.7","WARNING  - Order within 24hrs","4.5","1.56","40796","9118","32.0","668","756","3692957","5928","445334","715","8.05","623","649","908","430","37.3","44.1","9.2","39.4","At Risk",4
391,"a","a","460","Medium risk","Hard to forecast","Every 3 days","Medium","5828","1355","18.84","36.4","20.1","7010","21356","3872","85464","40796","23.2","OK       - Stock sufficient","7.0","1.01","20398","5864","22.3","668","456","4392619","5727","530324","691","8.19","767","695","713","417","32.6","45.0","-0.2","34.5","At Risk",6
221,"d","c","13530","Low risk","Forecastable","Every 3 days","Medium","5827","585","16.24","40.5","14.7","4376","19153","1672","83250","40789","10.0","MONITOR  - Reorder soon","5.9","1.18","20395","6886","13.8","669","276","4564321","5822","433356","553","10.43","784","669","672","221","35.3","45.0","12.8","24.3","Promo Driven",9
606,"a","a","2260","Low risk","Forecastable","Every 3 days","Medium","5825","947","15.42","38.1","10.6","5273","20181","2706","84256","40775","16.3","MONITOR  - Reorder soon","6.6","1.05","20388","6143","11.0","670","224","4577941","5839","486724","621","9.36","784","668","669","313","35.4","45.0","-0.2","25.0","Promo Driven",9
912,"c","c","3100","Low risk","Forecastable","Every 3 days","Medium","5812","569","14.75","46.2","13.4","4076","19062","1626","82994","40684","9.8","MONITOR  - Reorder soon","6.3","1.10","20342","6420","13.3","671","179","4520528","5766","594778","759","7.55","784","683","681","472","34.0","45.0","5.1","23.4","Core",8
813,"a","a","1560","Low risk","Forecastable","Every 3 days","Medium","5808","686","12.08","49.4","3.7","3966","19385","1961","83273","40656","11.8","MONITOR  - Reorder soon","6.0","1.17","20328","6772","17.1","672","55","4514925","5811","505237","650","8.89","777","673","683","356","34.9","44.8","3.4","20.0","Core",8
454,"a","a","26450","Medium risk","Hard to forecast","Every 3 days","Medium","5796","1749","18.44","35.2","16.3","8053","22386","4998","86142","40572","30.2","MONITOR  - Reorder soon","6.0","1.16","20286","6711","19.0","673","427","4519416","5794","551135","707","8.14","780","675","682","422","34.7","45.0","2.8","38.9","At Risk",7
701,"d","a","1450","Low risk","Hard to forecast","Every 3 days","Medium","5788","634","23.33","27.0","30.1","5671","19176","1812","82844","40516","11.0","WATCH    - Demand surging","5.3","1.33","53886","7701","23.1","674","686","3594522","5779","391641","630","9.02","622","679","931","344","34.4","44.1","4.3","29.5","At Risk",5
647,"a","c","7420","Low risk","Hard to forecast","Every 3 days","Medium","5787","784","18.21","35.6","19.2","5252","19602","2241","83259","40509","13.5","MONITOR  - Reorder soon","6.1","1.16","20255","6685","16.9","675","413","4527267","5775","531153","677","8.42","784","680","678","395","34.3","45.0","5.2","27.0","At Risk",7
706,"d","a","7830","Low risk","Forecastable","Every 3 days","Medium","5787","577","16.21","41.8","14.3","4330","19010","1649","82667","40509","10.0","MONITOR  - Reorder soon","6.0","1.17","20255","6744","17.5","675","273","3572311","5743","326197","524","10.89","622","690","941","183","33.0","44.1","2.2","22.6","Core",7
324,"a","a","13140","Medium risk","Hard to forecast","Every 3 days","Medium","5785","1800","22.20","30.3","24.8","8814","22499","5144","86134","40495","31.1","MONITOR  - Reorder soon","6.8","1.03","20248","5964","21.6","676","644","4436629","5688","562953","722","7.69","780","701","705","462","32.0","45.0","-3.7","41.9","At Risk",7
294,"a","a","3150","Medium risk","Forecastable","Every 3 days","Medium","5783","1170","16.56","34.8","12.1","6081","20693","3344","84306","40481","20.2","MONITOR  - Reorder soon","5.8","1.21","20241","6973","12.8","677","298","4506589","5770","598265","766","7.46","781","682","685","480","34.1","44.8","7.5","29.3","At Risk",6
725,"d","c","17540","Low risk","Forecastable","Every 3 days","Medium","5779","520","13.50","47.7","9.5","3716","18823","1486","82392","40453","9.0","MONITOR  - Reorder soon","6.5","1.08","20227","6229","14.1","678","102","4505981","5747","466760","595","9.59","784","689","686","294","33.1","45.0","3.8","21.6","Promo Driven",10
160,"d","c","17110","Low risk","Hard to forecast","Every 3 days","Medium","5779","528","18.46","35.2","19.3","4558","18846","1509","82415","40453","9.1","MONITOR  - Reorder soon","6.6","1.06","20227","6121","10.2","678","429","4475644","5731","436723","559","10.14","781","693","696","247","32.8","44.8","2.1","24.6","Core",6
748,"d","a","2380","Low risk","Hard to forecast","Every 3 days","Medium","5777","577","21.46","30.8","24.8","5192","18980","1649","82527","40439","10.0","MONITOR  - Reorder soon","6.5","1.07","20220","6183","14.9","679","615","4469650","5738","379885","488","11.63","779","692","697","129","32.9","44.9","2.4","27.4","At Risk",7
175,"c","a","4130","Low risk","Forecastable","Every 3 days","Medium","5774","388","18.55","35.3","13.8","4170","18431","1109","81945","40418","6.7","MONITOR  - Reorder soon","6.6","1.06","20209","6124","14.7","680","437","4535086","5785","541515","691","8.31","784","677","676","406","34.6","45.0","6.5","21.3","Promo Driven",10
1108,"a","a","540","Medium risk","Hard to forecast","Every 3 days","Medium","5759","1762","23.16","25.1","24.8","8847","22313","5036","85662","40313","30.6","MONITOR  - Reorder soon","6.2","1.13","20157","6504","17.3","681","679","4482599","5747","460408","590","9.58","780","689","691","295","33.1","45.1","6.3","42.5","At Risk",7
860,"c","c","5980","Low risk","Hard to forecast","Every 3 days","Medium","5756","632","17.01","38.2","15.8","4604","19074","1806","82390","40292","11.0","MONITOR  - Reorder soon","5.5","1.26","20146","7279","19.5","682","331","4521003","5781","572462","732","7.82","782","678","680","450","34.5","44.9","19.1","25.6","Core",8
992,"a","a","2480","Low risk","Forecastable","Every 3 days","Medium","5750","1066","15.56","38.0","10.2","5603","20297","3047","83547","40250","18.5","OK       - Stock sufficient","8.0","0.88","20125","5046","25.2","683","233","4452757","5716","546190","701","8.10","779","698","700","426","32.2","44.9","-5.4","26.7","At Risk",7
855,"a","a","3440","Low risk","Hard to forecast","Every 3 days","Medium","5748","983","18.79","30.5","19.0","5896","20053","2809","83281","40236","17.1","WATCH    - Demand surging","5.3","1.31","52709","7553","20.4","684","453","4477596","5763","477358","614","9.25","777","685","694","323","33.8","44.8","7.1","29.1","At Risk",6
900,"a","a","3920","Low risk","Forecastable","Every 3 days","Medium","5744","612","12.94","42.4","4.3","3873","18981","1749","82165","40208","10.7","MONITOR  - Reorder soon","5.6","1.26","20104","7211","15.6","685","82","3635287","5845","341494","549","10.59","622","667","926","207","35.5","44.1","12.2","20.2","Core",7
253,"a","c","250","Low risk","Hard to forecast","Every 3 days","Medium","5739","1146","23.76","26.3","28.1","7172","20492","3275","83621","40173","20.0","MONITOR  - Reorder soon","6.1","1.14","20087","6548","25.6","686","699","4476698","5747","538066","691","8.16","779","689","695","420","33.1","44.9","-3.5","35.7","At Risk",5
547,"d","c","8990","Low risk","Forecastable","Every 3 days","Medium","5737","464","13.82","46.4","8.1","3592","18537","1326","81644","40159","8.1","MONITOR  - Reorder soon","5.5","1.27","20080","7290","15.1","687","114","3578049","5752","275078","442","12.95","622","688","939","52","33.4","44.1","8.9","20.4","Core",7
950,"a","a","8460","Low risk","Forecastable","Every 3 days","Medium","5735","962","17.60","33.8","14.7","5634","19954","2749","83039","40145","16.8","MONITOR  - Reorder soon","5.6","1.26","20073","7205","20.1","688","368","4450296","5742","435793","562","10.10","775","691","701","251","32.9","44.9","-1.1","27.8","At Risk",6
716,"d","a","3200","Low risk","Forecastable","Every 3 days","Medium","5732","515","16.07","37.8","14.3","4104","18668","1472","81720","40124","9.0","MONITOR  - Reorder soon","5.9","1.18","20062","6768","14.9","689","264","3556025","5717","282580","454","12.50","622","697","944","73","32.4","44.1","1.3","21.9","Core",7
611,"a","a","8080","Low risk","Forecastable","Every 3 days","Medium","5732","376","12.06","49.0","3.0","3050","18271","1075","81323","40124","6.6","MONITOR  - Reorder soon","5.9","1.18","20062","6787","13.7","689","53","3602813","5792","305106","491","11.77","622","676","929","118","34.6","44.1","3.6","16.7","Core",7
585,"d","c","440","Low risk","Hard to forecast","Every 3 days","Medium","5725","820","18.86","36.2","19.6","5429","19518","2343","82493","40075","14.3","OK       - Stock sufficient","7.5","0.93","20038","5341","17.0","690","458","4449323","5675","676591","863","6.50","784","702","702","549","31.9","45.0","-17.7","28.1","At Risk",7
563,"a","a","700","Low risk","Hard to forecast","Every 3 days","Medium","5719","470","18.67","38.3","19.4","4395","18500","1343","81409","40033","8.2","OK       - Stock sufficient","9.3","0.76","20017","4323","46.9","691","445","4278470","5513","545236","703","7.81","776","727","745","451","29.4","44.8","-5.2","24.0","Core",7
991,"a","a","1010","Low risk","Hard to forecast","Every 3 days","Medium","5711","615","17.24","36.3","16.5","4571","18891","1758","81712","39977","10.8","MONITOR  - Reorder soon","6.7","1.05","19989","6001","11.4","692","345","4484520","5757","418129","537","10.65","779","686","689","202","33.7","44.9","4.4","23.3","Core",8
659,"d","a","1590","Low risk","Hard to forecast","Every 3 days","Medium","5709","1061","18.95","31.2","17.2","6124","20159","3032","82958","39963","18.6","OK       - Stock sufficient","7.0","1.00","19982","5703","9.9","693","465","4407938","5644","535041","685","8.16","781","706","711","420","31.4","44.8","-1.8","30.1","At Risk",5
910,"d","c","12480","Low risk","Hard to forecast","Every 3 days","Medium","5702","835","19.49","34.7","21.1","5562","19492","2386","82214","39914","14.6","MONITOR  - Reorder soon","6.0","1.17","19957","6644","16.9","694","502","4452869","5709","447385","574","9.81","780","699","699","274","32.1","45.0","7.1","29.3","At Risk",7
773,"a","a","200","Low risk","Forecastable","Every 3 days","Medium","5698","807","12.49","47.5","5.1","4340","19400","2306","82078","39886","14.2","OK       - Stock sufficient","7.2","0.98","19943","5573","10.5","695","64","4464281","5716","618439","792","7.20","781","698","698","506","32.2","44.8","-8.6","21.6","Core",8
1067,"d","c","12020","Low risk","Forecastable","Every 3 days","Medium","5697","521","15.03","38.8","9.7","3936","18580","1489","81247","39879","9.1","MONITOR  - Reorder soon","5.9","1.19","19940","6760","14.8","696","202","3580348","5756","305012","490","11.66","622","687","937","126","33.5","44.1","11.6","21.8","Core",7
356,"d","c","8970","Low risk","Forecastable","Every 3 days","Medium","5693","568","13.66","46.8","9.3","3846","18702","1623","81325","39851","10.0","MONITOR  - Reorder soon","5.5","1.28","19926","7280","16.2","697","105","4443882","5719","338618","436","13.03","777","696","703","48","32.5","44.8","15.6","22.4","Core",8
935,"a","c","22350","Low risk","Forecastable","Every 3 days","Medium","5692","1088","15.92","41.2","14.3","5699","20185","3109","82797","39844","19.1","MONITOR  - Reorder soon","6.1","1.14","19922","6512","13.6","698","255","4430153","5651","470734","600","9.32","784","704","706","317","31.6","45.0","7.9","29.7","At Risk",7
591,"a","c","3340","Low risk","Forecastable","Every 3 days","Medium","5690","795","14.16","41.2","7.7","4575","19342","2272","81932","39830","14.0","MONITOR  - Reorder soon","5.8","1.21","19915","6910","15.9","699","136","4429448","5701","387507","499","11.40","777","700","707","144","32.0","44.8","0.9","22.7","Core",8
353,"b","b","900","Low risk","Highly forecastable","Every 3 days","Medium","5682","1056","9.57","66.5","4.7","4572","20064","3018","82566","39774","18.6","MONITOR  - Reorder soon","5.7","1.22","19887","6928","8.0","700","16","5255773","5651","1349510","1451","3.86","930","704","483","581","31.6","38.3","24.2","25.5","Core",6
514,"c","c","1200","Low risk","Forecastable","Every 3 days","Medium","5679","610","17.37","32.6","14.8","4562","18780","1743","81249","39753","10.7","MONITOR  - Reorder soon","5.7","1.22","19877","6914","19.4","701","354","3580238","5756","375667","604","9.42","622","687","938","308","33.5","44.1","13.0","25.6","Core",6
288,"d","a","800","Low risk","Hard to forecast","Every 3 days","Medium","5669","584","21.81","30.6","25.2","5203","18676","1669","81035","39683","10.3","MONITOR  - Reorder soon","6.3","1.11","19842","6312","14.4","702","629","3499206","5626","262806","423","13.17","622","708","962","41","31.2","44.1","2.2","28.7","At Risk",5
511,"a","a","2060","Low risk","Highly forecastable","Every 3 days","Medium","5665","377","9.78","59.2","1.9","2661","18072","1077","80387","39655","6.7","MONITOR  - Reorder soon","6.3","1.11","19828","6312","9.6","703","19","4439259","5662","635509","811","6.97","784","703","704","525","31.8","45.0","3.1","14.7","Core",9
671,"a","c","2070","Low risk","Forecastable","Every 3 days","Medium","5659","531","14.69","39.8","8.7","3893","18495","1518","80744","39613","9.4","WARNING  - Order within 24hrs","4.8","1.44","39613","8169","23.6","704","174","3691881","5936","369379","594","9.92","622","646","910","266","37.5","44.1","23.4","22.9","Core",7
209,"a","c","11680","Medium risk","Hard to forecast","Every 3 days","Medium","5653","1379","19.99","42.9","15.1","7171","20900","3941","83083","39571","24.4","MONITOR  - Reorder soon","5.6","1.26","19786","7125","17.0","705","538","4928424","5588","509083","577","9.61","882","710","568","292","31.1","40.1","6.9","33.9","At Risk",4
149,"d","a","2610","Low risk","Hard to forecast","Every 3 days","Medium","5637","788","18.39","34.2","16.1","5215","19163","2252","81170","39459","14.0","MONITOR  - Reorder soon","5.7","1.23","19730","6955","15.6","706","424","3462975","5567","302428","486","11.33","622","714","966","149","30.6","44.1","-0.3","26.9","At Risk",5
258,"a","a","27190","Low risk","Forecastable","Every 3 days","Medium","5630","719","13.16","48.2","7.7","4172","18945","2055","80875","39410","12.8","MONITOR  - Reorder soon","6.0","1.17","19705","6560","7.3","707","88","3509384","5642","307197","494","11.37","622","707","961","147","31.3","44.1","4.9","21.9","Core",7
136,"a","c","2200","Low risk","Hard to forecast","Every 3 days","Medium","5629","655","24.59","27.6","29.3","5828","18759","1872","80678","39403","11.6","MONITOR  - Reorder soon","5.5","1.28","19702","7192","25.1","708","720","3414045","5489","263716","424","12.72","622","735","976","62","28.4","44.1","3.6","32.7","At Risk",4
890,"a","a","4450","Low risk","Hard to forecast","Every 3 days","Medium","5621","678","18.92","30.8","18.6","4977","18801","1938","80632","39347","12.1","MONITOR  - Reorder soon","5.4","1.29","19674","7242","20.8","709","462","3563801","5730","276589","445","12.73","622","694","942","61","32.7","44.1","13.2","27.1","At Risk",5
851,"d","c","2330","Low risk","Forecastable","Every 3 days","Medium","5612","541","15.29","41.8","12.7","3998","18382","1546","80114","39284","9.6","MONITOR  - Reorder soon","6.5","1.08","19642","6042","11.1","710","217","3392054","5453","292151","470","11.57","622","743","981","132","27.6","44.1","-3.2","22.1","Core",7
717,"d","c","310","Low risk","Hard to forecast","Every 3 days","Medium","5599","833","25.41","22.6","31.2","6447","19178","2381","80767","39193","14.9","MONITOR  - Reorder soon","6.6","1.07","19597","5978","23.0","711","736","4325705","5553","435789","559","9.72","779","716","726","281","30.3","44.9","6.8","33.9","At Risk",5
312,"d","a","11300","Low risk","Hard to forecast","Every 3 days","Medium","5599","778","20.70","28.8","21.9","5536","19020","2223","80609","39193","13.9","MONITOR  - Reorder soon","6.3","1.11","19597","6238","8.7","711","575","4348731","5568","420688","539","10.19","781","713","719","242","30.7","44.8","3.1","28.5","At Risk",6
690,"a","a","100","Low risk","Hard to forecast","Every 3 days","Medium","5593","589","19.11","34.5","15.2","4738","18462","1683","79985","39151","10.5","MONITOR  - Reorder soon","6.8","1.03","19576","5744","13.4","712","475","4354600","5590","617086","792","7.00","779","709","716","522","31.1","44.9","2.4","24.7","Core",8
301,"a","c","4510","Low risk","Forecastable","Every 3 days","Medium","5585","600","13.42","47.4","9.1","3857","18470","1715","79905","39095","10.7","OK       - Stock sufficient","7.0","1.00","19548","5606","10.4","713","98","4342138","5538","467376","596","9.24","784","720","724","324","30.0","45.0","6.1","21.1","Core",9
537,"a","a","600","Low risk","Forecastable","Every 3 days","Medium","5583","670","15.26","39.2","12.8","4350","18664","1915","80077","39081","12.0","MONITOR  - Reorder soon","5.4","1.30","19541","7269","19.5","714","214","4335799","5580","469489","604","9.15","777","711","725","333","31.0","44.8","14.6","24.1","Core",7
397,"a","c","130","Low risk","Hard to forecast","Every 3 days","Medium","5575","775","21.06","27.8","20.4","5570","18940","2215","80265","39025","13.9","MONITOR  - Reorder soon","6.1","1.14","19513","6347","27.9","715","596","4342834","5575","584418","750","7.31","779","712","722","495","30.9","44.9","14.2","30.4","At Risk",5
44,"a","a","540","Low risk","Hard to forecast","Every 3 days","Medium","5563","960","18.93","32.9","18.6","5753","19433","2744","80626","38941","17.3","OK       - Stock sufficient","7.0","1.00","19471","5542","16.9","716","463","4295144","5479","501806","640","8.45","784","738","740","392","28.1","45.0","3.4","28.9","At Risk",8
10,"a","a","3160","Low risk","Forecastable","Every 3 days","Medium","5560","579","12.21","46.8","4.9","3595","18335","1655","79495","38920","10.4","MONITOR  - Reorder soon","6.3","1.11","19460","6159","7.2","717","59","4365642","5568","465661","594","9.33","784","713","715","316","30.7","45.0","6.5","18.9","Core",9
436,"d","a","2300","Low risk","Hard to forecast","Every 3 days","Medium","5556","945","16.88","39.7","16.8","5381","19369","2701","80485","38892","17.0","MONITOR  - Reorder soon","6.5","1.08","19446","6011","11.8","718","322","4297398","5509","481058","617","8.83","780","731","739","361","28.8","45.1","1.3","27.7","At Risk",8
833,"d","c","3290","Low risk","Hard to forecast","Every 3 days","Medium","5545","524","20.57","31.4","23.3","4757","18133","1498","79128","38815","9.4","MONITOR  - Reorder soon","6.4","1.10","19408","6079","16.8","719","570","4293342","5511","394316","506","10.75","779","729","742","193","29.1","44.9","-1.1","26.5","At Risk",7
6,"a","a","310","Low risk","Forecastable","Every 3 days","Medium","5545","1107","15.66","43.5","13.8","5645","19799","3164","80794","38815","20.0","OK       - Stock sufficient","8.2","0.85","19408","4711","10.2","719","239","4297758","5510","495483","635","8.63","780","730","738","377","29.0","45.1","-16.3","28.6","At Risk",8
782,"c","c","5390","Low risk","Forecastable","Every 3 days","Medium","5543","502","16.77","41.0","14.1","4091","18064","1435","79037","38801","9.1","MONITOR  - Reorder soon","6.4","1.10","19401","6100","14.0","720","314","4275775","5489","399793","513","10.61","779","735","746","205","28.4","44.9","10.3","23.9","Core",8
152,"a","a","1780","Medium risk","Hard to forecast","Every 3 days","Medium","5541","1153","22.30","26.7","24.6","6826","19918","3295","80869","38787","20.8","MONITOR  - Reorder soon","6.6","1.06","19394","5867","14.4","721","649","4317171","5542","484073","621","8.73","779","717","728","367","30.3","44.9","2.6","33.6","At Risk",5
14,"a","a","1300","Low risk","Forecastable","Every 3 days","Medium","5540","1040","14.80","39.9","10.5","5315","19592","2972","80532","38780","18.8","OK       - Stock sufficient","7.2","0.98","19390","5418","9.6","722","183","4291174","5509","491913","631","8.65","779","731","743","375","28.8","44.9","1.8","26.9","At Risk",7
398,"c","c","1540","Low risk","Hard to forecast","Every 3 days","Medium","5537","517","20.94","30.8","25.1","4791","18089","1478","78996","38759","9.3","MONITOR  - Reorder soon","6.0","1.17","19380","6461","19.8","723","586","4309274","5497","481859","615","8.83","784","733","730","361","28.6","45.0","7.9","27.2","At Risk",7
735,"d","c","1920","Medium risk","Hard to forecast","Every 3 days","Medium","5536","1115","24.89","26.4","28.9","7124","19795","3187","80691","38752","20.1","MONITOR  - Reorder soon","6.2","1.12","19376","6209","16.3","724","727","4304462","5519","424583","544","9.89","780","726","735","268","29.4","45.0","6.3","37.5","At Risk",7
919,"a","a","2620","Low risk","Hard to forecast","Every 3 days","Medium","5536","1096","17.73","32.5","16.1","5937","19740","3132","80636","38752","19.8","MONITOR  - Reorder soon","5.8","1.20","19376","6628","17.8","724","377","3438093","5536","420199","677","8.08","621","722","973","427","29.8","44.1","1.8","29.8","At Risk",5
23,"d","a","4060","Low risk","Hard to forecast","Every 3 days","Medium","5535","680","21.61","28.1","24.1","5362","18548","1943","79433","38745","12.3","MONITOR  - Reorder soon","6.4","1.10","19373","6068","16.0","725","620","4300299","5520","375818","482","11.28","779","725","737","153","29.5","44.9","1.8","29.1","At Risk",6
719,"c","c","8190","Low risk","Hard to forecast","Every 3 days","Medium","5528","455","17.97","37.5","17.8","4139","17884","1300","78692","38696","8.2","MONITOR  - Reorder soon","5.9","1.19","19348","6556","13.8","726","393","3348602","5384","284100","457","11.75","622","754","989","119","26.7","44.1","-5.0","23.0","Core",7
920,"a","a","850","Low risk","Forecastable","Every 3 days","Medium","5525","354","15.00","37.5","9.9","3380","17587","1012","78362","38675","6.4","WATCH    - Demand surging","5.2","1.34","51825","7411","18.0","727","200","3585330","5764","361808","582","9.85","622","684","936","271","33.8","44.1","23.0","20.9","Core",7
141,"c","c","1540","Low risk","Hard to forecast","Every 3 days","Medium","5521","688","19.01","32.5","19.5","4966","18529","1966","79260","38647","12.5","MONITOR  - Reorder soon","5.8","1.20","19324","6644","20.1","728","470","4305156","5541","475445","612","8.95","777","718","734","351","30.2","44.8","1.6","26.4","At Risk",6
1104,"d","a","260","Low risk","Hard to forecast","Every 3 days","Medium","5518","478","18.47","34.9","20.7","4279","17920","1366","78618","38626","8.7","MONITOR  - Reorder soon","6.3","1.11","19313","6127","12.6","729","430","3397012","5461","268215","431","12.56","622","740","980","69","27.9","44.1","-0.6","23.4","Core",6
59,"a","c","2840","Medium risk","Hard to forecast","Every 3 days","Medium","5514","1443","17.16","35.5","15.9","6828","20666","4124","81320","38598","26.2","MONITOR  - Reorder soon","6.9","1.02","19299","5625","9.9","730","340","4302026","5501","441060","564","9.62","782","732","736","291","28.7","45.1","1.4","34.8","At Risk",7
341,"a","a","190","Low risk","Forecastable","Every 3 days","Medium","5503","532","17.52","34.5","14.6","4276","18029","1520","78562","38521","9.7","MONITOR  - Reorder soon","6.7","1.05","19261","5762","13.2","731","365","4293485","5512","584355","750","7.28","779","728","741","498","29.3","44.9","6.1","23.6","Core",8
564,"d","c","6540","Low risk","Forecastable","Every 3 days","Medium","5502","491","14.75","45.0","10.2","3723","17909","1403","78431","38514","8.9","MONITOR  - Reorder soon","6.4","1.09","19257","5990","11.0","732","179","4306402","5528","380646","489","11.25","779","723","733","156","29.7","44.9","10.0","21.7","Core",9
28,"a","a","1200","Medium risk","Hard to forecast","Every 3 days","Medium","5499","1403","23.79","29.8","26.9","7748","20507","4010","80996","38493","25.5","OK       - Stock sufficient","7.0","0.99","19247","5469","18.9","733","702","4080950","5314","448196","584","8.93","768","774","801","353","24.8","45.1","-7.2","40.1","At Risk",6
774,"a","c","640","Low risk","Highly forecastable","Every 3 days","Medium","5499","724","11.61","52.6","3.5","3894","18566","2069","79055","38493","13.2","OK       - Stock sufficient","7.3","0.96","19247","5297","11.4","733","43","4307095","5494","559318","713","7.67","784","734","732","464","28.5","45.0","1.8","20.4","Core",9
540,"d","c","810","Low risk","Hard to forecast","Every 3 days","Medium","5489","922","19.57","28.9","19.7","5705","19102","2635","79481","38423","16.8","WARNING  - Order within 24hrs","4.5","1.57","38423","8619","22.6","734","506","3513672","5649","243396","391","14.20","622","705","958","12","31.5","44.1","37.3","32.4","At Risk",4
21,"c","c","550","Low risk","Hard to forecast","Every 3 days","Medium","5484","605","27.64","24.5","36.0","6061","18181","1729","78505","38388","11.0","WATCH    - Demand surging","5.2","1.34","51440","7341","27.0","735","750","4259763","5482","401213","516","10.41","777","737","747","223","28.2","44.8","6.9","32.7","At Risk",5
1100,"a","a","540","Medium risk","Hard to forecast","Every 3 days","Medium","5480","1113","25.35","24.6","30.2","7151","19621","3181","79901","38360","20.3","MONITOR  - Reorder soon","6.9","1.01","19180","5547","17.3","736","735","4167374","5419","514500","669","7.93","769","748","769","441","27.2","45.0","-6.4","37.3","At Risk",7
409,"d","c","840","Low risk","Hard to forecast","Every 3 days","Medium","5466","393","17.29","35.6","15.5","3824","17521","1123","77647","38262","7.2","WATCH    - Demand surging","5.3","1.32","50506","7193","22.3","737","349","4316867","5527","424611","544","10.08","781","724","729","253","29.6","44.8","11.5","22.6","Core",8
885,"a","a","480","Low risk","Forecastable","Every 3 days","Medium","5462","695","17.13","41.6","14.3","4660","18372","1986","78454","38234","12.7","MONITOR  - Reorder soon","6.6","1.07","19117","5825","12.8","738","338","4235932","5459","565894","729","7.41","776","741","754","485","27.8","44.8","31.4","25.2","Core",6
79,"a","a","3320","Low risk","Hard to forecast","Every 3 days","Medium","5459","831","18.90","30.8","18.7","5324","18752","2375","78801","38213","15.2","MONITOR  - Reorder soon","5.7","1.22","19107","6678","16.4","739","460","4253485","5474","435499","560","9.64","777","739","749","289","28.0","44.8","5.6","28.3","At Risk",6
501,"a","c","1620","Low risk","Hard to forecast","Every 3 days","Medium","5456","731","17.31","40.5","15.8","4788","18457","2089","78473","38192","13.4","MONITOR  - Reorder soon","6.8","1.03","19096","5605","41.8","740","351","3345228","5378","365618","588","9.08","622","757","991","339","26.4","44.1","-8.9","26.3","Core",6
1096,"a","c","1130","Low risk","Hard to forecast","Every 3 days","Medium","5455","746","18.77","33.6","19.5","5058","18497","2132","78502","38185","13.7","MONITOR  - Reorder soon","5.9","1.19","19093","6465","17.2","741","451","4250632","5457","493156","633","8.49","779","742","750","389","27.7","44.9","19.7","28.7","At Risk",6
800,"d","a","2020","Low risk","Hard to forecast","Every 3 days","Medium","5448","473","20.18","35.8","22.0","4494","17696","1352","77624","38136","8.7","OK       - Stock sufficient","7.2","0.98","19068","5313","14.3","742","549","4157860","5337","388966","499","10.59","779","766","777","207","25.5","44.9","-16.8","25.7","Core",8
204,"a","a","5630","Low risk","Highly forecastable","Every 3 days","Medium","5446","606","11.52","51.2","4.1","3525","18070","1732","77976","38122","11.1","MONITOR  - Reorder soon","6.0","1.17","19061","6372","10.1","743","42","3412446","5486","326039","524","10.44","622","736","977","220","28.3","44.1","5.8","19.0","Core",7
839,"c","a","240","Medium risk","Hard to forecast","Every 3 days","Medium","5445","1092","23.36","30.6","23.0","6756","19456","3121","79351","38115","20.1","OK       - Stock sufficient","9.1","0.77","19058","4186","41.2","744","689","4019692","5127","507297","647","7.82","784","818","817","450","20.2","45.0","-11.4","32.4","At Risk",6
334,"d","c","4040","Low risk","Forecastable","Every 3 days","Medium","5442","464","16.08","37.0","13.5","3827","17652","1326","77514","38094","8.5","OK       - Stock sufficient","7.0","0.99","19047","5413","10.5","745","265","4228712","5428","437907","562","9.59","779","746","757","294","27.4","44.9","0.0","22.0","Core",9
399,"a","a","5360","Low risk","Forecastable","Every 3 days","Medium","5439","502","15.79","38.2","10.7","3889","17752","1435","77581","38073","9.2","MONITOR  - Reorder soon","5.6","1.24","19037","6753","20.1","746","246","3457604","5559","351419","565","9.75","622","715","967","278","30.4","44.1","11.6","22.5","Core",7
884,"d","c","7550","Low risk","Hard to forecast","Every 3 days","Medium","5429","616","17.49","34.7","15.5","4474","18047","1760","77766","38003","11.3","WATCH    - Demand surging","5.2","1.34","50924","7251","19.6","747","362","3443958","5537","329703","530","10.33","622","721","972","230","29.9","44.1","17.7","26.5","At Risk",5
8,"a","a","7520","Medium risk","Hard to forecast","Every 3 days","Medium","5428","1322","18.75","29.5","16.0","6687","20062","3778","79770","37996","24.4","MONITOR  - Reorder soon","5.6","1.25","18998","6800","15.6","748","449","4342857","5539","516027","658","8.29","784","719","721","407","30.1","45.0","19.6","34.2","At Risk",6
451,"a","a","2460","Low risk","Forecastable","Every 3 days","Medium","5422","442","14.94","43.0","10.3","3578","17529","1263","77171","37954","8.2","MONITOR  - Reorder soon","6.0","1.16","18977","6291","12.3","749","195","4248112","5439","358216","459","11.78","781","745","751","117","27.5","44.8","4.7","20.9","Core",8
1029,"a","a","1590","Medium risk","Forecastable","Every 3 days","Medium","5421","1699","14.23","41.9","6.9","7060","21119","4856","80750","37947","31.3","OK       - Stock sufficient","7.3","0.96","18974","5185","11.3","750","142","4224868","5416","591023","758","7.16","780","749","758","510","27.1","45.0","2.8","36.6","At Risk",6
365,"c","a","2410","Low risk","Hard to forecast","Every 3 days","Medium","5408","387","20.54","29.3","24.4","4281","17330","1106","76818","37856","7.2","MONITOR  - Reorder soon","5.5","1.28","18928","6931","25.9","751","567","3378609","5441","364655","587","9.16","621","744","983","332","27.6","44.1","4.7","25.2","Core",6
433,"a","c","30030","Medium risk","Forecastable","Every 3 days","Medium","5402","1471","19.45","38.4","12.7","7207","20410","4204","79832","37814","27.2","MONITOR  - Reorder soon","6.0","1.16","18907","6280","13.6","752","499","4621066","5361","530762","616","8.54","862","760","653","384","26.1","41.0","1.9","34.6","At Risk",4
193,"a","a","520","Low risk","Hard to forecast","Every 3 days","Medium","5396","806","23.84","27.7","25.7","5980","18491","2303","77847","37772","14.9","MONITOR  - Reorder soon","6.1","1.16","18886","6235","17.8","753","706","4166302","5362","607349","782","6.74","777","759","772","536","26.2","44.8","-1.0","32.0","At Risk",5
575,"a","a","960","Medium risk","Hard to forecast","Every 3 days","Medium","5394","1511","29.27","17.2","35.3","8830","20500","4318","79834","37758","28.0","MONITOR  - Reorder soon","5.7","1.22","18879","6597","25.0","754","754","3343994","5368","307112","493","10.56","623","758","992","210","26.3","44.1","4.9","46.1","At Risk",4
631,"d","c","2870","Low risk","Forecastable","Every 3 days","Medium","5386","589","14.76","42.6","11.4","3955","17841","1683","77087","37702","10.9","MONITOR  - Reorder soon","6.7","1.05","18851","5634","12.7","755","180","4233841","5400","500538","638","8.38","784","752","756","399","26.8","45.0","11.5","22.7","Promo Driven",10
114,"c","a","4510","Low risk","Hard to forecast","Every 3 days","Medium","5380","429","17.83","35.1","16.0","3967","17366","1226","76546","37660","8.0","MONITOR  - Reorder soon","6.5","1.07","18830","5777","12.0","756","383","4191703","5347","476770","608","8.72","784","765","763","368","25.6","45.2","1.7","23.5","Promo Driven",9
1016,"c","c","550","Low risk","Hard to forecast","Every 3 days","Medium","5377","942","26.79","20.3","29.8","6809","18823","2692","77970","37639","17.5","MONITOR  - Reorder soon","6.2","1.14","18820","6107","19.7","757","745","4213934","5409","389650","500","10.57","779","751","759","209","26.9","44.9","7.4","35.5","At Risk",5
46,"c","a","1200","Low risk","Hard to forecast","Every 3 days","Medium","5377","573","23.74","25.2","28.3","5286","17769","1638","76916","37639","10.7","MONITOR  - Reorder soon","5.5","1.28","18820","6893","20.3","757","698","3329125","5352","410832","661","7.97","622","762","996","438","25.9","44.1","3.8","29.5","At Risk",5
581,"a","a","7250","Medium risk","Hard to forecast","Every 3 days","Medium","5374","1418","23.59","25.2","25.0","7675","20174","4052","79288","37618","26.4","MONITOR  - Reorder soon","6.4","1.09","18809","5868","18.8","758","694","4154967","5334","457777","588","8.87","779","769","778","358","25.2","44.9","-1.3","38.5","At Risk",5
916,"a","a","90","Low risk","Forecastable","Every 3 days","Medium","5373","429","15.42","39.4","10.8","3594","17345","1226","76448","37611","8.0","MONITOR  - Reorder soon","6.2","1.14","18806","6108","18.3","759","224","4176608","5382","546736","705","7.59","776","755","767","470","26.6","44.8","4.9","20.7","Core",8
30,"a","a","40","Low risk","Hard to forecast","Every 3 days","Medium","5371","711","22.60","32.6","21.0","5501","18145","2032","77226","37597","13.2","OK       - Stock sufficient","8.9","0.79","18799","4229","22.3","760","660","4114046","5295","603828","777","6.75","777","779","784","535","24.3","44.8","-19.1","29.1","At Risk",5
429,"d","c","16350","Low risk","Hard to forecast","Every 3 days","Medium","5360","483","18.36","36.2","19.6","4193","17460","1380","76420","37520","9.0","MONITOR  - Reorder soon","6.2","1.13","18760","6056","12.7","761","422","3309752","5321","267103","429","12.28","622","772","1002","85","25.0","44.1","-0.7","25.0","Core",5
949,"a","a","870","Medium risk","Hard to forecast","Every 3 days","Medium","5357","1178","21.84","25.7","22.7","6710","19438","3367","78365","37499","22.0","MONITOR  - Reorder soon","6.4","1.09","18750","5857","18.2","762","630","4194405","5350","389579","497","10.51","784","763","762","213","25.9","45.0","1.3","34.4","At Risk",6
512,"b","b","590","Low risk","Highly forecastable","Every 3 days","Medium","5354","644","9.47","62.0","2.3","3289","17902","1840","76796","37478","12.0","MONITOR  - Reorder soon","5.6","1.26","18739","6732","11.1","763","14","4105679","5511","959539","1288","4.27","745","729","790","578","29.1","37.7","22.7","20.9","Core",7
1001,"c","a","19640","Medium risk","Hard to forecast","Every 3 days","Medium","5349","1077","20.54","27.9","19.1","6218","19125","3078","77964","37443","20.1","MONITOR  - Reorder soon","5.8","1.21","18722","6468","19.5","764","567","4239004","5421","485624","621","8.58","782","747","753","381","27.3","45.1","9.4","33.4","At Risk",7
305,"c","c","2470","Low risk","Hard to forecast","Every 3 days","Medium","5346","893","19.29","32.6","21.5","5499","18590","2552","77396","37422","16.7","MONITOR  - Reorder soon","5.6","1.25","18711","6660","12.0","765","488","4176274","5347","396325","507","10.37","781","765","768","226","25.6","44.8","31.7","31.2","At Risk",5
749,"a","a","3410","Medium risk","Hard to forecast","Every 3 days","Medium","5344","1477","21.02","28.8","21.4","7431","20253","4221","79037","37408","27.6","OK       - Stock sufficient","7.4","0.95","18704","5056","16.4","766","592","4042901","5190","495780","636","8.02","779","801","808","433","22.1","44.9","-10.5","37.7","At Risk",4
953,"a","a","19830","Medium risk","Hard to forecast","Every 3 days","Medium","5343","1383","18.48","34.2","17.4","6774","19981","3952","78754","37401","25.9","MONITOR  - Reorder soon","6.5","1.08","18701","5785","15.9","767","431","4162942","5323","424309","543","9.70","782","771","774","283","25.0","45.1","4.7","35.5","At Risk",7
45,"d","a","9710","Low risk","Hard to forecast","Every 3 days","Medium","5343","436","19.71","32.8","21.3","4256","17275","1246","76048","37401","8.2","MONITOR  - Reorder soon","6.3","1.11","18701","5913","10.7","767","517","4166458","5348","323582","415","12.77","779","764","771","58","25.8","44.9","1.0","24.7","Core",8
1008,"a","c","30","Low risk","Hard to forecast","Every 3 days","Medium","5335","549","19.78","29.1","22.6","4585","17574","1569","76259","37345","10.3","MONITOR  - Reorder soon","5.9","1.19","18673","6354","16.1","768","523","4179585","5331","561855","717","7.34","784","770","766","492","25.1","45.0","7.4","26.0","Core",8
1111,"a","a","1900","Medium risk","Hard to forecast","Every 3 days","Medium","5331","1090","18.91","34.1","17.1","5996","19108","3115","77749","37317","20.4","OK       - Stock sufficient","7.2","0.98","18659","5218","18.0","769","461","4091076","5252","351883","452","11.55","779","790","795","133","23.2","44.9","-10.9","31.8","At Risk",4
695,"a","a","550","Medium risk","Hard to forecast","Every 3 days","Medium","5330","1352","23.82","23.9","25.5","7492","19854","3864","78484","37310","25.4","MONITOR  - Reorder soon","5.9","1.18","18655","6307","25.1","770","705","4201243","5393","400312","514","10.27","779","753","760","236","26.8","44.9","6.3","39.7","At Risk",5
182,"d","c","1390","Low risk","Hard to forecast","Every 3 days","Medium","5326","518","19.25","31.6","19.0","4410","17458","1480","76044","37282","9.7","MONITOR  - Reorder soon","5.8","1.20","18641","6377","12.8","771","485","4142935","5305","326297","418","12.56","781","778","781","69","24.4","44.8","14.4","26.1","Core",6
257,"a","a","420","Medium risk","Forecastable","Every 3 days","Medium","5326","1116","14.17","44.0","8.1","5346","19167","3189","77753","37282","21.0","OK       - Stock sufficient","7.2","0.98","18641","5195","12.5","771","137","4183099","5336","495496","632","8.42","784","767","764","395","25.4","45.0","-7.3","27.4","At Risk",7
317,"d","a","3140","Low risk","Forecastable","Every 3 days","Medium","5325","582","14.96","40.0","13.0","3940","17638","1663","76213","37275","10.9","MONITOR  - Reorder soon","5.8","1.21","18638","6434","19.0","772","197","3346040","5379","360336","579","9.23","622","756","990","325","26.5","44.1","4.6","22.0","Core",7
284,"d","a","1290","Low risk","Hard to forecast","Every 3 days","Medium","5317","500","21.64","26.5","25.0","4717","17380","1429","75867","37219","9.4","MONITOR  - Reorder soon","5.6","1.25","18610","6625","20.8","773","621","3367042","5413","279858","450","11.89","622","750","984","110","27.0","44.1","7.3","26.3","Core",6
41,"d","c","1180","Low risk","Forecastable","Every 3 days","Medium","5313","655","16.23","39.5","13.0","4336","17811","1872","76254","37191","12.3","MONITOR  - Reorder soon","5.9","1.19","18596","6296","4.9","774","275","3318407","5335","247531","398","13.30","622","768","999","36","25.3","44.1","19.4","25.8","Core",6
519,"c","c","2510","Low risk","Hard to forecast","Every 3 days","Medium","5312","559","19.69","34.8","22.2","4587","17534","1598","75966","37184","10.5","MONITOR  - Reorder soon","5.8","1.21","18592","6440","20.9","775","516","4160155","5306","438316","559","9.39","784","777","776","311","24.5","45.0","5.5","27.9","At Risk",7
567,"c","a","1010","Low risk","Hard to forecast","Every 3 days","Medium","5312","990","20.02","32.0","22.6","5869","18765","2829","77197","37184","18.6","MONITOR  - Reorder soon","6.6","1.06","18592","5630","19.8","775","539","4083132","5242","523036","671","7.69","779","795","799","462","22.7","44.9","-0.5","30.7","At Risk",4
249,"d","c","18010","Low risk","Forecastable","Every 3 days","Medium","5310","533","15.42","42.6","14.2","3863","17453","1523","75863","37170","10.0","MONITOR  - Reorder soon","6.4","1.09","18585","5766","8.5","776","224","4144086","5286","421584","538","9.75","784","780","780","278","24.2","45.0","7.2","24.1","Promo Driven",8
899,"d","a","2590","Medium risk","Hard to forecast","Every 3 days","Medium","5309","1599","20.59","31.6","21.4","7694","20497","4570","78896","37163","30.1","MONITOR  - Reorder soon","6.7","1.05","18582","5563","10.8","777","571","4109286","5268","438759","563","9.19","780","786","787","329","23.7","45.1","0.4","40.5","At Risk",6
1098,"a","a","1830","Medium risk","Forecastable","Every 3 days","Medium","5306","1298","14.93","43.5","10.1","5974","19628","3710","77994","37142","24.5","MONITOR  - Reorder soon","6.9","1.01","18571","5357","10.7","778","194","4102408","5259","553080","709","7.34","780","788","791","492","23.5","45.1","2.2","31.8","At Risk",6
447,"a","c","1510","Low risk","Highly forecastable","Every 3 days","Medium","5300","454","11.48","51.8","3.0","3036","17197","1297","75497","37100","8.6","OK       - Stock sufficient","7.4","0.95","18550","5039","8.7","779","40","4161176","5308","485603","619","8.53","784","776","775","385","24.6","45.0","3.6","17.5","Promo Driven",9
176,"a","a","3770","Medium risk","Hard to forecast","Every 3 days","Medium","5298","1212","18.89","34.9","17.4","6324","19358","3464","77636","37086","22.9","OK       - Stock sufficient","7.1","0.98","18543","5198","18.7","780","459","4111700","5278","492327","632","8.21","779","782","785","415","24.1","44.9","0.2","33.8","At Risk",4
923,"a","a","280","Low risk","Highly forecastable","Every 3 days","Medium","5290","283","9.93","58.2","1.2","2310","16679","809","74869","37030","5.3","OK       - Stock sufficient","7.0","1.00","18515","5276","6.4","781","21","4167230","5315","501835","640","8.32","784","773","770","405","24.9","45.0","2.9","13.9","Promo Driven",9
419,"c","a","1620","Low risk","Forecastable","Every 3 days","Medium","5289","662","16.61","35.8","14.5","4403","17759","1892","75938","37023","12.5","OK       - Stock sufficient","7.0","1.01","18512","5322","19.1","782","301","4163948","5311","668016","852","6.17","784","775","773","565","24.7","45.0","2.9","24.8","Core",7
201,"d","a","20260","Low risk","Hard to forecast","Every 3 days","Medium","5285","495","18.20","38.8","16.7","4164","17270","1415","75405","36995","9.4","MONITOR  - Reorder soon","6.1","1.14","18498","6030","10.4","783","412","4089245","5249","346044","444","11.75","779","792","797","119","23.1","44.9","6.6","24.4","Core",7
53,"a","c","30360","Low risk","Forecastable","Every 3 days","Medium","5283","841","16.69","39.4","14.5","4923","18252","2403","76365","36981","15.9","MONITOR  - Reorder soon","6.3","1.12","18491","5891","21.0","784","308","4127609","5265","444300","567","9.20","784","787","782","328","23.6","45.0","5.6","28.1","At Risk",7
295,"a","a","210","Low risk","Hard to forecast","Every 3 days","Medium","5282","572","18.53","35.5","16.0","4432","17481","1635","75583","36974","10.8","WATCH    - Demand surging","5.2","1.34","49545","7098","19.2","785","436","4106780","5285","521352","671","7.80","777","781","788","452","24.1","44.8","12.9","25.0","Core",5
418,"a","a","1060","Medium risk","Hard to forecast","Every 3 days","Medium","5281","1188","21.65","29.8","23.0","6663","19238","3395","77329","36967","22.5","MONITOR  - Reorder soon","6.4","1.10","18484","5786","20.5","786","622","4094061","5276","428005","552","9.43","776","783","793","307","24.0","44.8","3.7","34.9","At Risk",4
443,"d","a","11400","Low risk","Hard to forecast","Every 3 days","Medium","5271","811","18.61","36.8","19.8","5121","18131","2318","76112","36897","15.4","MONITOR  - Reorder soon","6.2","1.12","18449","5910","12.0","787","440","4095855","5251","381307","489","10.60","780","791","792","206","23.2","45.1","5.5","28.9","At Risk",7
500,"d","c","10690","Low risk","Highly forecastable","Every 3 days","Medium","5267","628","11.63","52.5","4.6","3545","17596","1795","75533","36869","11.9","WATCH    - Demand surging","5.2","1.34","49404","7073","13.5","788","44","3330211","5354","246036","396","13.48","622","761","995","28","26.0","44.1","23.5","21.4","Core",7
555,"d","a","1560","Low risk","Hard to forecast","Every 3 days","Medium","5250","487","20.28","30.2","22.3","4435","17142","1392","74892","36750","9.3","MONITOR  - Reorder soon","6.6","1.06","18375","5544","14.3","789","553","3223315","5174","298433","479","10.70","623","806","1017","198","21.6","44.0","-9.1","26.0","Core",5
131,"c","a","920","Low risk","Hard to forecast","Every 3 days","Medium","5249","505","18.78","34.4","17.6","4260","17190","1443","74929","36743","9.6","OK       - Stock sufficient","8.1","0.86","18372","4536","12.0","790","452","4109540","5275","435381","559","9.36","779","784","786","313","23.9","44.9","-10.9","24.6","Core",7
728,"d","a","13990","Low risk","Forecastable","Every 3 days","Medium","5245","467","14.67","45.6","12.1","3534","17070","1335","74765","36715","8.9","MONITOR  - Reorder soon","5.9","1.18","18358","6180","15.4","791","172","4075915","5246","355913","458","11.38","777","793","804","146","23.0","44.8","5.5","21.4","Core",6
244,"d","a","710","Low risk","Hard to forecast","Every 3 days","Medium","5242","614","25.18","22.7","30.2","5527","17481","1755","75143","36694","11.7","MONITOR  - Reorder soon","6.2","1.14","18347","5962","23.0","792","731","4106186","5271","420927","540","9.57","779","785","789","296","23.8","44.9","8.1","32.3","At Risk",4
989,"a","a","1640","Low risk","Forecastable","Every 3 days","Medium","5241","887","14.96","40.1","9.9","4776","18258","2535","75909","36687","16.9","MONITOR  - Reorder soon","6.1","1.14","18344","5995","13.8","793","197","3260812","5242","356745","574","9.08","622","795","1011","339","22.7","44.1","3.5","26.0","Core",5
918,"a","c","18710","Medium risk","Hard to forecast","Every 3 days","Medium","5233","1134","16.72","39.0","16.4","5741","18940","3241","76503","36631","21.7","MONITOR  - Reorder soon","6.5","1.07","18316","5600","9.3","794","310","4046072","5187","431296","553","9.28","780","803","807","321","21.9","45.1","5.1","31.4","At Risk",6
680,"c","a","170","Low risk","Forecastable","Every 3 days","Medium","5233","612","15.84","42.5","13.2","4118","17448","1749","75011","36631","11.7","MONITOR  - Reorder soon","6.0","1.16","18316","6085","21.7","794","249","4080960","5205","620159","791","6.53","784","798","800","548","22.4","45.0","3.1","25.4","Core",7
127,"d","a","1350","Low risk","Hard to forecast","Every 3 days","Medium","5232","502","23.30","24.8","29.1","4919","17131","1435","74683","36624","9.6","MONITOR  - Reorder soon","5.5","1.27","18312","6622","26.2","795","685","3263370","5238","411023","660","7.82","623","796","1009","450","22.6","44.1","4.8","28.9","At Risk",4
752,"a","a","970","Medium risk","Hard to forecast","Every 3 days","Medium","5229","1110","24.28","25.5","28.2","6801","18859","3172","76378","36603","21.2","MONITOR  - Reorder soon","6.1","1.14","18302","5961","27.1","796","716","4091043","5252","357872","459","11.23","779","790","796","158","23.2","44.9","0.5","36.3","At Risk",4
521,"d","a","18610","Low risk","Hard to forecast","Every 3 days","Medium","5226","436","19.82","35.9","21.8","4206","16924","1246","74410","36582","8.3","MONITOR  - Reorder soon","6.1","1.16","18291","6040","12.9","797","527","4036010","5181","332238","426","12.05","779","804","811","97","21.8","44.9","3.6","25.3","Core",7
367,"d","c","2640","Low risk","Hard to forecast","Every 3 days","Medium","5225","597","22.52","28.8","26.5","5069","17381","1706","74856","36575","11.4","MONITOR  - Reorder soon","6.3","1.12","18288","5831","18.0","798","657","4119323","5254","425547","543","9.53","784","789","783","300","23.4","45.0","6.2","28.7","At Risk",7
828,"d","c","3290","Medium risk","Hard to forecast","Every 3 days","Medium","5223","1122","17.91","38.3","17.2","5880","18876","3207","76329","36561","21.5","MONITOR  - Reorder soon","6.2","1.12","18281","5866","17.1","799","389","4055958","5200","457911","587","8.73","780","799","806","367","22.3","45.0","4.8","32.5","At Risk",6
196,"c","a","3850","Low risk","Forecastable","Every 3 days","Medium","5219","866","15.85","41.4","12.9","4839","18132","2475","75541","36533","16.6","MONITOR  - Reorder soon","6.6","1.06","18267","5537","11.9","800","250","4079175","5216","544939","697","7.39","782","797","803","487","22.5","45.1","3.1","27.2","At Risk",7
225,"d","a","10180","Low risk","Hard to forecast","Every 3 days","Medium","5218","773","18.94","37.1","18.8","5034","17863","2209","75261","36526","14.8","MONITOR  - Reorder soon","5.5","1.28","18263","6682","20.5","801","464","4064054","5197","435047","556","9.25","782","800","805","323","22.2","45.1","5.4","28.3","At Risk",7
314,"a","a","3560","Low risk","Hard to forecast","Every 3 days","Medium","5188","910","17.65","37.1","15.0","5218","18165","2601","75233","36316","17.5","MONITOR  - Reorder soon","6.5","1.07","18158","5551","17.6","802","372","4002280","5138","445010","571","8.90","779","815","824","355","20.5","44.9","1.2","28.4","At Risk",5
472,"c","c","5030","Low risk","Forecastable","Every 3 days","Medium","5185","433","14.18","43.4","9.5","3339","16792","1237","73827","36295","8.4","MONITOR  - Reorder soon","6.5","1.07","18148","5545","14.6","803","138","4080447","5205","543274","693","7.46","784","798","802","480","22.4","45.0","1.9","20.9","Core",8
96,"a","a","8780","Medium risk","Hard to forecast","Every 3 days","Medium","5185","1644","23.00","26.1","24.7","8107","20253","4698","77288","36295","31.7","MONITOR  - Reorder soon","5.9","1.20","18148","6199","17.1","803","672","4037973","5177","423364","543","9.36","780","805","809","313","21.7","45.1","7.3","43.6","At Risk",6
452,"a","c","1850","Low risk","Hard to forecast","Every 3 days","Medium","5183","996","21.66","30.3","25.1","6055","18395","2846","75408","36281","19.2","MONITOR  - Reorder soon","6.4","1.10","18141","5676","22.8","804","623","4037476","5150","375007","478","10.63","784","812","810","203","20.8","45.0","-7.4","33.0","At Risk",6
1074,"c","c","3330","Low risk","Hard to forecast","Every 3 days","Medium","5178","595","21.03","30.2","22.5","4812","17234","1700","74192","36246","11.5","MONITOR  - Reorder soon","5.9","1.19","18123","6170","18.9","805","593","4014070","5146","433374","556","9.15","780","814","819","333","20.6","45.1","7.5","28.3","At Risk",7
736,"c","c","1650","Low risk","Hard to forecast","Every 3 days","Medium","5175","416","18.59","32.9","19.2","3938","16714","1189","73639","36225","8.0","MONITOR  - Reorder soon","6.4","1.09","18113","5617","25.2","806","439","3261815","5244","316774","509","10.19","622","794","1010","242","22.9","44.1","5.6","24.5","Core",5
285,"a","a","2410","Low risk","Forecastable","Every 3 days","Medium","5167","633","14.69","41.7","9.0","3978","17310","1809","74147","36169","12.3","MONITOR  - Reorder soon","6.0","1.16","18085","5986","11.5","807","174","4025996","5155","367256","470","10.88","781","810","814","184","21.0","44.8","13.2","22.2","Core",7
481,"c","c","7470","Low risk","Hard to forecast","Every 3 days","Medium","5157","740","21.29","31.0","23.1","5253","17586","2115","74313","36099","14.3","MONITOR  - Reorder soon","5.4","1.30","18050","6717","13.6","808","610","4026351","5155","372314","477","10.65","781","810","813","202","21.0","44.8","25.1","30.8","At Risk",4
835,"a","a","2890","Low risk","Hard to forecast","Every 3 days","Medium","5154","753","19.02","32.4","18.7","4954","17614","2152","74308","36078","14.6","MONITOR  - Reorder soon","6.2","1.12","18039","5777","15.8","809","471","3979293","5188","505659","659","7.76","767","802","830","455","22.0","45.0","11.5","29.9","At Risk",6
997,"d","c","5840","Low risk","Hard to forecast","Every 3 days","Medium","5154","628","23.82","27.5","29.6","5303","17257","1795","73951","36078","12.2","MONITOR  - Reorder soon","6.0","1.16","18039","5975","20.6","809","705","4028334","5158","322024","412","12.31","781","808","812","83","21.5","44.8","-3.3","30.7","At Risk",4
495,"d","a","5470","Low risk","Hard to forecast","Every 3 days","Medium","5136","584","22.54","26.1","26.1","4977","17077","1669","73573","35952","11.4","MONITOR  - Reorder soon","5.5","1.28","17976","6567","22.5","810","658","4005216","5155","306840","395","12.85","777","810","823","57","21.0","44.8","8.1","29.1","At Risk",5
339,"a","c","2280","Low risk","Forecastable","Every 3 days","Medium","5134","509","14.29","43.4","7.8","3551","16857","1455","73331","35938","9.9","MONITOR  - Reorder soon","6.1","1.15","17969","5923","15.8","811","147","3881031","5147","513596","681","7.49","754","813","857","478","20.7","45.1","10.0","23.5","Promo Driven",8
1083,"d","c","11540","Low risk","Forecastable","Every 3 days","Medium","5130","584","15.13","40.7","10.2","3887","17059","1669","73489","35910","11.4","MONITOR  - Reorder soon","5.6","1.25","17955","6389","13.1","812","207","4019314","5146","281668","361","14.16","781","814","818","13","20.6","44.8","22.0","24.0","Core",6
438,"d","c","1110","Low risk","Hard to forecast","Every 3 days","Medium","5129","867","21.79","28.7","23.0","5672","17865","2478","74284","35903","16.9","MONITOR  - Reorder soon","5.9","1.20","17952","6134","17.5","813","628","4019904","5154","408975","524","9.63","780","811","816","290","20.9","45.1","16.0","33.5","At Risk",6
130,"c","a","900","Low risk","Highly forecastable","Every 3 days","Medium","5129","480","12.11","50.7","4.8","3147","16759","1372","73178","35903","9.4","MONITOR  - Reorder soon","6.8","1.03","17952","5283","5.7","813","56","3999550","5121","448095","574","8.89","781","819","825","356","20.1","44.8","4.0","18.8","Core",7
816,"c","c","460","Low risk","Hard to forecast","Every 3 days","Medium","5127","650","17.41","36.1","15.6","4409","17239","1858","73636","35889","12.7","OK       - Stock sufficient","7.8","0.90","17945","4590","16.6","814","356","3998667","5133","578506","743","6.85","779","816","826","531","20.4","44.9","-4.9","25.9","Core",7
65,"a","c","13840","Medium risk","Hard to forecast","Every 3 days","Medium","5125","1101","19.73","34.5","22.8","6036","18522","3147","74897","35875","21.5","MONITOR  - Reorder soon","6.2","1.13","17938","5793","15.3","815","519","3988058","5113","355602","456","11.07","780","820","828","170","20.0","45.0","4.0","34.4","At Risk",5
440,"d","a","3900","Low risk","Forecastable","Every 3 days","Medium","5116","786","15.96","38.3","11.9","4580","17594","2246","73870","35812","15.4","MONITOR  - Reorder soon","5.9","1.19","17906","6083","17.9","816","259","4006273","5156","457624","589","8.67","777","809","821","373","21.3","44.8","7.6","26.1","Core",6
597,"a","a","150","Low risk","Forecastable","Every 3 days","Medium","5110","420","15.89","39.2","9.3","3521","16530","1200","72740","35770","8.2","MONITOR  - Reorder soon","6.0","1.17","17885","5989","16.2","817","253","3957495","5080","566742","728","6.94","779","823","835","527","19.7","44.9","6.9","21.5","Core",8
170,"a","a","1070","Low risk","Hard to forecast","Every 3 days","Medium","5104","554","20.57","34.4","21.8","4584","16895","1583","73039","35728","10.9","OK       - Stock sufficient","7.9","0.89","17864","4522","21.6","818","570","3902355","5009","423591","544","9.13","779","835","848","335","18.6","44.9","-6.1","26.5","At Risk",6
40,"a","a","180","Low risk","Hard to forecast","Every 3 days","Medium","5101","406","19.73","34.9","16.9","4037","16463","1160","72574","35707","8.0","OK       - Stock sufficient","7.4","0.95","17854","4824","16.6","819","519","3804215","4902","515125","664","7.35","776","853","877","491","16.8","44.8","-5.5","23.0","Core",7
98,"d","c","15140","Low risk","Hard to forecast","Every 3 days","Medium","5101","531","17.76","35.0","16.5","4107","16821","1518","72932","35707","10.4","MONITOR  - Reorder soon","6.0","1.16","17854","5921","11.8","819","378","3980584","5110","351785","452","11.20","779","821","829","161","19.9","44.9","15.0","25.4","Core",7
1088,"a","a","4300","Low risk","Hard to forecast","Every 3 days","Medium","5091","981","20.79","30.5","20.3","5828","18077","2804","74078","35637","19.3","MONITOR  - Reorder soon","6.7","1.04","17819","5286","16.8","820","579","3960984","5085","377930","485","10.36","779","822","834","227","19.8","44.9","6.5","31.5","At Risk",4
548,"d","c","3760","Low risk","Hard to forecast","Every 3 days","Medium","5085","604","22.50","28.9","25.6","4996","16981","1726","72916","35595","11.9","MONITOR  - Reorder soon","6.9","1.01","17798","5123","12.5","821","656","3896082","5073","307908","401","12.45","768","824","850","77","19.7","44.8","15.5","32.6","At Risk",4
875,"d","a","5070","Low risk","Hard to forecast","Every 3 days","Medium","5084","680","21.13","31.8","23.7","5013","17195","1943","73119","35588","13.4","MONITOR  - Reorder soon","6.6","1.06","17794","5401","13.3","822","600","3943035","5062","366310","470","10.61","779","827","840","205","19.4","44.9","-3.3","29.3","At Risk",5
426,"a","a","250","Low risk","Hard to forecast","Every 3 days","Medium","5070","780","21.43","28.4","17.9","5334","17439","2229","73209","35490","15.4","MONITOR  - Reorder soon","6.8","1.02","17745","5182","10.7","823","613","3948281","5068","493761","634","7.88","779","826","837","445","19.5","44.9","2.2","28.8","At Risk",5
239,"d","c","610","Low risk","Hard to forecast","Every 3 days","Medium","5066","490","21.35","29.5","25.6","4491","16598","1400","72324","35462","9.7","MONITOR  - Reorder soon","6.4","1.10","17731","5560","18.7","824","611","3950473","5071","367741","472","10.61","779","825","836","205","19.6","44.9","11.2","27.3","At Risk",6
499,"c","c","450","Low risk","Forecastable","Every 3 days","Medium","5061","516","15.69","39.4","10.9","3744","16658","1475","72329","35427","10.2","MONITOR  - Reorder soon","5.4","1.30","17714","6570","20.8","825","242","4006203","5156","573176","738","6.93","777","809","822","528","21.3","44.8","18.1","23.6","Core",6
286,"a","a","1460","Medium risk","Hard to forecast","Every 3 days","Medium","5058","1392","27.22","23.4","31.0","7913","19152","3978","74790","35406","27.5","OK       - Stock sufficient","8.6","0.82","17703","4126","35.8","826","747","3838772","4928","335325","430","11.19","779","848","869","162","17.4","44.9","-4.1","42.0","At Risk",4
99,"c","c","2030","Low risk","Hard to forecast","Every 3 days","Medium","5048","513","18.96","31.3","19.2","4201","16610","1466","72138","35336","10.2","MONITOR  - Reorder soon","5.6","1.25","17668","6326","17.7","827","466","3191184","5131","289554","466","10.88","622","817","1021","184","20.3","44.1","18.6","26.3","Core",5
646,"a","a","620","Low risk","Forecastable","Every 3 days","Medium","5036","474","13.47","44.7","4.1","3293","16463","1355","71859","35252","9.4","MONITOR  - Reorder soon","6.4","1.10","17626","5534","9.9","828","101","3126126","5026","439386","706","7.08","622","831","1027","516","19.0","44.1","3.1","19.6","Core",6
322,"a","a","17500","Medium risk","Hard to forecast","Every 3 days","Medium","5032","1499","20.66","28.9","20.2","7255","19380","4284","74732","35224","29.8","MONITOR  - Reorder soon","6.1","1.14","17612","5758","15.3","829","574","3926557","5021","428432","548","9.03","782","832","842","343","18.9","45.1","5.6","40.7","At Risk",6
218,"a","c","640","Medium risk","Forecastable","Every 3 days","Medium","5017","1164","14.71","38.7","7.2","5436","18378","3327","73565","35119","23.2","MONITOR  - Reorder soon","6.5","1.07","17560","5381","18.5","830","176","3121555","5019","433160","696","7.14","622","834","1028","512","18.8","44.1","-1.3","29.9","At Risk",4
13,"d","a","310","Low risk","Hard to forecast","Every 3 days","Medium","5014","510","27.50","22.1","35.1","5398","16500","1458","71654","35098","10.2","MONITOR  - Reorder soon","5.4","1.30","17549","6529","29.4","831","749","3126578","5035","237740","383","12.94","621","829","1026","53","19.2","44.1","4.9","32.1","At Risk",3
337,"d","c","10600","Low risk","Forecastable","Every 3 days","Medium","5012","504","14.73","45.1","11.9","3550","16476","1440","71608","35084","10.1","MONITOR  - Reorder soon","5.6","1.25","17542","6274","17.1","832","177","3943779","5050","299850","384","13.07","781","828","839","45","19.3","44.8","7.2","22.8","Core",7
590,"d","c","4520","Low risk","Forecastable","Every 3 days","Medium","5003","551","16.04","40.0","13.6","3868","16584","1575","71617","35021","11.0","MONITOR  - Reorder soon","5.8","1.21","17511","6054","13.3","833","262","3872700","4984","304273","392","12.65","777","839","858","66","18.2","44.8","7.0","24.2","Core",6
577,"a","c","2270","Low risk","Forecastable","Every 3 days","Medium","5001","638","15.51","41.6","12.7","4040","16826","1823","71837","35007","12.8","MONITOR  - Reorder soon","6.8","1.03","17504","5166","11.8","834","231","3883479","4953","457367","583","8.45","784","843","855","392","17.9","45.0","-4.7","23.9","Promo Driven",8
326,"d","a","10070","Low risk","Hard to forecast","Weekly","Standard","4999","581","16.78","38.6","15.6","4058","16657","1660","71646","34993","11.6","MONITOR  - Reorder soon","5.5","1.27","17497","6340","18.6","835","315","3901936","5009","326200","419","11.88","779","835","849","111","18.6","44.9","14.8","25.0","Core",7
750,"d","a","8670","Low risk","Hard to forecast","Weekly","Standard","4993","433","18.89","31.9","19.9","3933","16216","1237","71139","34951","8.7","MONITOR  - Reorder soon","5.9","1.19","17476","5932","17.8","836","459","3108353","4997","250543","403","12.30","622","836","1032","84","18.5","44.1","7.7","25.0","Core",5
446,"a","a","340","Medium risk","Hard to forecast","Weekly","Standard","4986","1143","20.26","33.2","19.9","6153","18225","3267","73071","34902","22.9","MONITOR  - Reorder soon","6.5","1.08","17451","5372","20.0","837","551","3842157","4932","494709","635","7.70","779","847","867","461","17.5","44.9","0.5","33.9","At Risk",4
483,"a","c","2310","Medium risk","Hard to forecast","Weekly","Standard","4985","1575","19.80","31.2","21.1","7322","19456","4501","74291","34895","31.6","MONITOR  - Reorder soon","6.8","1.03","17448","5115","19.0","838","525","3859771","4948","507014","650","7.50","780","844","863","477","17.8","45.0","4.8","40.6","At Risk",6
1004,"d","c","970","Low risk","Hard to forecast","Weekly","Standard","4985","385","22.68","22.4","27.5","4331","16055","1100","70890","34895","7.7","WATCH    - Demand surging","5.2","1.34","46759","6693","26.4","838","665","3212907","5165","281082","452","11.27","622","807","1019","154","21.5","44.1","14.2","28.3","At Risk",4
2,"a","a","570","Medium risk","Hard to forecast","Weekly","Standard","4979","1086","19.01","34.0","18.1","5809","18041","3104","72810","34853","21.8","MONITOR  - Reorder soon","6.6","1.05","17427","5242","12.5","839","470","3883858","4954","457855","584","8.41","784","842","854","396","18.0","45.2","3.2","32.5","At Risk",6
781,"a","a","630","Medium risk","Hard to forecast","Weekly","Standard","4973","1177","22.12","28.2","22.8","6507","18283","3364","72986","34811","23.7","OK       - Stock sufficient","7.0","1.00","17406","4959","14.1","840","640","3839505","4922","524908","673","7.17","780","850","868","509","17.1","45.0","2.5","36.1","At Risk",5
1109,"c","a","3490","Low risk","Hard to forecast","Weekly","Standard","4970","761","19.36","32.4","17.8","4925","17085","2175","71755","34790","15.3","MONITOR  - Reorder soon","6.1","1.14","17395","5672","12.8","841","493","3064721","4927","281354","452","10.77","622","849","1035","191","17.3","44.1","-0.2","28.3","At Risk",4
941,"a","a","1200","Low risk","Forecastable","Weekly","Standard","4966","653","16.63","36.7","13.7","4226","16764","1866","71390","34762","13.1","MONITOR  - Reorder soon","5.6","1.24","17381","6178","18.6","842","302","3129057","5031","344647","554","8.98","622","830","1025","348","19.1","44.1","9.5","25.2","Core",5
902,"a","a","310","Low risk","Highly forecastable","Weekly","Standard","4963","401","12.55","55.6","8.6","2926","16035","1146","70628","34741","8.1","OK       - Stock sufficient","8.0","0.88","17371","4345","17.2","843","67","3039385","4886","391201","629","7.74","622","855","1039","457","16.6","44.1","-7.2","19.0","Core",6
1103,"d","c","1340","Low risk","Hard to forecast","Weekly","Standard","4961","569","21.16","28.0","20.6","4626","16509","1626","71080","34727","11.5","WARNING  - Order within 24hrs","4.8","1.46","34727","7241","24.2","844","603","3920264","5020","301204","386","12.85","781","833","844","57","18.9","44.8","23.3","28.9","At Risk",5
222,"a","a","2170","Low risk","Forecastable","Weekly","Standard","4958","987","17.22","33.4","14.9","5261","17695","2821","72233","34706","19.9","MONITOR  - Reorder soon","6.9","1.01","17353","4999","14.6","845","344","3906246","4982","440266","562","8.76","784","840","847","364","18.1","45.0","1.8","29.1","At Risk",6
1036,"d","c","9560","Low risk","Forecastable","Weekly","Standard","4951","412","15.93","40.1","13.1","3431","16030","1177","70491","34657","8.3","MONITOR  - Reorder soon","6.4","1.09","17329","5392","13.1","846","256","3884252","4986","367372","472","10.51","779","838","853","213","18.3","44.9","10.1","22.3","Core",8
480,"a","a","300","Medium risk","Forecastable","Weekly","Standard","4951","1172","15.83","36.4","11.2","5589","18202","3349","72663","34657","23.7","MONITOR  - Reorder soon","6.9","1.01","17329","5019","10.7","846","248","3869738","4936","488793","623","7.83","784","846","859","449","17.6","45.0","1.3","31.4","At Risk",6
188,"d","a","850","Low risk","Hard to forecast","Weekly","Standard","4946","540","23.78","25.0","28.6","4905","16381","1543","70787","34622","10.9","WARNING  - Order within 24hrs","4.8","1.47","34622","7266","32.9","847","701","3884836","4987","341389","438","11.20","779","837","852","161","18.4","44.9","11.6","29.9","At Risk",5
664,"d","c","1680","Low risk","Hard to forecast","Weekly","Standard","4929","810","19.68","32.1","20.9","5087","17102","2315","71321","34503","16.4","MONITOR  - Reorder soon","5.7","1.22","17252","6023","17.2","848","515","3858158","4946","469879","602","8.07","780","845","864","428","17.7","45.0","10.3","30.8","At Risk",6
1035,"a","a","27150","Medium risk","Hard to forecast","Weekly","Standard","4916","1431","20.12","32.4","19.1","6916","18838","4090","72914","34412","29.1","MONITOR  - Reorder soon","6.4","1.09","17206","5352","15.3","849","546","3803794","4877","450423","577","8.34","780","858","878","403","16.2","45.1","0.4","39.2","At Risk",6
265,"a","a","4580","Medium risk","Hard to forecast","Weekly","Standard","4916","1198","20.32","30.3","19.0","6279","18172","3424","72248","34412","24.4","MONITOR  - Reorder soon","5.6","1.25","17206","6139","16.4","849","555","3859812","4955","392036","503","9.67","779","841","862","286","18.0","44.9","3.9","35.7","At Risk",4
531,"a","c","4030","Low risk","Highly forecastable","Weekly","Standard","4910","473","11.13","53.9","4.0","2914","16082","1352","70092","34370","9.6","OK       - Stock sufficient","7.2","0.98","17185","4806","9.2","850","38","3843117","4902","470876","601","8.13","784","853","866","423","16.8","45.0","9.4","19.0","Core",8
462,"a","a","44320","Medium risk","Hard to forecast","Weekly","Standard","4906","1213","17.22","38.5","16.3","5881","18185","3467","72151","34342","24.7","MONITOR  - Reorder soon","6.9","1.01","17171","4978","9.7","851","344","3769419","4833","472848","606","7.89","780","867","887","444","15.4","45.0","-0.6","33.8","At Risk",6
220,"a","a","1000","Low risk","Hard to forecast","Weekly","Standard","4903","667","17.82","34.9","16.0","4403","16615","1906","70548","34321","13.6","OK       - Stock sufficient","7.0","0.99","17161","4872","15.3","852","382","3807392","4906","500228","645","7.56","776","851","876","471","17.1","44.8","-2.2","26.2","Core",6
1106,"a","c","5330","Medium risk","Forecastable","Weekly","Standard","4901","993","13.75","46.0","8.6","4764","17541","2838","71452","34307","20.3","MONITOR  - Reorder soon","6.4","1.09","17154","5358","9.6","853","109","3836971","4894","437169","558","8.70","784","854","870","370","16.7","45.0","7.2","28.4","At Risk",7
804,"c","c","2100","Low risk","Forecastable","Weekly","Standard","4899","546","15.22","41.1","12.0","3691","16257","1560","70146","34293","11.1","MONITOR  - Reorder soon","5.6","1.25","17147","6109","21.6","854","211","3061600","4922","273928","440","11.11","622","850","1036","166","17.1","44.1","6.1","22.2","Core",6
601,"d","a","8220","Low risk","Hard to forecast","Weekly","Standard","4897","418","17.26","37.5","16.8","3610","15886","1195","69753","34279","8.5","MONITOR  - Reorder soon","6.2","1.13","17140","5532","12.6","855","347","3807976","4876","307941","394","12.28","781","859","875","85","16.2","44.8","3.2","23.9","Core",6
758,"a","c","19780","Low risk","Forecastable","Weekly","Standard","4887","859","15.24","38.9","8.3","4583","17116","2455","70873","34209","17.6","MONITOR  - Reorder soon","6.2","1.14","17105","5552","11.6","856","213","3768116","4868","492895","637","7.62","774","861","888","468","16.0","44.7","2.5","26.3","Core",5
268,"a","a","4520","Low risk","Hard to forecast","Weekly","Standard","4886","773","20.48","29.2","24.4","5069","16867","2209","70613","34202","15.8","MONITOR  - Reorder soon","6.8","1.03","17101","5019","20.3","857","564","3826840","4881","468855","598","8.03","784","857","871","432","16.4","45.0","1.5","29.7","At Risk",6
568,"d","c","4270","Low risk","Forecastable","Weekly","Standard","4874","613","14.46","42.8","10.4","3766","16374","1752","69988","34118","12.6","MONITOR  - Reorder soon","5.6","1.24","17059","6065","14.7","858","159","3809325","4877","323256","414","11.70","781","858","873","123","16.2","44.8","16.5","23.7","Core",6
1047,"a","a","3750","Low risk","Hard to forecast","Weekly","Standard","4864","780","19.62","31.2","20.3","4956","16821","2229","70325","34048","16.0","MONITOR  - Reorder soon","6.1","1.14","17024","5561","15.0","859","510","3791124","4885","407902","526","9.17","776","856","882","331","16.5","44.8","2.2","29.8","At Risk",5
845,"d","a","7860","Low risk","Forecastable","Weekly","Standard","4861","453","14.84","43.3","11.5","3356","15878","1295","69349","34027","9.3","MONITOR  - Reorder soon","6.1","1.14","17014","5543","11.7","860","186","3746964","4829","277736","358","13.44","776","869","894","29","15.2","44.8","4.6","21.2","Core",6
485,"d","c","3270","Low risk","Forecastable","Weekly","Standard","4860","538","14.51","42.8","10.4","3553","16118","1538","69578","34020","11.1","WATCH    - Demand surging","5.3","1.32","44906","6406","19.2","861","163","3029769","4871","261854","421","11.50","622","860","1041","136","16.1","44.1","13.4","22.6","Core",6
801,"d","a","48330","Low risk","Hard to forecast","Weekly","Standard","4857","778","19.66","34.7","20.6","4952","16794","2223","70221","33999","16.0","WARNING  - Order within 24hrs","4.9","1.42","33999","6885","18.3","862","513","3798660","4845","371915","474","10.08","784","863","880","253","15.8","45.0","10.3","30.3","At Risk",6
1031,"d","a","590","Low risk","Hard to forecast","Weekly","Standard","4854","729","23.52","25.0","25.8","5346","16645","2083","70039","33978","15.0","MONITOR  - Reorder soon","6.2","1.12","16989","5441","15.1","863","693","3773364","4844","325598","418","11.41","779","864","885","143","15.7","44.9","2.2","30.9","At Risk",4
194,"d","c","16970","Low risk","Forecastable","Weekly","Standard","4854","375","14.52","45.1","11.9","3086","15634","1072","69028","33978","7.7","MONITOR  - Reorder soon","5.6","1.25","16989","6049","17.9","863","164","3752516","4829","324514","418","11.49","777","869","893","137","15.2","44.8","8.8","21.7","Core",7
663,"a","c","7860","Medium risk","Hard to forecast","Weekly","Standard","4852","988","18.33","33.2","18.7","5365","17380","2824","70752","33964","20.4","WARNING  - Order within 24hrs","4.6","1.51","33964","7310","17.9","864","419","3623173","4793","494265","654","7.22","756","875","928","504","14.6","45.1","40.1","33.8","At Risk",6
212,"a","c","15050","Low risk","Hard to forecast","Weekly","Standard","4850","678","17.34","38.4","16.9","4341","16488","1938","69838","33950","14.0","OK       - Stock sufficient","7.0","0.99","16975","4824","11.0","865","352","3744115","4776","361234","461","10.31","784","878","895","232","14.3","45.0","-1.3","26.3","Core",7
1095,"a","a","690","Low risk","Forecastable","Weekly","Standard","4843","844","16.65","37.8","14.7","4717","16941","2412","70214","33901","17.4","MONITOR  - Reorder soon","6.9","1.01","16951","4890","6.4","866","304","3739067","4781","530065","678","6.98","782","877","897","524","14.5","45.1","4.6","28.3","At Risk",7
566,"a","a","3620","Low risk","Forecastable","Weekly","Standard","4837","695","15.74","36.8","10.9","4162","16497","1986","69704","33859","14.4","MONITOR  - Reorder soon","6.1","1.14","16930","5517","12.9","867","244","3845237","4905","427157","545","8.92","784","852","865","354","17.0","45.0","19.0","26.0","Core",7
966,"a","a","760","Low risk","Forecastable","Weekly","Standard","4830","627","14.20","43.7","5.8","3752","16282","1792","69412","33810","13.0","OK       - Stock sufficient","7.1","0.98","16905","4756","13.0","868","140","3753283","4818","475390","610","7.87","779","871","892","446","15.0","44.9","3.5","21.9","Core",8
461,"d","c","1790","Low risk","Hard to forecast","Weekly","Standard","4825","421","19.76","33.8","20.8","3928","15678","1203","68753","33775","8.7","MONITOR  - Reorder soon","6.0","1.16","16888","5609","21.5","869","522","3759643","4839","370263","477","10.06","777","866","891","255","15.5","44.8","-0.2","25.9","Core",6
776,"c","a","700","Low risk","Hard to forecast","Weekly","Standard","4820","635","19.61","34.9","19.6","4516","16275","1815","69295","33740","13.2","MONITOR  - Reorder soon","6.4","1.09","16870","5242","13.2","870","509","3728530","4805","414825","535","8.89","776","873","899","356","14.8","44.8","5.5","27.6","At Risk",4
977,"a","a","520","Medium risk","Hard to forecast","Weekly","Standard","4814","1042","26.44","22.3","31.5","6615","17420","2978","70374","33698","21.6","MONITOR  - Reorder soon","6.2","1.12","16849","5395","17.1","871","742","2974291","4774","318092","511","9.10","623","879","1049","337","14.2","44.1","-4.8","38.4","At Risk",3
924,"a","a","6420","Low risk","Hard to forecast","Weekly","Standard","4810","918","18.30","32.2","16.5","5139","17054","2624","69964","33670","19.1","OK       - Stock sufficient","7.4","0.95","16835","4564","17.0","872","417","3702496","4753","350663","450","10.44","779","885","906","220","13.6","44.9","-1.3","30.1","At Risk",4
1,"c","a","1270","Low risk","Forecastable","Weekly","Standard","4809","343","15.95","38.1","12.1","3172","15407","980","68306","33663","7.1","MONITOR  - Reorder soon","6.9","1.02","16832","4893","13.3","873","258","3716854","4759","440523","564","8.39","781","883","900","398","13.8","44.8","-3.4","21.3","Core",6
793,"d","a","2710","Low risk","Hard to forecast","Weekly","Standard","4806","754","28.74","20.4","34.9","6102","16573","2155","69439","33642","15.7","MONITOR  - Reorder soon","6.1","1.15","16821","5506","24.2","874","753","3764223","4832","356672","458","10.32","779","868","889","231","15.4","44.9","6.2","36.1","At Risk",4
639,"a","a","7780","Low risk","Hard to forecast","Weekly","Standard","4804","949","21.12","31.0","17.8","5612","17124","2712","69968","33628","19.8","OK       - Stock sufficient","7.3","0.96","16814","4588","17.4","875","599","3688329","4735","378581","486","9.62","779","886","911","291","13.5","44.9","-3.8","31.9","At Risk",4
347,"d","c","9360","Low risk","Forecastable","Weekly","Standard","4804","481","14.30","45.6","9.8","3338","15787","1375","68631","33628","10.0","MONITOR  - Reorder soon","5.5","1.27","16814","6124","15.1","875","148","3732856","4804","300454","387","12.36","777","874","898","81","14.7","44.8","13.8","23.0","Core",7
39,"a","a","260","Medium risk","Hard to forecast","Weekly","Standard","4794","1060","24.04","25.8","30.3","6323","17411","3029","70145","33558","22.1","MONITOR  - Reorder soon","6.1","1.14","16779","5484","25.6","876","710","3780153","4853","490471","630","7.52","779","862","884","475","15.9","44.9","11.1","38.4","At Risk",4
530,"a","c","18160","Medium risk","Hard to forecast","Weekly","Standard","4788","1125","22.70","32.1","24.7","6321","17579","3215","70247","33516","23.5","WARNING  - Order within 24hrs","4.0","1.76","33516","8409","14.2","877","666","4198697","4634","680230","751","6.39","906","900","761","556","12.2","39.1","21.0","40.3","At Risk",3
883,"a","a","3200","Low risk","Forecastable","Weekly","Standard","4787","924","14.91","43.5","8.5","4680","17002","2641","69659","33509","19.3","OK       - Stock sufficient","7.4","0.95","16755","4539","14.5","878","192","3714779","4769","391539","503","9.44","779","882","901","306","13.9","44.9","0.1","27.3","At Risk",6
1009,"a","a","230","Low risk","Forecastable","Weekly","Standard","4783","682","12.52","48.4","5.3","3660","16298","1949","68911","33481","14.3","MONITOR  - Reorder soon","6.2","1.14","16741","5434","8.4","879","66","2968299","4772","284969","458","10.40","622","880","1050","224","14.1","44.1","2.3","21.8","Core",6
457,"d","c","13140","Low risk","Hard to forecast","Weekly","Standard","4764","535","17.66","35.4","16.9","3933","15821","1529","68225","33348","11.2","WATCH    - Demand surging","5.3","1.31","43686","6250","14.1","880","373","3010824","4841","269133","433","11.08","622","865","1045","169","15.6","44.1","19.1","26.3","Core",5
240,"a","a","1110","Low risk","Forecastable","Weekly","Standard","4760","573","13.46","41.2","6.9","3469","15918","1638","68278","33320","12.0","OK       - Stock sufficient","7.2","0.97","16660","4631","9.3","881","100","3772636","4812","360447","460","10.41","784","872","886","223","14.9","45.0","4.4","20.6","Core",8
955,"d","c","1690","Low risk","Hard to forecast","Weekly","Standard","4755","551","21.94","30.2","23.7","4556","15840","1575","68145","33285","11.6","MONITOR  - Reorder soon","6.0","1.16","16643","5502","14.5","882","633","3676529","4720","355771","457","10.19","779","891","915","242","13.0","44.9","19.4","29.2","At Risk",5
404,"a","c","1420","Low risk","Forecastable","Weekly","Standard","4752","935","15.46","38.0","9.4","4772","16928","2672","69200","33264","19.7","MONITOR  - Reorder soon","5.5","1.27","16632","6012","17.5","883","228","3631985","4785","433625","571","8.34","759","876","927","403","14.5","44.5","9.8","30.1","At Risk",4
134,"a","a","1200","Low risk","Highly forecastable","Weekly","Standard","4750","754","10.26","54.4","2.1","3548","16405","2155","68655","33250","15.9","OK       - Stock sufficient","7.5","0.94","16625","4457","11.3","884","24","3705099","4726","387764","495","9.56","784","889","905","297","13.2","45.0","-1.4","20.8","Core",8
61,"a","c","350","Low risk","Hard to forecast","Weekly","Standard","4744","488","17.94","36.7","16.3","3827","15627","1395","67811","33208","10.3","MONITOR  - Reorder soon","5.5","1.27","16604","6005","17.1","885","390","3668998","4722","444241","572","8.19","777","890","918","417","13.1","44.8","15.6","25.3","Core",5
505,"a","a","350","Low risk","Hard to forecast","Weekly","Standard","4743","637","18.01","32.9","15.6","4262","16049","1820","68222","33201","13.4","MONITOR  - Reorder soon","6.0","1.16","16601","5493","24.6","886","397","3711170","4776","462013","595","7.95","777","878","904","439","14.3","44.8","3.5","26.0","Core",6
589,"a","c","360","Medium risk","Hard to forecast","Weekly","Standard","4741","1072","34.01","19.7","32.7","7672","17287","3064","69438","33187","22.6","MONITOR  - Reorder soon","5.5","1.28","16594","6052","20.0","887","758","3537175","4679","373858","495","9.09","756","896","952","338","12.6","44.7","27.0","45.0","At Risk",3
1028,"a","a","150","Medium risk","Hard to forecast","Weekly","Standard","4737","987","25.28","22.9","30.3","6243","17032","2821","69139","33159","20.8","MONITOR  - Reorder soon","5.8","1.22","16580","5765","19.1","888","734","3686723","4733","425786","547","8.47","779","887","912","391","13.4","44.9","11.5","37.6","At Risk",4
988,"a","a","30","Low risk","Forecastable","Weekly","Standard","4730","461","14.62","42.7","7.0","3294","15507","1317","67537","33110","9.7","MONITOR  - Reorder soon","6.9","1.02","16555","4823","10.7","889","168","3683288","4698","566446","723","6.49","784","893","914","550","12.8","45.0","-0.7","21.1","Core",8
86,"a","a","480","Low risk","Hard to forecast","Weekly","Standard","4727","595","23.16","26.8","24.6","4829","15881","1700","67878","33089","12.6","OK       - Stock sufficient","7.3","0.96","16545","4533","19.6","890","679","3652727","4695","470659","605","7.66","778","894","922","465","12.7","44.9","1.8","29.2","At Risk",5
183,"a","a","9670","Medium risk","Forecastable","Weekly","Standard","4721","995","15.51","42.4","10.7","4936","17007","2844","68938","33047","21.1","MONITOR  - Reorder soon","6.0","1.17","16524","5509","10.2","891","231","2945836","4821","367233","601","7.93","611","870","1055","441","15.1","44.2","13.8","34.7","At Risk",3
5,"a","a","29910","Medium risk","Hard to forecast","Weekly","Standard","4713","1298","19.78","33.6","21.6","6374","17849","3710","69692","32991","27.5","MONITOR  - Reorder soon","6.7","1.05","16496","4950","13.2","892","523","3642818","4676","418588","537","8.61","779","897","923","379","12.5","45.1","1.7","37.8","At Risk",6
231,"d","c","3840","Low risk","Hard to forecast","Weekly","Standard","4709","362","21.95","26.8","26.3","3989","15162","1035","66961","32963","7.7","WATCH    - Demand surging","5.1","1.38","45489","6502","31.4","893","634","2967114","4770","245380","395","11.96","622","881","1051","105","14.0","44.1","10.7","27.0","At Risk",4
584,"d","a","1360","Low risk","Hard to forecast","Weekly","Standard","4708","364","17.64","35.7","16.7","3414","15164","1040","66952","32956","7.7","MONITOR  - Reorder soon","5.9","1.18","16478","5567","16.5","894","371","3697954","4735","338512","433","10.82","781","886","907","188","13.5","44.8","8.8","23.7","Core",6
858,"a","a","3370","Low risk","Forecastable","Weekly","Standard","4692","573","12.06","47.5","3.5","3255","15714","1638","67326","32844","12.2","MONITOR  - Reorder soon","5.7","1.23","16422","5773","16.9","895","53","2957986","4756","260058","418","11.33","622","884","1054","149","13.7","44.1","8.0","19.9","Core",6
217,"c","a","3150","Low risk","Forecastable","Weekly","Standard","4674","369","14.48","45.6","11.7","2989","15077","1055","66491","32718","7.9","MONITOR  - Reorder soon","6.5","1.08","16359","5039","13.1","896","160","3685496","4701","504018","643","7.26","784","892","913","500","12.9","45.0","6.1","21.2","Core",8
408,"c","a","1560","Low risk","Hard to forecast","Weekly","Standard","4662","333","18.38","30.8","17.8","3401","14938","952","66220","32634","7.1","WATCH    - Demand surging","5.3","1.33","43403","6197","25.1","897","423","3673481","4728","361353","465","10.07","777","888","916","254","13.3","44.8","6.2","23.3","Core",6
852,"c","a","940","Low risk","Hard to forecast","Weekly","Standard","4654","790","18.78","31.6","17.6","4756","16220","2258","67414","32578","17.0","MONITOR  - Reorder soon","6.7","1.05","16289","4888","14.6","898","452","3597687","4607","456050","584","7.83","781","902","930","449","12.0","44.8","-0.6","29.8","At Risk",5
103,"d","c","5210","Low risk","Forecastable","Weekly","Standard","4635","634","13.03","45.7","5.5","3538","15717","1812","66702","32445","13.7","MONITOR  - Reorder soon","6.8","1.02","16223","4744","8.7","899","84","2959073","4689","266040","422","11.05","631","895","1053","172","12.7","44.5","8.0","25.8","Core",5
345,"a","a","120","Low risk","Forecastable","Weekly","Standard","4629","700","16.75","34.7","13.3","4216","15888","2001","66807","32403","15.1","MONITOR  - Reorder soon","6.0","1.16","16202","5368","11.6","900","313","2836062","4560","307503","494","9.16","622","911","1066","332","11.1","44.1","-1.8","25.7","Core",5
549,"a","c","2330","Low risk","Forecastable","Weekly","Standard","4618","479","12.55","47.7","5.1","3025","15223","1369","66021","32326","10.4","MONITOR  - Reorder soon","6.7","1.04","16163","4795","10.6","901","67","3639890","4643","429407","548","8.47","784","898","924","391","12.4","45.0","7.7","19.8","Core",8
142,"a","a","1090","Low risk","Forecastable","Weekly","Standard","4616","680","14.04","44.8","5.8","3796","15791","1943","66567","32312","14.7","OK       - Stock sufficient","7.3","0.96","16156","4417","10.3","902","127","3586489","4604","443045","569","8.05","779","903","935","430","11.9","44.9","0.3","23.1","Core",8
110,"a","c","46590","Low risk","Forecastable","Weekly","Standard","4615","763","15.34","42.6","11.7","4204","16026","2181","66791","32305","16.5","MONITOR  - Reorder soon","5.8","1.22","16153","5608","17.4","903","220","3554993","4534","460552","587","7.69","784","918","946","462","10.3","45.0","1.0","27.1","At Risk",6
422,"a","c","2880","Low risk","Forecastable","Weekly","Standard","4614","357","13.18","49.1","8.8","2758","14862","1020","65616","32298","7.7","OK       - Stock sufficient","7.5","0.94","16149","4331","12.0","904","89","3574303","4559","364186","465","9.77","784","912","940","276","11.0","45.0","4.1","19.8","Core",8
708,"c","c","11470","Medium risk","Hard to forecast","Weekly","Standard","4612","1006","22.61","31.8","25.9","5855","16711","2875","67443","32284","21.8","WATCH    - Demand surging","5.0","1.39","44875","6402","11.2","905","661","3145529","4579","325392","474","9.32","687","906","1023","317","11.7","45.1","56.3","45.1","At Risk",6
364,"a","c","13620","Low risk","Hard to forecast","Weekly","Standard","4605","815","18.90","34.3","15.9","4817","16144","2329","66799","32235","17.7","MONITOR  - Reorder soon","5.4","1.30","16118","5993","18.2","906","460","3510451","4565","437640","569","7.91","769","909","960","442","11.3","45.0","17.0","31.5","At Risk",6
609,"a","a","2070","Low risk","Forecastable","Weekly","Standard","4600","878","12.26","48.6","3.8","4121","16309","2509","66909","32200","19.1","MONITOR  - Reorder soon","6.7","1.05","16100","4817","10.4","907","60","3636230","4638","395622","505","9.18","784","899","925","330","12.3","45.0","4.5","24.6","Promo Driven",8
73,"a","c","1650","Medium risk","Forecastable","Weekly","Standard","4572","996","14.41","43.0","9.4","4729","16562","2846","66854","32004","21.8","MONITOR  - Reorder soon","6.7","1.05","16002","4807","7.0","908","154","3588351","4577","387402","494","9.21","784","907","933","327","11.6","45.0","7.0","29.6","At Risk",6
55,"a","a","720","Medium risk","Hard to forecast","Weekly","Standard","4570","917","20.16","28.5","20.9","5254","16331","2621","66601","31990","20.1","MONITOR  - Reorder soon","6.1","1.14","15995","5205","17.2","909","548","3587212","4599","435992","559","8.12","780","904","934","424","11.8","45.1","19.1","33.4","At Risk",6
874,"a","a","3210","Low risk","Forecastable","Weekly","Standard","4559","449","15.59","39.2","11.4","3314","14960","1283","65109","31913","9.8","MONITOR  - Reorder soon","6.2","1.13","15957","5165","9.7","910","235","3593615","4584","399658","510","8.93","784","905","932","353","11.8","45.0","10.3","22.0","Promo Driven",9
373,"d","c","11120","Low risk","Forecastable","Weekly","Standard","4556","401","15.43","43.1","13.6","3155","14814","1146","64930","31892","8.8","MONITOR  - Reorder soon","6.1","1.15","15946","5233","9.4","911","225","3520201","4531","245955","317","14.22","777","920","957","11","10.1","44.8","9.6","23.6","Core",6
1105,"c","c","330","Low risk","Hard to forecast","Weekly","Standard","4550","706","24.33","25.9","28.2","5181","15668","2018","65718","31850","15.5","MONITOR  - Reorder soon","5.5","1.28","15925","5802","22.8","912","717","3555802","4565","397318","510","8.78","779","909","945","363","11.3","44.9","27.3","34.6","At Risk",4
570,"a","a","180","Low risk","Hard to forecast","Weekly","Standard","4539","830","23.77","32.0","23.1","5455","15989","2372","65918","31773","18.3","OK       - Stock sufficient","7.8","0.90","15887","4099","19.2","913","700","3533080","4535","515535","662","6.73","779","917","954","537","10.4","44.9","-11.4","34.1","At Risk",4
795,"d","a","510","Low risk","Hard to forecast","Weekly","Standard","4535","481","28.45","20.5","35.0","5062","14980","1375","64865","31745","10.6","MONITOR  - Reorder soon","6.4","1.09","15873","4951","24.4","914","751","3547312","4554","364026","467","9.56","779","913","948","297","10.9","44.9","2.4","33.0","At Risk",4
714,"d","c","12070","Low risk","Forecastable","Weekly","Standard","4532","604","16.17","39.8","14.2","3820","15322","1726","65174","31724","13.3","WATCH    - Demand surging","5.2","1.35","42827","6128","16.7","915","271","3538417","4554","257282","331","13.61","777","913","950","26","10.9","44.8","26.0","27.7","At Risk",4
727,"a","a","2050","Low risk","Forecastable","Weekly","Standard","4530","833","16.80","36.8","12.6","4556","15971","2381","65801","31710","18.4","MONITOR  - Reorder soon","6.0","1.17","15855","5318","14.2","916","317","3537376","4529","353663","453","9.90","781","921","951","267","10.1","44.8","4.0","27.9","At Risk",4
710,"d","a","1500","Low risk","Hard to forecast","Weekly","Standard","4523","476","21.51","31.1","24.8","4141","14929","1360","64682","31661","10.5","WATCH    - Demand surging","5.3","1.33","42109","6017","20.4","917","616","2828018","4547","232122","373","12.03","622","914","1067","99","10.8","44.1","9.7","28.7","At Risk",4
405,"a","a","1080","Low risk","Hard to forecast","Weekly","Standard","4517","878","26.53","21.3","29.7","5934","16060","2509","65747","31619","19.4","MONITOR  - Reorder soon","6.3","1.11","15810","5014","20.8","918","743","3521625","4521","379921","488","9.05","779","923","956","342","9.9","44.9","2.2","36.8","At Risk",4
569,"a","a","1340","Low risk","Highly forecastable","Weekly","Standard","4514","812","10.09","58.2","1.4","3622","15863","2321","65517","31598","18.0","OK       - Stock sufficient","7.2","0.97","15799","4399","4.1","919","22","3543332","4520","511836","653","6.95","784","924","949","526","9.8","45.0","0.5","20.9","Core",8
121,"a","a","3570","Medium risk","Forecastable","Weekly","Standard","4507","1033","16.11","39.2","14.1","5027","16473","2952","66050","31549","22.9","OK       - Stock sufficient","7.1","0.99","15775","4447","14.4","920","268","3473474","4453","393208","504","8.84","780","929","964","360","9.3","45.1","1.1","31.0","At Risk",6
660,"a","a","1200","Medium risk","Hard to forecast","Weekly","Standard","4497","1022","19.18","30.3","18.3","5386","16412","2921","65879","31479","22.7","WATCH    - Demand surging","5.0","1.39","43756","6254","22.4","921","478","2871525","4617","309426","497","9.14","622","901","1062","334","12.1","44.1","13.2","34.0","At Risk",3
22,"a","a","1040","Low risk","Forecastable","Weekly","Standard","4488","618","16.16","37.4","12.9","3839","15230","1766","64598","31416","13.8","MONITOR  - Reorder soon","5.6","1.26","15708","5634","15.2","922","270","2801506","4526","312129","504","8.90","619","922","1074","355","10.0","44.1","5.5","25.2","Core",5
596,"c","a","290","Low risk","Forecastable","Weekly","Standard","4486","412","14.58","43.4","9.9","3047","14635","1177","63981","31402","9.2","MONITOR  - Reorder soon","5.6","1.25","15701","5586","16.2","923","166","3532562","4506","547535","698","6.42","784","926","955","554","9.6","45.0","10.1","21.0","Core",8
1077,"a","a","3750","Low risk","Hard to forecast","Weekly","Standard","4484","810","17.83","32.9","16.1","4600","15767","2315","65091","31388","18.1","MONITOR  - Reorder soon","6.7","1.05","15694","4711","16.7","924","383","3497529","4490","386337","496","8.94","779","927","963","352","9.5","44.9","3.9","28.7","At Risk",5
669,"d","a","17080","Low risk","Forecastable","Weekly","Standard","4483","413","14.64","43.4","10.7","3056","14629","1180","63942","31381","9.2","MONITOR  - Reorder soon","5.5","1.27","15691","5711","14.3","925","170","2807854","4514","245019","394","11.41","622","925","1072","143","9.7","44.1","9.6","21.9","Core",6
554,"c","c","1200","Low risk","Highly forecastable","Weekly","Standard","4481","626","10.98","56.1","2.2","3195","15232","1789","64523","31367","14.0","WATCH    - Demand surging","5.3","1.32","41404","5922","11.0","926","36","3513115","4481","428076","546","8.25","784","928","959","411","9.4","45.0","24.9","21.3","Promo Driven",9
1094,"d","a","2380","Low risk","Forecastable","Weekly","Standard","4479","589","14.06","41.0","7.1","3483","15120","1683","64389","31353","13.2","MONITOR  - Reorder soon","5.6","1.24","15677","5552","18.1","927","129","2845473","4575","232530","374","12.17","622","908","1063","90","11.5","44.1","11.1","22.3","Core",6
328,"a","a","3130","Low risk","Forecastable","Weekly","Standard","4466","840","15.29","40.0","9.5","4352","15799","2401","64925","31262","18.8","MONITOR  - Reorder soon","6.8","1.03","15631","4618","15.4","928","217","3452551","4432","405391","520","8.47","779","933","969","391","9.0","44.9","3.8","27.1","At Risk",6
420,"d","c","250","Low risk","Forecastable","Weekly","Standard","4465","469","15.28","39.3","11.3","3290","14735","1340","63850","31255","10.5","WATCH    - Demand surging","5.3","1.33","41569","5939","20.2","929","216","2824092","4540","250784","403","11.16","622","915","1068","164","10.6","44.1","16.5","23.6","Core",5
72,"a","a","2200","Medium risk","Hard to forecast","Weekly","Standard","4465","1138","24.73","26.3","28.2","6408","16647","3252","65762","31255","25.5","MONITOR  - Reorder soon","6.1","1.16","15628","5165","21.2","929","725","2753676","4420","295838","475","9.07","623","935","1077","340","8.8","44.1","2.0","40.1","At Risk",3
1110,"c","c","900","Low risk","Hard to forecast","Weekly","Standard","4464","793","20.39","28.7","20.0","4868","15658","2266","64762","31248","17.8","MONITOR  - Reorder soon","6.5","1.08","15624","4835","13.9","930","558","3548486","4532","422958","540","8.25","783","919","947","411","10.2","45.1","9.9","31.6","At Risk",6
1068,"d","c","5010","Low risk","Hard to forecast","Weekly","Standard","4458","451","17.88","34.5","18.1","3567","14663","1289","63701","31206","10.1","MONITOR  - Reorder soon","5.6","1.24","15603","5545","17.6","931","387","3451074","4442","240516","310","14.24","777","931","970","10","9.2","44.8","10.6","25.4","Core",6
237,"a","a","1420","Low risk","Highly forecastable","Weekly","Standard","4458","476","9.75","59.6","1.8","2603","14734","1360","63772","31206","10.7","OK       - Stock sufficient","7.2","0.97","15603","4334","8.1","931","18","3556217","4536","450589","575","7.91","784","916","943","442","10.5","45.0","5.1","16.7","Promo Driven",9
105,"a","c","6190","Medium risk","Hard to forecast","Weekly","Standard","4457","904","22.43","29.2","20.3","5441","15955","2584","64982","31199","20.3","WATCH    - Demand surging","5.3","1.31","40871","5844","17.3","932","654","3348791","4441","388347","515","8.51","754","932","987","387","9.1","44.8","24.1","38.8","At Risk",3
592,"a","a","2540","Medium risk","Forecastable","Weekly","Standard","4454","896","16.46","37.5","11.8","4656","15923","2561","64917","31178","20.1","OK       - Stock sufficient","7.3","0.96","15589","4260","17.2","933","290","3465390","4449","444038","570","7.74","779","930","965","457","9.2","44.9","1.0","28.8","At Risk",5
557,"a","a","250","Low risk","Hard to forecast","Weekly","Standard","4440","553","22.85","32.3","26.3","4480","14900","1580","63740","31080","12.5","OK       - Stock sufficient","7.2","0.97","15540","4325","24.3","934","669","3410036","4383","525941","676","6.40","778","938","978","555","8.5","45.0","-1.9","29.6","At Risk",6
994,"a","a","2290","Medium risk","Hard to forecast","Weekly","Standard","4439","1045","22.98","22.7","22.7","5902","16303","2986","65132","31073","23.5","MONITOR  - Reorder soon","5.6","1.24","15537","5502","23.4","935","671","3536283","4540","344327","442","10.05","779","915","953","256","10.6","44.9","13.1","38.2","At Risk",4
945,"a","c","12480","Low risk","Forecastable","Weekly","Standard","4413","691","13.95","44.4","8.1","3734","15214","1975","63757","30891","15.7","OK       - Stock sufficient","7.0","0.99","15446","4382","14.4","936","121","3429965","4375","416215","531","8.24","784","940","974","412","8.3","45.0","2.3","25.2","Core",7
700,"a","c","830","Medium risk","Hard to forecast","Weekly","Standard","4406","967","23.76","26.0","28.2","5755","15982","2764","64448","30842","21.9","MONITOR  - Reorder soon","6.1","1.15","15421","5049","12.3","937","699","3297857","4362","399042","528","8.11","756","943","1004","425","8.1","44.6","8.8","38.3","At Risk",3
124,"a","a","1410","Low risk","Forecastable","Weekly","Standard","4393","863","15.02","41.4","10.2","4352","15645","2466","63968","30751","19.6","MONITOR  - Reorder soon","6.9","1.01","15376","4428","21.6","938","201","3446410","4424","409507","526","8.37","779","934","971","400","8.9","44.9","7.9","28.7","At Risk",5
282,"a","a","1220","Low risk","Forecastable","Weekly","Standard","4378","679","14.28","39.0","7.5","3727","15075","1941","63233","30646","15.5","OK       - Stock sufficient","7.1","0.98","15323","4291","8.7","939","146","3456330","4409","502531","641","6.83","784","936","968","533","8.7","45.0","1.5","23.6","Core",7
266,"a","c","360","Medium risk","Hard to forecast","Weekly","Standard","4378","936","17.13","40.6","16.7","4818","15809","2675","63967","30646","21.4","OK       - Stock sufficient","7.0","1.00","15323","4385","7.7","939","338","3424011","4390","414483","531","8.24","780","937","975","412","8.6","45.1","-7.7","31.2","At Risk",6
702,"a","a","8550","Low risk","Hard to forecast","Weekly","Standard","4363","423","20.73","32.2","25.0","3794","14298","1209","62291","30541","9.7","MONITOR  - Reorder soon","5.9","1.19","15271","5188","17.4","940","576","2720610","4374","215970","347","12.46","622","941","1079","76","8.3","44.1","-1.3","26.4","At Risk",4
442,"c","a","500","Low risk","Hard to forecast","Weekly","Standard","4362","415","24.02","25.6","31.1","4180","14272","1186","62254","30534","9.5","WATCH    - Demand surging","5.3","1.33","40610","5811","26.9","941","709","3402587","4379","358458","461","9.35","777","939","979","314","8.4","44.8","9.9","29.2","At Risk",5
867,"d","c","21810","Medium risk","Hard to forecast","Weekly","Standard","4350","925","19.54","41.2","15.7","5073","15694","2644","63544","30450","21.3","MONITOR  - Reorder soon","5.4","1.29","15225","5624","17.2","942","505","3809715","4329","360886","410","10.42","880","944","872","222","8.0","40.2","10.2","32.3","At Risk",3
622,"a","c","2325","Low risk","Forecastable","Weekly","Standard","4342","738","14.93","42.5","10.3","3962","15135","2109","62897","30394","17.0","MONITOR  - Reorder soon","6.2","1.13","15197","4893","13.6","943","194","3385282","4318","337120","430","9.96","784","945","982","264","7.9","45.0","5.3","26.7","At Risk",6
825,"a","a","380","Low risk","Forecastable","Weekly","Standard","4335","303","16.49","35.2","12.8","2909","13871","866","61556","30345","7.0","WATCH    - Demand surging","5.3","1.31","39752","5700","24.0","944","293","2838137","4563","334048","537","8.43","622","910","1065","394","11.2","44.1","16.6","21.3","Core",6
306,"a","a","5100","Low risk","Forecastable","Weekly","Standard","4333","761","13.30","42.6","4.9","3822","15174","2175","62837","30331","17.6","MONITOR  - Reorder soon","5.7","1.24","15166","5353","14.0","945","94","2717435","4369","291021","468","9.29","622","942","1081","320","8.2","44.1","3.7","24.7","Core",5
583,"a","a","2640","Low risk","Forecastable","Weekly","Standard","4327","852","17.04","35.9","14.0","4542","15416","2435","63013","30289","19.7","MONITOR  - Reorder soon","6.5","1.08","15145","4665","13.8","946","334","3363288","4312","350283","449","9.49","780","947","985","303","7.7","45.0","1.6","29.6","At Risk",6
619,"a","a","1600","Medium risk","Hard to forecast","Weekly","Standard","4312","1027","20.83","27.8","22.4","5502","15871","2935","63303","30184","23.8","MONITOR  - Reorder soon","5.5","1.27","15092","5491","19.6","947","582","2676841","4304","266765","429","9.89","622","948","1083","268","7.6","44.1","2.7","35.0","At Risk",3
675,"a","a","2100","Medium risk","Hard to forecast","Weekly","Standard","4305","1049","22.37","29.6","23.6","5750","15913","2998","63268","30135","24.4","OK       - Stock sufficient","7.7","0.91","15068","3910","22.4","948","652","3341266","4278","350178","448","9.45","781","949","993","305","7.5","45.1","-12.9","36.9","At Risk",6
998,"a","a","780","Low risk","Forecastable","Weekly","Standard","4295","402","14.01","43.5","6.8","2869","14034","1149","61279","30065","9.4","MONITOR  - Reorder soon","5.8","1.20","15033","5141","14.5","949","126","3354263","4317","415133","534","8.03","777","946","986","432","7.8","44.8","4.1","20.2","Core",7
315,"a","c","38710","Low risk","Forecastable","Weekly","Standard","4282","803","14.27","45.7","9.6","4041","15141","2295","62243","29974","18.8","MONITOR  - Reorder soon","6.4","1.09","14987","4652","14.2","950","145","3333890","4252","352465","450","9.39","784","954","994","311","7.1","45.0","4.5","27.6","At Risk",7
486,"a","a","2320","Low risk","Hard to forecast","Weekly","Standard","4278","829","19.01","32.5","20.1","4693","15203","2369","62261","29946","19.4","MONITOR  - Reorder soon","6.3","1.11","14973","4737","18.4","951","470","3323793","4267","405098","520","8.08","779","952","998","427","7.3","44.9","7.1","31.7","At Risk",4
908,"a","a","1980","Medium risk","Hard to forecast","Weekly","Standard","4253","1003","24.11","24.3","29.7","5797","15625","2866","62408","29771","23.6","MONITOR  - Reorder soon","6.4","1.10","14886","4662","14.3","952","712","3307400","4235","283561","363","11.38","781","956","1003","146","6.9","44.8","-4.6","37.6","At Risk",4
881,"a","a","180","Medium risk","Hard to forecast","Weekly","Standard","4244","904","23.12","26.3","26.0","5388","15316","2584","62000","29708","21.3","MONITOR  - Reorder soon","6.5","1.08","14854","4597","25.0","953","677","3274150","4203","483296","620","6.64","779","959","1007","541","6.6","44.9","3.2","36.1","At Risk",4
864,"a","a","1020","Low risk","Forecastable","Weekly","Standard","4241","766","15.08","38.9","6.2","4017","14912","2189","61563","29687","18.1","MONITOR  - Reorder soon","5.7","1.22","14844","5190","22.3","954","204","3316575","4268","456851","588","7.22","777","951","1000","504","7.4","44.8","1.0","25.7","Core",6
958,"a","a","440","Low risk","Forecastable","Weekly","Standard","4228","698","12.79","46.5","5.6","3540","14679","1995","61187","29596","16.5","OK       - Stock sufficient","7.9","0.88","14798","3728","7.8","955","76","3327635","4244","441182","563","7.51","784","955","997","476","7.0","45.0","-9.6","22.9","Promo Driven",9
50,"d","a","6260","Low risk","Hard to forecast","Weekly","Standard","4228","383","22.25","29.3","25.5","3783","13779","1095","60287","29596","9.1","MONITOR  - Reorder soon","5.8","1.21","14798","5119","18.1","955","646","3315479","4256","279505","359","11.72","779","953","1001","122","7.2","44.9","5.5","27.8","At Risk",5
1063,"a","c","6250","Low risk","Forecastable","Weekly","Standard","4227","597","16.35","37.3","12.7","3681","14387","1706","60884","29589","14.1","MONITOR  - Reorder soon","6.5","1.07","14795","4525","19.9","956","284","3348689","4271","416261","531","7.95","784","950","988","439","7.5","45.0","11.5","26.1","Core",7
330,"a","c","370","Low risk","Hard to forecast","Weekly","Standard","4210","312","20.09","33.9","21.4","3309","13522","892","59832","29470","7.4","OK       - Stock sufficient","7.0","0.99","14735","4187","15.8","957","544","3245811","4167","348645","448","9.23","779","962","1014","325","6.2","44.9","5.0","25.0","Core",7
751,"a","a","650","Low risk","Forecastable","Weekly","Standard","4209","492","18.15","32.3","14.5","3589","14033","1406","60332","29463","11.7","OK       - Stock sufficient","7.4","0.95","14732","3990","19.0","958","407","3284432","4216","446946","574","7.29","779","957","1005","497","6.8","44.9","-4.6","25.5","Core",7
1065,"a","a","1290","Low risk","Forecastable","Weekly","Standard","4207","768","14.98","39.6","9.2","3996","14816","2195","61093","29449","18.3","MONITOR  - Reorder soon","6.0","1.17","14725","4906","15.8","959","199","2611257","4198","301834","485","8.58","622","960","1088","381","6.4","44.1","3.6","26.1","Core",5
844,"a","a","2030","Medium risk","Hard to forecast","Weekly","Standard","4206","985","21.00","29.3","25.1","5339","15433","2815","61699","29442","23.4","MONITOR  - Reorder soon","6.5","1.07","14721","4508","18.5","960","591","3255217","4179","353844","454","9.05","779","961","1013","342","6.3","44.9","-1.4","35.2","At Risk",4
276,"a","a","2960","Medium risk","Forecastable","Weekly","Standard","4206","923","16.93","36.2","13.8","4673","15256","2638","61522","29442","21.9","OK       - Stock sufficient","7.3","0.96","14721","4034","17.7","960","325","3191132","4091","406340","521","7.81","780","968","1022","451","5.7","45.1","-1.9","30.4","At Risk",6
811,"a","a","410","Low risk","Forecastable","Weekly","Standard","4195","398","13.99","45.8","8.8","2815","13722","1137","59867","29365","9.5","MONITOR  - Reorder soon","6.5","1.08","14683","4545","13.0","961","125","3239518","4132","535292","683","6.02","784","965","1015","568","5.9","45.0","1.2","21.1","Core",8
610,"a","a","660","Low risk","Hard to forecast","Weekly","Standard","4195","778","19.96","34.5","19.6","4616","14808","2223","60953","29365","18.5","OK       - Stock sufficient","7.1","0.99","14683","4157","15.7","961","537","3269954","4198","405391","520","7.95","779","960","1008","439","6.4","44.9","1.6","31.3","At Risk",4
946,"a","a","2220","Low risk","Forecastable","Weekly","Standard","4181","713","16.80","35.2","13.3","4045","14581","2038","60572","29267","17.1","MONITOR  - Reorder soon","6.2","1.12","14634","4696","15.0","962","317","3274470","4203","414924","533","7.81","779","959","1006","451","6.6","44.9","-1.0","27.1","At Risk",6
889,"d","a","18670","Low risk","Hard to forecast","Weekly","Standard","4171","775","18.67","35.2","17.6","4440","14728","2215","60609","29197","18.6","MONITOR  - Reorder soon","6.1","1.15","14599","4794","18.3","963","445","3232661","4144","353304","453","9.05","780","964","1016","342","6.0","45.0","5.0","30.0","At Risk",7
1042,"a","a","3440","Low risk","Hard to forecast","Weekly","Standard","4158","679","18.25","34.5","19.2","4109","14415","1941","60153","29106","16.3","MONITOR  - Reorder soon","6.7","1.04","14553","4343","21.3","964","415","3218244","4131","426002","547","7.45","779","966","1018","481","5.8","44.9","0.5","29.2","At Risk",5
594,"a","a","1790","Medium risk","Forecastable","Weekly","Standard","4138","894","13.26","46.9","5.7","4123","14969","2555","60487","28966","21.6","MONITOR  - Reorder soon","6.7","1.05","14483","4340","9.1","965","92","3258199","4156","358034","457","9.08","784","963","1012","339","6.1","45.0","4.7","27.5","At Risk",6
242,"d","a","6880","Low risk","Hard to forecast","Weekly","Standard","4101","714","25.72","25.9","30.2","5055","14344","2041","59455","28707","17.4","MONITOR  - Reorder soon","6.2","1.13","14354","4645","18.2","966","737","3196707","4093","285726","366","10.96","781","967","1020","178","5.7","44.8","-0.3","35.3","At Risk",4
32,"a","a","2910","Medium risk","Hard to forecast","Weekly","Standard","4088","864","18.77","30.1","18.3","4662","14733","2469","59701","28616","21.1","MONITOR  - Reorder soon","5.8","1.21","14308","4945","16.8","967","451","2526117","4068","296333","477","8.41","621","970","1096","396","5.5","44.1","3.0","31.4","At Risk",3
1013,"a","a","630","Medium risk","Hard to forecast","Weekly","Standard","4073","930","19.21","33.6","19.1","4894","14877","2658","59680","28511","22.8","OK       - Stock sufficient","7.0","1.00","14256","4067","21.1","968","481","3110984","3994","345207","443","8.89","779","972","1030","356","5.2","44.9","-1.5","33.2","At Risk",4
797,"a","a","2090","Low risk","Forecastable","Weekly","Standard","4072","569","16.66","35.7","14.0","3565","13842","1626","58634","28504","14.0","WATCH    - Demand surging","5.0","1.40","39906","5686","17.1","969","305","2617520","4208","257816","414","10.04","622","958","1087","257","6.7","44.1","33.1","26.9","At Risk",4
165,"a","a","3720","Low risk","Forecastable","Weekly","Standard","4056","567","14.90","40.8","9.2","3348","13788","1620","58404","28392","14.0","MONITOR  - Reorder soon","6.2","1.14","14196","4606","10.0","970","191","2486031","3997","262891","423","9.40","622","971","1099","310","5.4","44.1","-2.8","23.3","Core",5
573,"a","a","1190","Low risk","Hard to forecast","Weekly","Standard","4031","563","19.73","32.2","21.2","3882","13702","1609","58043","28217","14.0","MONITOR  - Reorder soon","6.4","1.09","14109","4388","13.9","971","519","2472309","3975","208622","335","11.72","622","976","1101","122","4.8","44.1","-2.8","27.6","At Risk",4
177,"a","a","1250","Medium risk","Hard to forecast","Weekly","Standard","4027","1124","17.47","34.9","15.9","5223","15293","3212","59590","28189","27.9","OK       - Stock sufficient","7.6","0.92","14095","3692","26.6","972","361","3115395","3994","378516","485","8.13","780","972","1029","423","5.2","45.0","0.4","35.8","At Risk",5
1049,"a","a","370","Low risk","Forecastable","Weekly","Standard","4002","413","14.83","38.8","8.6","2876","13186","1180","57208","28014","10.3","MONITOR  - Reorder soon","6.3","1.11","14007","4443","16.4","973","185","2478906","3985","395752","636","6.22","622","975","1100","564","4.9","44.1","0.5","21.8","Core",6
395,"a","a","3620","Low risk","Forecastable","Weekly","Standard","4002","681","14.36","43.9","8.6","3589","13952","1946","57974","28014","17.0","OK       - Stock sufficient","7.1","0.99","14007","3952","13.6","973","152","3107536","3989","404811","520","7.62","779","974","1033","468","5.0","44.9","3.7","25.5","Core",7
274,"b","b","3640","Medium risk","Highly forecastable","Weekly","Standard","3994","1059","10.85","62.6","5.9","4265","15008","3026","58942","27958","26.5","WARNING  - Order within 24hrs","4.7","1.50","27958","5989","26.7","974","34","3794012","4071","925235","993","4.04","932","969","881","579","5.6","38.4","20.7","34.4","At Risk",3
777,"d","c","8250","Low risk","Hard to forecast","Weekly","Standard","3974","487","17.16","37.3","15.9","3341","13314","1392","57028","27818","12.3","WATCH    - Demand surging","5.2","1.34","37276","5306","16.9","975","340","3109262","3991","273048","351","11.26","779","973","1031","155","5.1","44.8","23.6","26.7","At Risk",5
607,"a","a","350","Medium risk","Hard to forecast","Weekly","Standard","3973","1328","29.76","20.3","35.2","7174","15714","3795","59417","27811","33.4","MONITOR  - Reorder soon","6.6","1.06","13906","4226","18.5","976","755","3051294","3902","323807","414","9.18","782","978","1038","330","4.6","45.1","0.7","48.2","At Risk",6
48,"a","a","1060","Low risk","Forecastable","Weekly","Standard","3956","531","14.45","43.0","8.7","3151","13386","1518","56902","27692","13.4","OK       - Stock sufficient","8.2","0.86","13846","3390","10.7","977","158","3085014","3935","336519","429","9.15","784","977","1034","333","4.8","45.0","-11.1","23.0","Promo Driven",9
956,"a","a","2330","Medium risk","Hard to forecast","Weekly","Standard","3954","849","21.79","32.5","24.8","4889","14288","2426","57782","27678","21.5","OK       - Stock sufficient","8.6","0.81","13839","3208","42.6","978","628","2992188","3856","385118","496","7.68","776","986","1046","463","3.9","44.8","-15.8","38.9","At Risk",4
520,"a","c","6900","Low risk","Forecastable","Weekly","Standard","3906","559","14.92","44.3","11.8","3263","13316","1598","56282","27342","14.3","MONITOR  - Reorder soon","5.8","1.21","13671","4739","7.6","979","193","3033870","3870","323837","413","9.30","784","984","1040","319","4.0","45.0","8.6","24.9","Promo Driven",8
117,"a","a","3450","Low risk","Forecastable","Weekly","Standard","3905","770","15.84","37.8","10.7","3968","13916","2201","56871","27335","19.7","OK       - Stock sufficient","7.4","0.95","13668","3698","15.8","980","249","3024044","3882","383319","492","7.81","779","982","1044","451","4.2","44.9","1.0","28.1","At Risk",5
83,"a","a","2710","Low risk","Forecastable","Weekly","Standard","3889","466","15.62","39.3","10.1","3068","12999","1332","55778","27223","12.0","OK       - Stock sufficient","7.4","0.94","13612","3670","14.4","981","236","3028523","3888","269409","346","11.16","779","980","1042","164","4.4","44.9","2.9","22.8","Core",8
873,"a","a","2040","Low risk","Forecastable","Weekly","Standard","3887","724","12.76","48.8","6.9","3487","13730","2069","56487","27209","18.6","OK       - Stock sufficient","7.5","0.93","13605","3607","14.4","982","74","2990009","3833","355880","456","8.37","780","987","1047","400","3.8","45.1","2.5","25.7","Promo Driven",8
379,"d","a","6630","Low risk","Hard to forecast","Weekly","Standard","3865","520","17.50","35.1","15.7","3419","13081","1486","55596","27055","13.5","MONITOR  - Reorder soon","6.2","1.14","13528","4387","11.7","983","363","3059341","3902","366551","468","8.26","784","978","1037","410","4.6","45.0","4.0","25.7","Core",7
743,"a","a","6710","Medium risk","Hard to forecast","Weekly","Standard","3849","944","20.37","32.4","22.1","4939","14245","2698","56584","26943","24.5","MONITOR  - Reorder soon","6.0","1.17","13472","4522","14.7","984","557","2976940","3817","326296","418","8.95","780","988","1048","351","3.7","45.1","6.5","36.5","At Risk",6
538,"a","a","990","Medium risk","Forecastable","Weekly","Standard","3813","816","13.67","44.0","6.1","3822","13771","2332","55714","26691","21.4","OK       - Stock sufficient","7.0","1.00","13346","3823","10.2","985","106","3025475","3859","445253","568","6.74","784","985","1043","536","3.9","45.0","1.1","28.1","At Risk",6
407,"a","a","5890","Low risk","Hard to forecast","Weekly","Standard","3807","319","17.44","34.9","16.1","2809","12333","912","54210","26649","8.4","WATCH    - Demand surging","5.3","1.31","34910","4991","21.4","986","359","2417555","3887","195715","315","12.27","622","981","1103","86","4.3","44.1","12.2","23.7","Core",5
1056,"d","c","5350","Low risk","Hard to forecast","Weekly","Standard","3798","568","17.34","37.1","15.4","3505","13017","1623","54795","26586","15.0","WARNING  - Order within 24hrs","4.6","1.51","26586","5721","21.1","987","352","2415557","3877","230408","370","10.37","623","983","1104","226","4.1","44.1","31.5","29.5","At Risk",4
762,"d","c","1280","Low risk","Hard to forecast","Weekly","Standard","3793","443","19.65","32.2","22.1","3396","12645","1266","54368","26551","11.7","WARNING  - Order within 24hrs","4.9","1.43","26551","5416","25.8","988","512","2965697","3892","297292","390","9.83","762","979","1052","273","4.5","45.0","18.7","30.8","At Risk",6
460,"a","a","34050","Medium risk","Hard to forecast","Weekly","Standard","3769","1067","23.01","29.6","26.6","5528","14356","3049","55815","26383","28.3","MONITOR  - Reorder soon","5.8","1.20","13192","4522","16.1","989","673","2914087","3736","269319","345","10.63","780","992","1057","203","3.3","45.0","3.9","40.7","At Risk",6
332,"a","a","1840","Medium risk","Forecastable","Weekly","Standard","3753","1036","14.80","42.3","9.1","4548","14220","2961","55503","26271","27.6","MONITOR  - Reorder soon","6.9","1.01","13136","3798","10.3","990","183","2908282","3729","391168","501","7.38","780","993","1058","488","3.2","45.0","3.7","34.3","At Risk",5
302,"d","c","2190","Low risk","Hard to forecast","Weekly","Standard","3746","380","21.95","31.9","27.5","3436","12324","1086","53530","26222","10.1","MONITOR  - Reorder soon","5.8","1.20","13111","4493","16.5","991","634","2922724","3742","252528","323","11.45","781","991","1056","139","3.4","44.8","8.6","28.5","At Risk",5
78,"a","a","3510","Low risk","Hard to forecast","Weekly","Standard","3724","564","20.30","32.6","21.9","3772","12784","1612","53748","26068","15.1","MONITOR  - Reorder soon","6.2","1.12","13034","4171","21.8","992","554","2899629","3717","385990","495","7.40","780","994","1059","486","3.1","45.0","5.9","29.4","At Risk",6
879,"d","a","2325","Low risk","Hard to forecast","Weekly","Standard","3721","406","19.65","31.7","20.4","3250","12323","1160","53254","26047","10.9","WATCH    - Demand surging","5.2","1.34","34903","4969","24.9","993","512","2340576","3763","216037","347","10.71","622","990","1109","197","3.5","44.1","9.2","27.0","At Risk",4
649,"a","a","14570","Medium risk","Hard to forecast","Weekly","Standard","3713","1057","20.96","32.2","23.1","5245","14160","3021","55003","25991","28.5","MONITOR  - Reorder soon","6.6","1.06","12996","3920","16.7","994","588","2873358","3684","301609","387","9.35","780","997","1061","314","2.9","45.0","4.2","39.6","At Risk",5
488,"a","c","2890","Low risk","Hard to forecast","Weekly","Standard","3701","389","16.95","36.9","15.1","2905","12215","1112","52926","25907","10.5","MONITOR  - Reorder soon","6.9","1.01","12954","3755","10.8","995","327","2890074","3686","304193","388","9.41","784","996","1060","309","3.0","45.0","1.0","24.0","Promo Driven",8
186,"a","a","290","Low risk","Hard to forecast","Weekly","Standard","3692","321","18.89","28.3","17.6","2911","11993","917","52605","25844","8.7","MONITOR  - Reorder soon","5.6","1.24","12922","4581","18.5","996","459","2353548","3784","237019","381","9.83","622","989","1107","273","3.6","44.1","9.1","24.4","Core",5
642,"c","c","530","Low risk","Forecastable","Weekly","Standard","3661","261","16.26","39.5","13.2","2447","11729","746","52000","25627","7.1","OK       - Stock sufficient","7.7","0.91","12814","3335","11.1","997","278","2845461","3653","373828","480","7.56","779","998","1064","471","2.8","44.9","-0.1","21.5","Core",8
688,"a","a","18760","Medium risk","Hard to forecast","Weekly","Standard","3658","960","21.74","28.5","25.5","5016","13718","2744","53956","25606","26.2","MONITOR  - Reorder soon","6.4","1.09","12803","3973","22.6","998","627","2820350","3616","284035","364","9.75","780","1000","1069","278","2.6","45.0","1.6","38.5","At Risk",6
931,"a","c","1480","Medium risk","Hard to forecast","Weekly","Standard","3632","821","19.74","37.9","17.8","4395","13242","2346","53194","25424","22.6","WARNING  - Order within 24hrs","4.8","1.45","25424","5271","16.1","999","520","3140234","3589","386489","442","8.15","875","1002","1024","421","2.4","40.5","9.0","34.2","At Risk",3
1030,"a","a","36410","Medium risk","Hard to forecast","Weekly","Standard","3629","1009","22.67","28.9","23.8","5235","13771","2884","53690","25403","27.8","MONITOR  - Reorder soon","6.2","1.13","12702","4089","19.5","1000","664","2816323","3611","258896","332","10.73","780","1001","1071","195","2.5","45.0","0.9","39.6","At Risk",5
786,"a","a","290","Medium risk","Hard to forecast","Weekly","Standard","3617","1167","20.73","32.5","18.9","5478","14186","3335","53973","25319","32.3","OK       - Stock sufficient","7.9","0.89","12660","3214","24.6","1001","576","2779666","3564","431356","553","6.35","780","1005","1075","558","2.2","45.0","0.0","40.8","At Risk",6
681,"a","c","620","Low risk","Hard to forecast","Weekly","Standard","3603","558","21.65","29.8","20.6","3824","12404","1595","52037","25221","15.5","WATCH    - Demand surging","5.2","1.33","33544","4809","14.1","1002","622","2731676","3566","375017","490","7.21","766","1004","1078","505","2.2","44.8","9.8","32.2","At Risk",4
772,"d","c","1850","Low risk","Forecastable","Weekly","Standard","3578","364","14.39","43.2","10.0","2512","11774","1040","51132","25046","10.2","MONITOR  - Reorder soon","5.9","1.19","12523","4261","15.6","1003","153","2804862","3582","382210","488","7.28","783","1003","1073","498","2.3","45.0","20.0","23.1","Promo Driven",9
473,"a","a","50","Low risk","Hard to forecast","Weekly","Standard","3573","655","21.25","31.0","23.3","4042","12591","1872","51894","25011","18.3","OK       - Stock sufficient","7.0","1.01","12506","3592","12.5","1004","608","2767243","3552","378998","487","7.21","779","1006","1076","505","2.1","44.9","-0.5","31.5","At Risk",4
1076,"a","c","90","Low risk","Forecastable","Weekly","Standard","3569","562","17.02","35.3","14.6","3342","12313","1606","51572","24983","15.7","MONITOR  - Reorder soon","6.5","1.08","12492","3852","19.4","1005","332","2820000","3620","424905","545","6.56","779","999","1070","546","2.7","44.9","19.2","28.2","At Risk",5
764,"a","c","26490","Medium risk","Hard to forecast","Weekly","Standard","3558","831","20.56","34.3","19.0","4466","13049","2375","52187","24906","23.4","MONITOR  - Reorder soon","5.4","1.30","12453","4639","18.3","1006","569","2714404","3539","303938","396","8.84","767","1007","1082","360","2.0","44.9","16.8","39.1","At Risk",4
263,"a","c","1140","Low risk","Forecastable","Weekly","Standard","3534","565","13.91","40.8","6.9","3020","12217","1615","51091","24738","16.0","WATCH    - Demand surging","5.3","1.33","32902","4692","18.6","1007","118","2306075","3708","221342","356","10.31","622","995","1111","232","3.1","44.1","30.3","25.5","Core",5
861,"c","c","740","Low risk","Forecastable","Weekly","Standard","3518","432","17.83","36.8","14.4","3027","11789","1235","50487","24626","12.3","MONITOR  - Reorder soon","5.5","1.27","12313","4468","15.3","1008","383","2674267","3500","389298","510","6.78","764","1009","1084","534","1.8","44.9","18.3","27.2","At Risk",6
969,"a","c","600","Low risk","Forecastable","Weekly","Standard","3513","425","17.71","34.5","13.8","2993","11754","1215","50397","24591","12.1","WATCH    - Demand surging","5.3","1.31","32214","4612","17.5","1009","376","2645117","3503","452346","599","5.79","755","1008","1085","570","1.9","44.9","20.4","27.0","At Risk",6
897,"c","c","3290","Low risk","Hard to forecast","Weekly","Standard","3495","431","25.24","29.5","31.3","3753","11717","1232","50162","24465","12.3","MONITOR  - Reorder soon","6.5","1.07","12233","3748","15.4","1010","732","2717511","3493","268885","346","10.10","778","1010","1080","251","1.7","45.0","0.3","51.8","At Risk",6
972,"a","a","14960","Medium risk","Hard to forecast","Weekly","Standard","3485","999","23.35","31.3","26.7","5181","13310","2855","51645","24395","28.7","MONITOR  - Reorder soon","6.3","1.11","12198","3873","10.9","1011","688","2402627","3423","272238","388","8.64","702","1012","1106","376","1.5","45.4","2.2","42.9","At Risk",6
837,"a","c","14600","Medium risk","Hard to forecast","Weekly","Standard","3466","817","24.61","23.9","33.5","4773","12733","2335","50859","24262","23.6","MONITOR  - Reorder soon","5.7","1.22","12131","4220","11.8","1012","721","2608765","3474","345575","460","7.40","751","1011","1089","486","1.6","44.7","43.3","43.1","At Risk",3
789,"a","c","9770","Low risk","Highly forecastable","Weekly","Standard","3364","388","9.55","65.7","2.0","2027","11201","1109","48205","23548","11.5","MONITOR  - Reorder soon","5.6","1.25","11774","4208","9.0","1013","15","2626269","3380","364576","469","7.22","777","1013","1086","504","1.4","44.8","17.5","18.6","Core",7
232,"c","c","13570","Low risk","Hard to forecast","Weekly","Standard","3355","465","20.28","31.3","19.7","3273","11394","1329","48299","23485","13.9","WATCH    - Demand surging","5.2","1.35","31705","4530","15.6","1014","553","2583221","3377","232738","304","10.96","765","1014","1090","178","1.3","44.8","15.8","31.5","At Risk",4
970,"a","a","910","Medium risk","Forecastable","Weekly","Standard","3320","957","16.50","33.9","12.5","4301","12695","2735","49215","23240","28.8","OK       - Stock sufficient","8.9","0.79","11620","2616","23.0","1015","294","2573975","3296","312532","400","8.19","781","1015","1091","417","1.3","44.8","-6.3","36.0","At Risk",4
435,"a","a","910","Low risk","Forecastable","Weekly","Standard","3284","582","16.17","39.9","10.5","3181","11515","1663","47639","22988","17.7","OK       - Stock sufficient","7.7","0.91","11494","2987","10.8","1016","271","2553322","3278","299263","384","8.49","779","1017","1093","389","1.1","44.9","-7.3","27.3","At Risk",6
703,"a","a","80","Low risk","Hard to forecast","Weekly","Standard","3282","531","19.82","32.7","19.6","3377","11364","1518","47466","22974","16.2","MONITOR  - Reorder soon","6.9","1.01","11487","3323","12.6","1017","527","2563326","3291","274642","353","9.23","779","1016","1092","325","1.2","44.9","0.8","29.1","At Risk",5
656,"d","a","410","Low risk","Forecastable","Weekly","Standard","3258","214","16.16","39.9","13.6","2116","10386","612","46224","22806","6.6","MONITOR  - Reorder soon","6.5","1.08","11403","3505","18.2","1018","270","2534495","3245","296129","379","8.50","781","1018","1095","388","1.0","44.8","6.3","21.3","Core",6
558,"a","a","3000","Low risk","Hard to forecast","Weekly","Standard","3252","265","17.13","34.2","16.4","2349","10513","757","46285","22764","8.1","MONITOR  - Reorder soon","6.4","1.10","11382","3580","14.0","1019","338","2541355","3242","355175","453","7.11","784","1019","1094","515","0.9","45.0","-5.2","22.2","Promo Driven",9
425,"d","c","1460","Low risk","Forecastable","Weekly","Standard","3234","577","16.01","37.4","9.8","3129","11351","1649","46925","22638","17.8","MONITOR  - Reorder soon","6.8","1.03","11319","3344","20.3","1020","261","2512424","3238","337080","434","7.39","776","1020","1097","487","0.8","44.8","6.4","27.7","At Risk",4
210,"d","a","970","Low risk","Hard to forecast","Weekly","Standard","3225","249","22.25","28.8","27.1","2762","10387","712","45862","22575","7.7","MONITOR  - Reorder soon","6.4","1.10","11288","3545","18.0","1021","646","2488114","3194","254156","326","9.68","779","1021","1098","285","0.7","44.9","6.1","26.6","At Risk",6
219,"a","a","1640","Low risk","Forecastable","Weekly","Standard","3147","595","14.44","42.5","7.7","2999","11141","1700","45758","22029","18.9","MONITOR  - Reorder soon","6.6","1.06","11015","3341","8.7","1022","157","2441162","3134","316620","406","7.67","779","1022","1102","464","0.6","44.9","3.6","26.2","Core",7
794,"c","c","5090","Low risk","Highly forecastable","Weekly","Standard","3054","351","9.23","63.8","2.2","1809","10165","1003","43759","21378","11.5","MONITOR  - Reorder soon","6.5","1.08","10689","3305","5.7","1023","10","2405374","3084","407027","522","5.89","780","1023","1105","569","0.5","45.1","11.8","18.7","Promo Driven",9
841,"a","a","27650","Medium risk","Hard to forecast","Weekly","Standard","3049","801","20.80","33.0","22.5","4102","11436","2289","44975","21343","26.3","OK       - Stock sufficient","7.7","0.91","10672","2777","19.1","1024","580","2318635","2973","321495","412","7.13","780","1025","1110","513","0.4","45.1","-5.2","36.9","At Risk",6
254,"d","a","330","Low risk","Hard to forecast","Weekly","Standard","3014","324","22.16","28.2","25.1","2835","9968","926","43122","21098","10.7","MONITOR  - Reorder soon","5.7","1.22","10549","3677","20.4","1025","642","2341661","3006","201507","259","11.49","779","1024","1108","137","0.4","44.9","10.5","27.7","At Risk",5
198,"a","a","290","High risk","Hard to forecast","Weekly","Standard","2936","1044","37.17","14.5","42.6","6102","11792","2984","44088","20552","35.6","MONITOR  - Reorder soon","6.4","1.10","10276","3220","21.0","1026","761","2268273","2901","264690","338","8.23","782","1027","1113","413","0.2","45.1","0.6","55.1","At Risk",6
208,"c","a","300","Low risk","Hard to forecast","Weekly","Standard","2919","279","18.35","36.9","20.4","2328","9554","797","41663","20433","9.6","MONITOR  - Reorder soon","6.1","1.15","10217","3359","19.5","1027","421","2302052","2936","324162","413","7.05","784","1026","1112","518","0.3","45.0","2.8","24.4","Core",7
543,"c","a","1080","Medium risk","Hard to forecast","Weekly","Standard","2784","625","34.60","14.2","41.6","4539","10138","1786","40762","19488","22.4","MONITOR  - Reorder soon","6.3","1.10","9744","3070","23.6","1028","759","2179287","2790","187583","240","11.23","781","1028","1114","158","0.1","44.8","-3.2","44.4","At Risk",4
307,"a","a","18660","Medium risk","Hard to forecast","Weekly","Standard","2729","683","23.45","27.7","26.7","3781","10139","1952","40158","19103","25.0","MONITOR  - Reorder soon","6.3","1.11","9552","3020","19.0","1029","691","2114322","2704","240704","308","8.64","782","1029","1115","376","0.0","45.1","1.5","38.2","At Risk",6
